group_id,youtube_url,count,index,title_hi,title_en,tags
1,https://youtu.be/OV9LXGOXjgs?si=0izGm1eYkmBS0343,7,1,महामृत्युंजय मंत्र,Mahamrityunjay Mantra,Mantra|Shivji
1,https://youtu.be/OV9LXGOXjgs?si=0izGm1eYkmBS0343,7,437,महामृत्युंजय मंत्र,Mahamrityunjay Mantra,Health|Happiness|Mantra|Strength|Shivji
1,https://youtu.be/OV9LXGOXjgs?si=0izGm1eYkmBS0343,7,603,महामृत्युंजय मंत्र,Mahamrityunjay Mantra,Katha|Wealth|DurjaJi
1,https://youtu.be/OV9LXGOXjgs?si=0izGm1eYkmBS0343,7,665,महामृत्युंजय मंत्र,Mahamrityunjay Mantra,Health|Happiness|Katha|Strength|DurjaJi
1,https://youtu.be/OV9LXGOXjgs?si=0izGm1eYkmBS0343,7,810,महामृत्युंजय,Mahamrityunjay,Aarti|DurjaJi
1,https://youtu.be/OV9LXGOXjgs?si=0izGm1eYkmBS0343,7,839,महामृत्युंजय मंत्र,Mahamrityunjay Mantra,Aarti|Health|DurjaJi
1,https://youtu.be/OV9LXGOXjgs?si=0izGm1eYkmBS0343,7,862,महामृत्युंजय,Mahamrityunjay,Aarti|Health|DurjaJi
2,https://youtu.be/bcs4geISuy0?si=iIlUMsgUwP0VAQdf,7,135,महालक्ष्मी बीज मंत्र,Mahalakshmi Beej Mantra,Mantra|LakshmiJi
2,https://youtu.be/bcs4geISuy0?si=iIlUMsgUwP0VAQdf,7,569,महालक्ष्मी बीज मंत्र,Mahalakshmi Beej Mantra,Mantra|LakshmiJi
2,https://youtu.be/bcs4geISuy0?si=iIlUMsgUwP0VAQdf,7,615,महालक्ष्मी बीज मंत्र,Mahalakshmi Beej Mantra,Katha|DurjaJi
2,https://youtu.be/bcs4geISuy0?si=iIlUMsgUwP0VAQdf,7,729,महालक्ष्मी बीज मंत्र,Mahalakshmi Beej Mantra,Katha|Wealth|Strength|DurjaJi
2,https://youtu.be/bcs4geISuy0?si=iIlUMsgUwP0VAQdf,7,871,महालक्ष्मी मंत्र,Mahalakshmi Mantra,Aarti|Wealth|DurjaJi
2,https://youtu.be/bcs4geISuy0?si=iIlUMsgUwP0VAQdf,7,909,लक्ष्मी बीज मंत्र,Lakshmi Beej Mantra,Aarti|Wealth|DurjaJi
2,https://youtu.be/bcs4geISuy0?si=iIlUMsgUwP0VAQdf,7,910,कुबेर मंत्र,Kuber Mantra,Aarti|Wealth|DurjaJi
3,https://youtu.be/leVoi6kkp3o?si=v3atP52xIcpUEFs8,7,400,श्री रामचंद्र कृपालु,Shri Ramchandra Kripalu,Aarti|DurjaJi
3,https://youtu.be/leVoi6kkp3o?si=v3atP52xIcpUEFs8,7,637,श्री राम स्तुति,Shri Ram Stuti,Happiness|Katha|DurjaJi
3,https://youtu.be/leVoi6kkp3o?si=v3atP52xIcpUEFs8,7,714,राम स्तुति (श्री रामचन्द्र..),Ram Stuti (Shri Ramchandra..),Katha|Knowledge|DurjaJi
3,https://youtu.be/leVoi6kkp3o?si=v3atP52xIcpUEFs8,7,820,श्री राम स्तुति,Shri Ram Stuti,Aarti|Happiness|DurjaJi
3,https://youtu.be/leVoi6kkp3o?si=v3atP52xIcpUEFs8,7,854,राम स्तुति,Ram Stuti,Aarti|Happiness|DurjaJi
3,https://youtu.be/leVoi6kkp3o?si=v3atP52xIcpUEFs8,7,881,श्री राम स्तुति,Shri Ram Stuti,Aarti|Strength|DurjaJi
3,https://youtu.be/leVoi6kkp3o?si=v3atP52xIcpUEFs8,7,929,श्री राम स्तुति,Shri Ram Stuti,Aarti|DurjaJi
4,https://youtu.be/nwRoHC83wx0?si=f1Akd4C3BSvXNJaE,7,601,गायत्री मंत्र,Gayatri Mantra,Katha|DurjaJi
4,https://youtu.be/nwRoHC83wx0?si=f1Akd4C3BSvXNJaE,7,687,गायत्री मंत्र,Gayatri Mantra,Katha|Knowledge|Strength|DurjaJi
4,https://youtu.be/nwRoHC83wx0?si=f1Akd4C3BSvXNJaE,7,809,गायत्री मंत्र,Gayatri Mantra,Aarti|Happiness|DurjaJi
4,https://youtu.be/nwRoHC83wx0?si=f1Akd4C3BSvXNJaE,7,847,गायत्री मंत्र,Gayatri Mantra,Aarti|Health|Knowledge|DurjaJi
4,https://youtu.be/nwRoHC83wx0?si=f1Akd4C3BSvXNJaE,7,872,गायत्री मंत्र,Gayatri Mantra,Aarti|Knowledge|Strength|DurjaJi
4,https://youtu.be/nwRoHC83wx0?si=f1Akd4C3BSvXNJaE,7,903,बुद्धि श्लोक,Buddhi Shlok,Aarti|Knowledge|DurjaJi
4,https://youtu.be/nwRoHC83wx0?si=f1Akd4C3BSvXNJaE,7,918,गायत्री मंत्र,Gayatri Mantra,Aarti|Knowledge|DurjaJi
5,https://youtu.be/3yczGKnskts?si=kXnjK3iThd_asoFy,5,312,अच्युतम केशवम कृष्ण दामोदरम,Achyutam Keshavam Krishna Damodaram,Bhajan|KrishnaJi
5,https://youtu.be/3yczGKnskts?si=kXnjK3iThd_asoFy,5,624,अच्युतम केशवम,Achyutam Keshavam,Katha|DurjaJi
5,https://youtu.be/3yczGKnskts?si=kXnjK3iThd_asoFy,5,930,अच्युतम केशवम कृष्ण दामोदरम,Achyutam Keshavam Krishna Damodaram,Aarti|DurjaJi
5,https://youtu.be/3yczGKnskts?si=kXnjK3iThd_asoFy,5,943,अच्युतम केशवम,Achyutam Keshavam,Aarti|KrishnaJi
5,https://youtu.be/3yczGKnskts?si=kXnjK3iThd_asoFy,5,949,अच्युतम केशवम कृष्ण दामोदरम,Achyutam Keshavam Krishna Damodaram,Aarti|KrishnaJi
6,https://youtu.be/Im5TK-glA9M?si=9nkexVkWvXGF3cUA,5,639,नारायण स्तुति,Narayan Stuti,Happiness|Katha|DurjaJi
6,https://youtu.be/Im5TK-glA9M?si=9nkexVkWvXGF3cUA,5,794,नारायण स्तुति,Narayan Stuti,Aarti|DurjaJi
6,https://youtu.be/Im5TK-glA9M?si=9nkexVkWvXGF3cUA,5,823,नारायण स्तुति,Narayan Stuti,Aarti|DurjaJi
6,https://youtu.be/Im5TK-glA9M?si=9nkexVkWvXGF3cUA,5,856,नारायण स्तुति,Narayan Stuti,Aarti|Happiness|DurjaJi
6,https://youtu.be/Im5TK-glA9M?si=9nkexVkWvXGF3cUA,5,887,नारायण स्तुति,Narayan Stuti,Aarti|Happiness|DurjaJi
7,https://youtu.be/Naruxgq6oMU?si=xqSFGrw15ZFcqKY-,5,231,बीज मंत्र,Beej Mantra,Mantra|GaneshJi
7,https://youtu.be/Naruxgq6oMU?si=xqSFGrw15ZFcqKY-,5,606,गणेश मंत्र,Ganesh Mantra,Katha|DurjaJi
7,https://youtu.be/Naruxgq6oMU?si=xqSFGrw15ZFcqKY-,5,812,गणेश मंत्र,Ganesha Mantra,Aarti|Happiness|Health|DurjaJi
7,https://youtu.be/Naruxgq6oMU?si=xqSFGrw15ZFcqKY-,5,870,गणेश मंत्र,Ganesha Mantra,Aarti|Success|DurjaJi
7,https://youtu.be/Naruxgq6oMU?si=xqSFGrw15ZFcqKY-,5,915,गणेश मूल मंत्र,Ganesh Mool Mantra,Aarti|Success|DurjaJi
8,https://youtu.be/Njc1Hu6WPDU?si=2e_xq2AoGxLJomUg,5,641,सरस्वती स्तुति,Saraswati Stuti,Katha|DurjaJi
8,https://youtu.be/Njc1Hu6WPDU?si=2e_xq2AoGxLJomUg,5,795,सरस्वती स्तुति,Saraswati Stuti,Aarti|DurjaJi
8,https://youtu.be/Njc1Hu6WPDU?si=2e_xq2AoGxLJomUg,5,824,सरस्वती स्तुति,Saraswati Stuti,Aarti|Knowledge|DurjaJi
8,https://youtu.be/Njc1Hu6WPDU?si=2e_xq2AoGxLJomUg,5,859,सरस्वती स्तुति,Saraswati Stuti,Aarti|DurjaJi
8,https://youtu.be/Njc1Hu6WPDU?si=2e_xq2AoGxLJomUg,5,883,सरस्वती स्तुति,Saraswati Stuti,Aarti|Success|Knowledge|DurjaJi
9,https://youtu.be/OC7LQxuhQUU?si=Dk4q0uGOrbCSfm7I,5,142,श्री सूक्तम:,Shri Suktam:,Strotam|LakshmiJi|Navratri
9,https://youtu.be/OC7LQxuhQUU?si=Dk4q0uGOrbCSfm7I,5,576,श्री सूक्तम:,Shri Suktam:,LakshmiJi|Strotam|Navratri
9,https://youtu.be/OC7LQxuhQUU?si=Dk4q0uGOrbCSfm7I,5,740,श्री सूक्तम,Shri Suktam,Katha|Wealth|DurjaJi|Navratri
9,https://youtu.be/OC7LQxuhQUU?si=Dk4q0uGOrbCSfm7I,5,911,श्री सूक्तम,Shri Suktam,Aarti|Wealth|DurjaJi|Navratri
9,https://youtu.be/OC7LQxuhQUU?si=Dk4q0uGOrbCSfm7I,5,924,श्री सूक्तम,Shri Suktam,Aarti|Wealth|DurjaJi|Navratri
10,https://youtu.be/aLKLcvJZ2Hc?si=LghSz9KgBnH3YqXK,5,148,श्री लक्ष्मी चालीसा,Shri Lakshmi Chalisa,Chalisa|LakshmiJi
10,https://youtu.be/aLKLcvJZ2Hc?si=LghSz9KgBnH3YqXK,5,433,श्री लक्ष्मी चालीसा,Shri Lakshmi Chalisa,Aarti|DurjaJi
10,https://youtu.be/aLKLcvJZ2Hc?si=LghSz9KgBnH3YqXK,5,582,श्री लक्ष्मी चालीसा,Shri Lakshmi Chalisa,Chalisa|LakshmiJi
10,https://youtu.be/aLKLcvJZ2Hc?si=LghSz9KgBnH3YqXK,5,685,लक्ष्मी चालीसा,Lakshmi Chalisa,Katha|Wealth|DurjaJi
10,https://youtu.be/aLKLcvJZ2Hc?si=LghSz9KgBnH3YqXK,5,928,लक्ष्मी चालीसा,Lakshmi Chalisa,Aarti|Wealth|DurjaJi
11,https://youtu.be/bc1obsjb58c?si=oQIb1G1Fx1wOJ8Gw,5,0,पंचाक्षरी मन्त्र,Panchakshari Mantra,Mantra|Shivji
11,https://youtu.be/bc1obsjb58c?si=oQIb1G1Fx1wOJ8Gw,5,436,पंचाक्षरी मन्त्र,Panchakshari Mantra,Mantra|Shivji
11,https://youtu.be/bc1obsjb58c?si=oQIb1G1Fx1wOJ8Gw,5,604,शिव मंत्र,Shiv Mantra,Katha|DurjaJi
11,https://youtu.be/bc1obsjb58c?si=oQIb1G1Fx1wOJ8Gw,5,670,सर्व सुरक्षा मंत्र,Sarva Suraksha Mantra,Katha|Strength|DurjaJi
11,https://youtu.be/bc1obsjb58c?si=oQIb1G1Fx1wOJ8Gw,5,774,रुद्र मंत्र,Rudra Mantra,Aarti|DurjaJi
12,https://youtu.be/iWd6VAWduZg?si=qrMcv4ayCSmC3X_q,5,30,मनोजवं मारुततुल्यवेगं मंत्र:,Manojavam Marutatulyavegam Mantra:,Mantra|HanumanJi
12,https://youtu.be/iWd6VAWduZg?si=qrMcv4ayCSmC3X_q,5,466,मनोजवं मारुततुल्यवेगं मंत्र:,Manojavam Marutatulyavegam Mantra:,Mantra|HanumanJi
12,https://youtu.be/iWd6VAWduZg?si=qrMcv4ayCSmC3X_q,5,661,हनुमान स्तुति मंत्र,Hanuman Stuti Mantra,Katha|Strength|DurjaJi
12,https://youtu.be/iWd6VAWduZg?si=qrMcv4ayCSmC3X_q,5,796,हनुमान स्तुति,Hanuman Stuti,Aarti|DurjaJi
12,https://youtu.be/iWd6VAWduZg?si=qrMcv4ayCSmC3X_q,5,838,हनुमान श्लोक,Hanuman Shlok,Aarti|Happiness|Strength|DurjaJi
13,https://youtu.be/y-Xv63obhKI?si=M5eZNo40oYpESgJA,5,213,"आपदामपहर्तारं दातारं सर्वसंपदाम्।
लोकाभिरामं श्रीरामं भूयो भूयो नमाम्यहम्॥","Apadamapahartaram Dataram Sarvasampadam.
Lokabhiramam Shriramam Bhuyo Bhuyo Namamyaham.",Shloka|Ramji
13,https://youtu.be/y-Xv63obhKI?si=M5eZNo40oYpESgJA,5,413,राम रक्षा स्तोत्र,Ram Raksha Stotra,Aarti|DurjaJi
13,https://youtu.be/y-Xv63obhKI?si=M5eZNo40oYpESgJA,5,598,"आपदामपहर्तारं दातारं सर्वसंपदाम्।
लोकाभिरामं श्रीरामं भूयो भूयो नमाम्यहम्॥","Apadamapahartaram Dataram Sarvasampadam.
Lokabhiramam Shriramam Bhuyo Bhuyo Namamyaham.",Shloka|Ramji
13,https://youtu.be/y-Xv63obhKI?si=M5eZNo40oYpESgJA,5,664,राम रक्षा कवच मंत्र,Ram Raksha Kavach Mantra,Katha|DurjaJi
13,https://youtu.be/y-Xv63obhKI?si=M5eZNo40oYpESgJA,5,766,आपदामपहर्तारं दातारं सर्वसंपदाम्,Apadamapahartaram Dataram Sarvasampadam,Aarti|DurjaJi
14,https://youtu.be/AETFvQonfV8?si=YezmW2nYi76Eoi6Q,4,39,हनुमान चालीसा,Hanuman Chalisa,Chalisa|HanumanJi
14,https://youtu.be/AETFvQonfV8?si=YezmW2nYi76Eoi6Q,4,431,श्री हनुमान चालीसा,Shri Hanuman Chalisa,Aarti|DurjaJi
14,https://youtu.be/AETFvQonfV8?si=YezmW2nYi76Eoi6Q,4,475,हनुमान चालीसा,Hanuman Chalisa,Happiness|Chalisa|HanumanJi|Health
14,https://youtu.be/AETFvQonfV8?si=YezmW2nYi76Eoi6Q,4,671,हनुमान चालीसा,Hanuman Chalisa,Katha|DurjaJi
15,https://youtu.be/CIl1O1GwOfk?si=0PLRHfGike1eIJPN,4,47,अतुलितबलधामं श्लोक,Atulitbaladhamam Shlok,Shloka|HanumanJi
15,https://youtu.be/CIl1O1GwOfk?si=0PLRHfGike1eIJPN,4,483,अतुलितबलधामं,Atulitbaladhamam,Shloka|HanumanJi|Strength
15,https://youtu.be/CIl1O1GwOfk?si=0PLRHfGike1eIJPN,4,851,हनुमान स्तुति,Hanuman Stuti,Aarti|Strength|DurjaJi
15,https://youtu.be/CIl1O1GwOfk?si=0PLRHfGike1eIJPN,4,882,हनुमान स्तुति,Hanuman Stuti,Aarti|Strength|DurjaJi
16,https://youtu.be/NE3SWh9_vR4?si=oJOVnsbkOB7Qxw5b,4,116,ओम जय जगदीश हरे,Om Jai Jagdish Hare,Aarti|VishnuJi
16,https://youtu.be/NE3SWh9_vR4?si=oJOVnsbkOB7Qxw5b,4,550,ओम जय जगदीश हरे,Om Jai Jagdish Hare,Aarti|VishnuJi
16,https://youtu.be/NE3SWh9_vR4?si=oJOVnsbkOB7Qxw5b,4,921,ओम जय जगदीश हरे,Om Jai Jagdish Hare,Aarti|Happiness|DurjaJi
16,https://youtu.be/NE3SWh9_vR4?si=oJOVnsbkOB7Qxw5b,4,947,ओम जय जगदीश हरे,Om Jai Jagdish Hare,Aarti|KrishnaJi
17,https://youtu.be/Naruxgq6oMU?si=FcMrbfkDJoW6MNjX,4,60,मूल बीज मंत्र,Mool Beej Mantra,Mantra|GaneshJi
17,https://youtu.be/Naruxgq6oMU?si=FcMrbfkDJoW6MNjX,4,496,मूल बीज मंत्र,Mool Beej Mantra,Mantra|GaneshJi
17,https://youtu.be/Naruxgq6oMU?si=FcMrbfkDJoW6MNjX,4,625,गणेश बीज,Ganesha Beej,Katha|DurjaJi
17,https://youtu.be/Naruxgq6oMU?si=FcMrbfkDJoW6MNjX,4,689,गणेश विद्या मंत्र,Ganesh Vidya Mantra,Katha|Knowledge|DurjaJi
18,https://youtu.be/XAxNnRPoyiU?si=SzEsaZlOfS48Hd-b,4,115,श्री विष्णु स्तुति,Shri Vishnu Stuti,Stuti|VishnuJi
18,https://youtu.be/XAxNnRPoyiU?si=SzEsaZlOfS48Hd-b,4,549,श्री विष्णु स्तुति,Shri Vishnu Stuti,Stuti|VishnuJi
18,https://youtu.be/XAxNnRPoyiU?si=SzEsaZlOfS48Hd-b,4,713,विष्णु स्तुति (शान्ताकारं..),Vishnu Stuti (Shantakaram..),Katha|DurjaJi
18,https://youtu.be/XAxNnRPoyiU?si=SzEsaZlOfS48Hd-b,4,917,विष्णु वंदना,Vishnu Vandana,Aarti|Happiness|DurjaJi
19,https://youtu.be/Zdcth9NndEA?si=cBoFKjOpIFF2NbjP,4,278,महामंत्र,Mahamantra,Mantra|KrishnaJi
19,https://youtu.be/Zdcth9NndEA?si=cBoFKjOpIFF2NbjP,4,605,महामंत्र,Mahamantra,Katha|DurjaJi
19,https://youtu.be/Zdcth9NndEA?si=cBoFKjOpIFF2NbjP,4,811,हरे कृष्ण महामंत्र,Hare Krishna Mahamantra,Aarti|DurjaJi
19,https://youtu.be/Zdcth9NndEA?si=cBoFKjOpIFF2NbjP,4,935,महामंत्र,Mahamantra,Aarti|Health|KrishnaJi
20,https://youtu.be/agqwzb3YzQ0?si=XnSUpCXTo4pmEzDK,4,797,गणेश स्तुति,Ganesh Stuti,Aarti|DurjaJi
20,https://youtu.be/agqwzb3YzQ0?si=XnSUpCXTo4pmEzDK,4,822,गणेश स्तुति,Ganesha Stuti,Aarti|Wealth|DurjaJi
20,https://youtu.be/agqwzb3YzQ0?si=XnSUpCXTo4pmEzDK,4,855,गणेश स्तुति,Ganesha Stuti,Aarti|DurjaJi
20,https://youtu.be/agqwzb3YzQ0?si=XnSUpCXTo4pmEzDK,4,880,गणेश स्तुति,Ganesha Stuti,Aarti|Success|DurjaJi
21,https://youtu.be/f_tCqLX6GNU?si=g9esdPlr_XnbbTWa,4,644,श्री कृष्ण स्तुति,Shri Krishna Stuti,LoveAndRelationship|Katha|DurjaJi
21,https://youtu.be/f_tCqLX6GNU?si=g9esdPlr_XnbbTWa,4,716,कृष्ण स्तुति (कस्तूरी तिलकम..),Krishna Stuti (Kasturi Tilakam..),Katha|Knowledge|DurjaJi
21,https://youtu.be/f_tCqLX6GNU?si=g9esdPlr_XnbbTWa,4,790,कृष्ण स्तुति,Krishna Stuti,Aarti|LoveAndRelationship|DurjaJi
21,https://youtu.be/f_tCqLX6GNU?si=g9esdPlr_XnbbTWa,4,828,कृष्ण स्तुति,Krishna Stuti,Aarti|LoveAndRelationship|DurjaJi
22,https://youtu.be/sdZpM8paUnM?si=nAeAA34E_6X4S8uO,4,629,मधुराष्टकम,Madhurashtakam,Katha|DurjaJi
22,https://youtu.be/sdZpM8paUnM?si=nAeAA34E_6X4S8uO,4,778,मधुराष्टकम,Madhurashtakam,Aarti|DurjaJi
22,https://youtu.be/sdZpM8paUnM?si=nAeAA34E_6X4S8uO,4,942,मधुराष्टकम,Madhurashtakam,Aarti|LoveAndRelationship|KrishnaJi
22,https://youtu.be/sdZpM8paUnM?si=nAeAA34E_6X4S8uO,4,948,मधुराष्टकम (अधरं मधुरं),Madhurashtakam (Adharam Madhuram),Aarti|KrishnaJi
23,https://youtube.com/shorts/7BEYmt8EeX8?si=kqi58ODFW_qjBs1A,4,425,महालक्ष्मी अष्टकम,Mahalakshmi Ashtakam,Aarti|DurjaJi
23,https://youtube.com/shorts/7BEYmt8EeX8?si=kqi58ODFW_qjBs1A,4,759,नमो नमस्तेऽस्तु महामाये श्रीपीठे सुरपूजिते,Namo Namastestu Mahamaye Shripithe Surapujite,Aarti|Wealth|DurjaJi
23,https://youtube.com/shorts/7BEYmt8EeX8?si=kqi58ODFW_qjBs1A,4,916,महालक्ष्मी अष्टकम,Mahalakshmi Ashtakam,Aarti|Wealth|DurjaJi
23,https://youtube.com/shorts/7BEYmt8EeX8?si=kqi58ODFW_qjBs1A,4,923,महालक्ष्मी अष्टकम,Mahalakshmi Ashtakam,Aarti|Strength|Wealth|DurjaJi
24,https://youtu.be/-NqX8zOZ62w?si=DWcjvgR9t3KYkz-D,3,610,सरस्वती मंत्र,Saraswati Mantra,Katha|DurjaJi
24,https://youtu.be/-NqX8zOZ62w?si=DWcjvgR9t3KYkz-D,3,873,सरस्वती मंत्र,Saraswati Mantra,Aarti|Success|DurjaJi
24,https://youtu.be/-NqX8zOZ62w?si=DWcjvgR9t3KYkz-D,3,914,सरस्वती मंत्र,Saraswati Mantra,Aarti|Knowledge|DurjaJi
25,https://youtu.be/-mUoM-sSzkc?si=a3TP0d2Z_b5S-kCr,3,9,शिव चालीसा,Shiv Chalisa,Chalisa|Shivji
25,https://youtu.be/-mUoM-sSzkc?si=a3TP0d2Z_b5S-kCr,3,445,शिव चालीसा,Shiv Chalisa,Chalisa|Shivji
25,https://youtu.be/-mUoM-sSzkc?si=a3TP0d2Z_b5S-kCr,3,673,शिव चालीसा,Shiv Chalisa,Katha|DurjaJi
26,https://youtu.be/1kskWmG_u5Q?si=NtjDNiRY45StpS88,3,793,दुर्गा स्तुति,Durga Stuti,Aarti|Strength|DurjaJi
26,https://youtu.be/1kskWmG_u5Q?si=NtjDNiRY45StpS88,3,826,दुर्गा स्तुति,Durga Stuti,Aarti|Happiness|Strength|DurjaJi
26,https://youtu.be/1kskWmG_u5Q?si=NtjDNiRY45StpS88,3,878,दुर्गा मंत्र,Durga Mantra,Aarti|Success|Strength|DurjaJi
27,https://youtu.be/3rJ4HVA9cII?si=euKFMGNZX2c0rt5p,3,6,शिव पंचाक्षर स्तोत्रम्:,Shiv Panchakshar Stotram:,Strotam|Shivji
27,https://youtu.be/3rJ4HVA9cII?si=euKFMGNZX2c0rt5p,3,429,शिव पंचाक्षर स्तोत्र,Shiv Panchakshar Stotra,Aarti|DurjaJi
27,https://youtu.be/3rJ4HVA9cII?si=euKFMGNZX2c0rt5p,3,442,शिव पंचाक्षर स्तोत्रम्:,Shiv Panchakshar Stotram:,Shivji|Strotam
28,https://youtu.be/3yczGKnskts?si=FvdBzJon0L1sUzSE,3,397,अच्युतम केशवम,Achyutam Keshavam,Aarti|DurjaJi
28,https://youtu.be/3yczGKnskts?si=FvdBzJon0L1sUzSE,3,799,अच्युतम केशवम,Achyutam Keshavam,Aarti|LoveAndRelationship|DurjaJi
28,https://youtu.be/3yczGKnskts?si=FvdBzJon0L1sUzSE,3,897,अच्युतम केशवम,Achyutam Keshavam,Aarti|Happiness|DurjaJi
29,https://youtu.be/6BJR_j4FHz4?si=hRLU-bLSvuuKWHgs,3,222,राम नाम के हीरे मोती,Ram Naam Ke Heere Moti,Bhajan|Ramji
29,https://youtu.be/6BJR_j4FHz4?si=hRLU-bLSvuuKWHgs,3,403,राम नाम के हीरे मोती,Ram Naam Ke Heere Moti,Aarti|DurjaJi
29,https://youtu.be/6BJR_j4FHz4?si=hRLU-bLSvuuKWHgs,3,891,राम नाम के हीरे मोती,Ram Naam Ke Heere Moti,Aarti|Happiness|DurjaJi
30,https://youtu.be/BLn-f2DZN4Y?si=tdz0GGjNGQIWYzX4,3,98,ॐ नमो नारायणाय,Om Namo Narayanaya,Mantra|VishnuJi
30,https://youtu.be/BLn-f2DZN4Y?si=tdz0GGjNGQIWYzX4,3,532,ॐ नमो नारायणाय,Om Namo Narayanaya,Mantra|VishnuJi
30,https://youtu.be/BLn-f2DZN4Y?si=tdz0GGjNGQIWYzX4,3,622,नारायण मंत्र,Narayan Mantra,Katha|DurjaJi
31,https://youtu.be/JSVctoNlPKs?si=W7kvcuUvTsv_KM5A,3,121,त्वमेव माता च पिता त्वमेव,Tvameva Mata Cha Pita Tvameva,Shloka|VishnuJi
31,https://youtu.be/JSVctoNlPKs?si=W7kvcuUvTsv_KM5A,3,555,त्वमेव माता च पिता त्वमेव,Tvameva Mata Cha Pita Tvameva,Shloka|VishnuJi
31,https://youtu.be/JSVctoNlPKs?si=W7kvcuUvTsv_KM5A,3,623,त्वमेव माता च पिता त्वमेव,Tvameva Mata Cha Pita Tvameva,Katha|DurjaJi
32,https://youtu.be/Nod_i0EKVRw?si=dnGltyIGNaTvUMWF,3,821,शिव स्तुति,Shiv Stuti,Aarti|Strength|DurjaJi
32,https://youtu.be/Nod_i0EKVRw?si=dnGltyIGNaTvUMWF,3,850,शिव आरोग्य स्तुति,Shiv Arogya Stuti,Aarti|Health|DurjaJi
32,https://youtu.be/Nod_i0EKVRw?si=dnGltyIGNaTvUMWF,3,886,शिव स्तुति,Shiv Stuti,Aarti|Strength|DurjaJi
33,https://youtu.be/OvimStyyQWI?si=SwrQDOQ7f47RApTT,3,145,महालक्ष्मी कवच,Mahalakshmi Kavach,Strotam|LakshmiJi
33,https://youtu.be/OvimStyyQWI?si=SwrQDOQ7f47RApTT,3,579,महालक्ष्मी कवच,Mahalakshmi Kavach,LakshmiJi|Strotam
33,https://youtu.be/OvimStyyQWI?si=SwrQDOQ7f47RApTT,3,932,महालक्ष्मी कवच,Mahalakshmi Kavach,Aarti|Strength|Wealth|DurjaJi
34,https://youtu.be/WyHFSjN0miU?si=C2PbbebEskn6KqLR,3,246,गणेश चालीसा,Ganesh Chalisa,Chalisa|GaneshJi
34,https://youtu.be/WyHFSjN0miU?si=C2PbbebEskn6KqLR,3,683,गणेश चालीसा,Ganesh Chalisa,Katha|DurjaJi
34,https://youtu.be/WyHFSjN0miU?si=C2PbbebEskn6KqLR,3,752,गणेश चालीसा,Ganesh Chalisa,Katha|DurjaJi
35,https://youtu.be/WyHFSjN0miU?si=pCUb4V5RltoNG-DB,3,72,श्री गणेश चालीसा,Shri Ganesh Chalisa,Chalisa|GaneshJi
35,https://youtu.be/WyHFSjN0miU?si=pCUb4V5RltoNG-DB,3,432,श्री गणेश चालीसा,Shri Ganesh Chalisa,Aarti|DurjaJi
35,https://youtu.be/WyHFSjN0miU?si=pCUb4V5RltoNG-DB,3,506,श्री गणेश चालीसा,Shri Ganesh Chalisa,Chalisa|GaneshJi
36,https://youtu.be/XzqJUoSDHZU?si=8-LAQkUg8tq7ov6T,3,314,छोटी छोटी गईया छोटे छोटे ग्वाल,Chhoti Chhoti Gaiya Chhote Chhote Gwal,Bhajan|KrishnaJi
36,https://youtu.be/XzqJUoSDHZU?si=8-LAQkUg8tq7ov6T,3,409,छोटी छोटी गईया,Chhoti Chhoti Gaiya,Aarti|DurjaJi
36,https://youtu.be/XzqJUoSDHZU?si=8-LAQkUg8tq7ov6T,3,953,छोटी छोटी गईया छोटे छोटे ग्वाल,Chhoti Chhoti Gaiya Chhote Chhote Gwal,Aarti|KrishnaJi
37,https://youtu.be/Yof1Vrh5TK0?si=s3diaEG-5Tn4r_2c,3,331,सर्वमंगल मांगल्ये,Sarvamangala Mangalye,Mantra|DurjaJi
37,https://youtu.be/Yof1Vrh5TK0?si=s3diaEG-5Tn4r_2c,3,853,दुर्गा स्तुति,Durga Stuti,Aarti|Health|DurjaJi
37,https://youtu.be/Yof1Vrh5TK0?si=s3diaEG-5Tn4r_2c,3,888,दुर्गा स्तुति,Durga Stuti,Aarti|DurjaJi
38,https://youtu.be/Yuex2EnsGiY?si=0_Pq00ZXiWo3JeVx,3,253,श्री गणेश जी की आरती,Shri Ganesh Ji Ki Aarti,Aarti|GaneshJi
38,https://youtu.be/Yuex2EnsGiY?si=0_Pq00ZXiWo3JeVx,3,920,जय गणेश देवा,Jai Ganesh Deva,Aarti|DurjaJi
38,https://youtu.be/Yuex2EnsGiY?si=0_Pq00ZXiWo3JeVx,3,945,जय गणेश देवा,Jai Ganesh Deva,Aarti|KrishnaJi
39,https://youtu.be/Yuex2EnsGiY?si=SN2TjtMVVhHmp7gl,3,77,जय गणेश जय गणेश देवा,Jai Ganesh Jai Ganesh Deva,Aarti|GaneshJi
39,https://youtu.be/Yuex2EnsGiY?si=SN2TjtMVVhHmp7gl,3,511,जय गणेश जय गणेश देवा,Jai Ganesh Jai Ganesh Deva,Aarti|GaneshJi
39,https://youtu.be/Yuex2EnsGiY?si=SN2TjtMVVhHmp7gl,3,927,जय गणेश जय गणेश देवा,Jai Ganesh Jai Ganesh Deva,Aarti|DurjaJi
40,https://youtu.be/dnCE-kSHES0?si=cYpIjXtwIhaE19YB,3,399,ऐसी लागी लगन,Aisi Lagi Lagan,Aarti|DurjaJi
40,https://youtu.be/dnCE-kSHES0?si=cYpIjXtwIhaE19YB,3,807,ऐसी लागी लगन,Aisi Lagi Lagan,Aarti|DurjaJi
40,https://youtu.be/dnCE-kSHES0?si=cYpIjXtwIhaE19YB,3,892,ऐसी लागी लगन,Aisi Lagi Lagan,Aarti|DurjaJi
41,https://youtu.be/felGgBmnx-I?si=YoB5C1tli8tX3Kpx,3,277,मुक्ति मंत्र,Mukti Mantra,Mantra|KrishnaJi
41,https://youtu.be/felGgBmnx-I?si=YoB5C1tli8tX3Kpx,3,876,विष्णु मंत्र,Vishnu Mantra,Aarti|DurjaJi
41,https://youtu.be/felGgBmnx-I?si=YoB5C1tli8tX3Kpx,3,934,मूल मंत्र,Mool Mantra,Aarti|Happiness|KrishnaJi
42,https://youtu.be/fsMzgFMMGxA?si=vMcngDgu3vYUf4te,3,348,श्री दुर्गा चालीसा,Shri Durga Chalisa,Chalisa|DurjaJi
42,https://youtu.be/fsMzgFMMGxA?si=vMcngDgu3vYUf4te,3,434,श्री दुर्गा चालीसा,Shri Durga Chalisa,Aarti|DurjaJi
42,https://youtu.be/fsMzgFMMGxA?si=vMcngDgu3vYUf4te,3,672,दुर्गा चालीसा,Durga Chalisa,Katha|DurjaJi
43,https://youtu.be/jB4aaP2X7S4?si=fNw_s_3Ep9aH-uJZ,3,329,बीज मंत्र,Beej Mantra,Mantra|DurjaJi
43,https://youtu.be/jB4aaP2X7S4?si=fNw_s_3Ep9aH-uJZ,3,617,दुर्गा मंत्र,Durga Mantra,Katha|DurjaJi
43,https://youtu.be/jB4aaP2X7S4?si=fNw_s_3Ep9aH-uJZ,3,657,दुर्गा बीज मंत्र,Durga Beej Mantra,Katha|DurjaJi
44,https://youtu.be/n4fZknyZlsk?si=W6avmHz2Bl7IEuMr,3,49,हे दुख भंजन मारुति नंदन,He Dukh Bhanjan Maruti Nandan,Bhajan|HanumanJi
44,https://youtu.be/n4fZknyZlsk?si=W6avmHz2Bl7IEuMr,3,420,हे दुख भंजन मारुति नंदन,He Dukh Bhanjan Maruti Nandan,Aarti|DurjaJi
44,https://youtu.be/n4fZknyZlsk?si=W6avmHz2Bl7IEuMr,3,485,हे दुख भंजन मारुति नंदन,He Dukh Bhanjan Maruti Nandan,HanumanJi|Bhajan
45,https://youtu.be/o5Uk1sxGBZU?si=aIuPQqmzIrromxMt,3,28,हनुमान बीज मंत्र,Hanuman Beej Mantra,Mantra|HanumanJi
45,https://youtu.be/o5Uk1sxGBZU?si=aIuPQqmzIrromxMt,3,464,हनुमान बीज मंत्र,Hanuman Beej Mantra,Mantra|HanumanJi
45,https://youtu.be/o5Uk1sxGBZU?si=aIuPQqmzIrromxMt,3,658,हनुमान बीज मंत्र,Hanuman Beej Mantra,Katha|Strength|DurjaJi
46,https://youtu.be/phOoGvDu_h4?si=XKx4FvAb65DYm0Vv,3,144,लक्ष्मी हृदय स्तोत्र,Lakshmi Hridaya Stotra,Strotam|LakshmiJi
46,https://youtu.be/phOoGvDu_h4?si=XKx4FvAb65DYm0Vv,3,578,लक्ष्मी हृदय स्तोत्र,Lakshmi Hridaya Stotra,LakshmiJi|Strotam
46,https://youtu.be/phOoGvDu_h4?si=XKx4FvAb65DYm0Vv,3,744,लक्ष्मी हृदय स्तोत्र,Lakshmi Hridaya Stotra,Katha|Wealth|DurjaJi
47,https://youtu.be/qb5EuozSWA0?si=1DOqyZO7j9BrmhKi,3,146,अष्टलक्ष्मी स्तोत्र,Ashtalakshmi Stotra,Strotam|LakshmiJi
47,https://youtu.be/qb5EuozSWA0?si=1DOqyZO7j9BrmhKi,3,580,अष्टलक्ष्मी स्तोत्र,Ashtalakshmi Stotra,LakshmiJi|Strotam
47,https://youtu.be/qb5EuozSWA0?si=1DOqyZO7j9BrmhKi,3,743,अष्टलक्ष्मी स्तोत्र,Ashtalakshmi Stotra,Katha|Wealth|DurjaJi
48,https://youtu.be/w7HbgKcQS_w?si=KCJVUE_VkpIA8tKc,3,14,शिव शंकर को जिसने पूजा,Shiv Shankar Ko Jisne Puja,Bhajan|Shivji
48,https://youtu.be/w7HbgKcQS_w?si=KCJVUE_VkpIA8tKc,3,424,शिव शंकर को जिसने पूजा,Shiv Shankar Ko Jisne Puja,Aarti|DurjaJi
48,https://youtu.be/w7HbgKcQS_w?si=KCJVUE_VkpIA8tKc,3,450,शिव शंकर को जिसने पूजा,Shiv Shankar Ko Jisne Puja,Bhajan|Shivji
49,https://youtu.be/yfYUZ6juevk?si=txXjqTklefjUdFv9,3,791,लक्ष्मी स्तुति,Lakshmi Stuti,Aarti|DurjaJi
49,https://youtu.be/yfYUZ6juevk?si=txXjqTklefjUdFv9,3,858,लक्ष्मी आरोग्य स्तुति,Lakshmi Arogya Stuti,Aarti|DurjaJi
49,https://youtu.be/yfYUZ6juevk?si=txXjqTklefjUdFv9,3,884,महालक्ष्मी स्तुति,Mahalakshmi Stuti,Aarti|DurjaJi
50,https://youtube.com/shorts/1mCkCzBIvDo?si=gbomNeAXomyRR6Xw,3,831,गणेश श्लोक,Ganesha Shlok,Aarti|DurjaJi
50,https://youtube.com/shorts/1mCkCzBIvDo?si=gbomNeAXomyRR6Xw,3,902,गणेश श्लोक,Ganesha Shlok,Aarti|DurjaJi
50,https://youtube.com/shorts/1mCkCzBIvDo?si=gbomNeAXomyRR6Xw,3,912,वक्रतुण्ड महाकाय,Vakratunda Mahakaya,Aarti|DurjaJi
51,https://www.youtube.com/live/IhBouQi3D9Q?si=jENRpKbSc3oDZxDg,2,101,कार्तवीर्यार्जुन मंत्र,Kartaviryarjuna Mantra,Mantra|VishnuJi
51,https://www.youtube.com/live/IhBouQi3D9Q?si=jENRpKbSc3oDZxDg,2,535,कार्तवीर्यार्जुन मंत्र,Kartaviryarjuna Mantra,Mantra|VishnuJi
52,https://youtu.be/-1udu-1LpOo?si=pmbGDDSFyq5uJhX0,2,190,श्री राम जय राम जय जय राम,Shri Ram Jai Ram Jai Jai Ram,Mantra|Ramji
52,https://youtu.be/-1udu-1LpOo?si=pmbGDDSFyq5uJhX0,2,620,राम मंत्र,Rama Mantra,Katha|DurjaJi
53,https://youtu.be/-JYk923PASE?si=wruS-9FuWwzEb6X5,2,125,सारे जहाँ के मालिक तेरा ही आसरा है,Sare Jahan Ke Malik Tera Hi Aasra Hai,Bhajan|VishnuJi
53,https://youtu.be/-JYk923PASE?si=wruS-9FuWwzEb6X5,2,559,सारे जहाँ के मालिक तेरा ही आसरा है,Sare Jahan Ke Malik Tera Hi Aasra Hai,Bhajan|VishnuJi
54,https://youtu.be/-ZrQZp2y3PQ?si=hCx7LtL3gBXFjUBg,2,75,सिद्धिविनायक स्तुति,Siddhivinayak Stuti,Stuti|GaneshJi
54,https://youtu.be/-ZrQZp2y3PQ?si=hCx7LtL3gBXFjUBg,2,509,सिद्धिविनायक स्तुति,Siddhivinayak Stuti,Stuti|GaneshJi
55,https://youtu.be/081bLdQKX-Q?si=msq2vM1Qng2BQD9H,2,10,श्री रुद्राष्टकम् (संक्षिप्त अंश - तुलसीदास रचित),Shri Rudrashtakam (Sankshipt Ansh - Tulsidas Rachit),Ashtakam|Shivji
55,https://youtu.be/081bLdQKX-Q?si=msq2vM1Qng2BQD9H,2,446,श्री रुद्राष्टकम् (संक्षिप्त अंश - तुलसीदास रचित),Shri Rudrashtakam (Sankshipt Ansh - Tulsidas Rachit),Ashtakam|Shivji
56,https://youtu.be/0J1aNK16sFM?si=CSef8Vdgn6PlSsmM,2,152,ॐ जय लक्ष्मी माता,Om Jai Lakshmi Mata,Aarti|LakshmiJi
56,https://youtu.be/0J1aNK16sFM?si=CSef8Vdgn6PlSsmM,2,586,ॐ जय लक्ष्मी माता,Om Jai Lakshmi Mata,Aarti|LakshmiJi
57,https://youtu.be/1AOgbhmP0ig?si=41xOtRemY_fBbdT2,2,118,यदा यदा ही धर्मस्य,Yada Yada Hi Dharmasya,Shloka|VishnuJi
57,https://youtu.be/1AOgbhmP0ig?si=41xOtRemY_fBbdT2,2,552,यदा यदा ही धर्मस्य,Yada Yada Hi Dharmasya,Shloka|VishnuJi
58,https://youtu.be/1y2tRqtND1Y?si=wVq_YTMXmSeZFrYr,2,621,कृष्ण शरणम,Krishna Sharanam,Katha|DurjaJi
58,https://youtu.be/1y2tRqtND1Y?si=wVq_YTMXmSeZFrYr,2,817,कृष्ण शरणम,Krishna Sharanam,Aarti|DurjaJi
59,https://youtu.be/2GQ7t3b3PIM?si=LoDVda5DZZXnfd-B,2,76,नमामि ते गजाननं,Namami Te Gajananm,Stuti|GaneshJi
59,https://youtu.be/2GQ7t3b3PIM?si=LoDVda5DZZXnfd-B,2,510,नमामि ते गजाननं,Namami Te Gajananm,Stuti|GaneshJi
60,https://youtu.be/2hUQyXzKgOo?si=dvtDXcOirPxrEizn,2,23,नंदी कैसे बने शिवजी के सवारी,Nandi Kaise Bane Shivji Ke Sawari,Katha|Shivji
60,https://youtu.be/2hUQyXzKgOo?si=dvtDXcOirPxrEizn,2,459,नंदी कैसे बने शिवजी के सवारी,Nandi Kaise Bane Shivji Ke Sawari,Katha|Shivji
61,https://youtu.be/3EnLaJKhO2A?si=7gCDpVLnLz5KZhbG,2,423,इतनी शक्ति हमें देना दाता,Itni Shakti Humein Dena Data,Aarti|DurjaJi
61,https://youtu.be/3EnLaJKhO2A?si=7gCDpVLnLz5KZhbG,2,890,इतनी शक्ति हमें देना दाता,Itni Shakti Humein Dena Data,Aarti|Success|Strength|DurjaJi
62,https://youtu.be/3Y1JGvieOBk?si=wIIGJG8nmjPlyBfv,2,143,कनकधारा स्तोत्र:,Kanakadhara Stotra:,Strotam|LakshmiJi
62,https://youtu.be/3Y1JGvieOBk?si=wIIGJG8nmjPlyBfv,2,577,कनकधारा स्तोत्र:,Kanakadhara Stotra:,LakshmiJi|Strotam
63,https://youtu.be/3_8Z1uqPWZ0?si=2Vlmkq5w0gw_xDCZ,2,8,वेदसार शिव स्तोत्रम्,Vedasar Shiv Stotram,Strotam|Shivji
63,https://youtu.be/3_8Z1uqPWZ0?si=2Vlmkq5w0gw_xDCZ,2,444,वेदसार शिव स्तोत्रम्,Vedasar Shiv Stotram,Shivji|Strotam
64,https://youtu.be/3dmYdRgJsJ4?si=G1IqQRXpQdgix2Pr,2,107,गजेन्द्र मोक्ष स्तोत्र:,Gajendra Moksha Stotra:,Strotam|VishnuJi
64,https://youtu.be/3dmYdRgJsJ4?si=G1IqQRXpQdgix2Pr,2,541,गजेन्द्र मोक्ष स्तोत्र:,Gajendra Moksha Stotra:,Strotam|VishnuJi
65,https://youtu.be/3yczGKnskts?si=--z5nTrp4XW8mSRd,2,122,अच्युतम केशवम कृष्ण दामोदरम,Achyutam Keshavam Krishna Damodaram,Bhajan|VishnuJi
65,https://youtu.be/3yczGKnskts?si=--z5nTrp4XW8mSRd,2,556,अच्युतम केशवम कृष्ण दामोदरम,Achyutam Keshavam Krishna Damodaram,Bhajan|VishnuJi
66,https://youtu.be/4PZzUru94JY?si=unI0BALTYhAIdzmS,2,43,बुद्धिर्बलं यशो धैर्यं निर्भयत्वमरोगता।,Buddhirbalam Yasho Dhairyam Nirbhayatvamarogata.,Shloka|HanumanJi
66,https://youtu.be/4PZzUru94JY?si=unI0BALTYhAIdzmS,2,479,बुद्धिर्बलं यशो धैर्यं निर्भयत्वमरोगता।,Buddhirbalam Yasho Dhairyam Nirbhayatvamarogata.,Shloka|HanumanJi|Strength
67,https://youtu.be/4lokTkaO9xs?si=C19AkxnlrW3NFtQ2,2,24,आखिर क्यों शिवपार्वती ने लिया था अर्धनारीश्वर रूप ?,Aakhir Kyon Shiv-Parvati Ne Liya Tha Ardhanarishwar Roop?,Katha|Shivji
67,https://youtu.be/4lokTkaO9xs?si=C19AkxnlrW3NFtQ2,2,460,आखिर क्यों शिवपार्वती ने लिया था अर्धनारीश्वर रूप ?,Aakhir Kyon Shiv-Parvati Ne Liya Tha Ardhanarishwar Roop?,Katha|Shivji
68,https://youtu.be/5JMFiNOxejY?si=owu81CB4a7qNA6-m,2,155,मेरे घर आओ मां लक्ष्मी,Mere Ghar Aao Maa Lakshmi,Bhajan|LakshmiJi
68,https://youtu.be/5JMFiNOxejY?si=owu81CB4a7qNA6-m,2,589,मेरे घर आओ मां लक्ष्मी,Mere Ghar Aao Maa Lakshmi,Bhajan|LakshmiJi
69,https://youtu.be/5arZWUzAQ2U?si=t1dIPuKyuZOw08Cb,2,667,कार्तिकेय मंत्र,Kartikeya Mantra,Katha|Strength|DurjaJi
69,https://youtu.be/5arZWUzAQ2U?si=t1dIPuKyuZOw08Cb,2,877,कार्तिकेय मंत्र,Kartikeya Mantra,Aarti|Strength|DurjaJi
70,https://youtu.be/61EGpAy4Ids?si=N2hWEO1airA1nztA,2,398,राधे राधे बरसाने वाली,Radhe Radhe Barsane Wali,Aarti|DurjaJi
70,https://youtu.be/61EGpAy4Ids?si=N2hWEO1airA1nztA,2,798,राधे राधे बरसाने वाली,Radhe Radhe Barsane Wali,Aarti|LoveAndRelationship|DurjaJi
71,https://youtu.be/6Ncyh3vwtQI?si=JS1uUNm_AsCNqZUZ,2,105,ॐ अचुताय नमः,Om Achyutaya Namah,Mantra|VishnuJi
71,https://youtu.be/6Ncyh3vwtQI?si=JS1uUNm_AsCNqZUZ,2,539,ॐ अचुताय नमः,Om Achyutaya Namah,Mantra|VishnuJi
72,https://youtu.be/6PfjQNc3J8M?si=G20iarXyjqTOP0wI,2,96,महाभारत लेखन कथा,Mahabharat Lekhan Katha,Katha|GaneshJi
72,https://youtu.be/6PfjQNc3J8M?si=G20iarXyjqTOP0wI,2,530,महाभारत कैसे लिखी गई ?,Mahabharat Kaise Likhi Gayi?,Katha|GaneshJi
73,https://youtu.be/6YC07U56lEE?si=yMIUoQan-D0osO7O,2,769,कात्यायनी मंत्र,Katyayani Mantra,Aarti|LoveAndRelationship|DurjaJi
73,https://youtu.be/6YC07U56lEE?si=yMIUoQan-D0osO7O,2,827,कात्यायनी स्तुति,Katyayani Stuti,Aarti|DurjaJi
74,https://youtu.be/6fl5JFL-SoA?si=uMzDR8I4B2c9dy8-,2,83,गजाननं श्लोक,Gajananm Shloka,Shloka|GaneshJi
74,https://youtu.be/6fl5JFL-SoA?si=uMzDR8I4B2c9dy8-,2,517,गजाननं भूतगणादि,Gajananm Bhuta Ganadi,Shloka|GaneshJi
75,https://youtu.be/7P7XuN_D2nQ?si=H9rP6H9jO-grHqXC,2,149,महालक्ष्म्यष्टकम्,Mahalakshmyashtakam,Ashtakam|LakshmiJi
75,https://youtu.be/7P7XuN_D2nQ?si=H9rP6H9jO-grHqXC,2,583,महालक्ष्म्यष्टकम्,Mahalakshmyashtakam,Ashtakam|LakshmiJi
76,https://youtu.be/7_YKhtWKfX8?si=AWwS-7AgfKFaduT9,2,134,गुरुवार व्रत कथा,Guruvar Vrat Katha,Katha|VishnuJi
76,https://youtu.be/7_YKhtWKfX8?si=AWwS-7AgfKFaduT9,2,568,गुरुवार व्रत कथा,Guruvar Vrat Katha,Katha|VishnuJi
77,https://youtu.be/ABNYMP9z8qk?si=EkfBRWlZWFeDBGaz,2,124,नमो नमो श्री नारायण जय बैकुण्ड बिहारी,Namo Namo Shri Narayan Jai Vaikunth Bihari,Bhajan|VishnuJi
77,https://youtu.be/ABNYMP9z8qk?si=EkfBRWlZWFeDBGaz,2,558,नमो नमो श्री नारायण जय बैकुण्ड बिहारी,Namo Namo Shri Narayan Jai Vaikunth Bihari,Bhajan|VishnuJi
78,https://youtu.be/AXDLxXIbxAs?si=61Ag66LJRXixtINz,2,44,हनुमान गायत्री,Hanuman Gayatri,Shloka|HanumanJi
78,https://youtu.be/AXDLxXIbxAs?si=61Ag66LJRXixtINz,2,480,हनुमान गायत्री,Hanuman Gayatri,Shloka|HanumanJi|Strength
79,https://youtu.be/AXDLxXIbxAs?si=LRLn7ZBIQYzSWhry,2,29,हनुमान गायत्री मंत्र:,Hanuman Gayatri Mantra:,Mantra|HanumanJi
79,https://youtu.be/AXDLxXIbxAs?si=LRLn7ZBIQYzSWhry,2,465,हनुमान गायत्री मंत्र:,Hanuman Gayatri Mantra:,Mantra|HanumanJi
80,https://youtu.be/AjCLVm6gKQc?si=acKj8AiCXoLASvM8,2,36,श्री हनुमान तांडव स्तोत्र,Shri Hanuman Tandav Stotra,Strotam|HanumanJi
80,https://youtu.be/AjCLVm6gKQc?si=acKj8AiCXoLASvM8,2,472,श्री हनुमान तांडव स्तोत्र,Shri Hanuman Tandav Stotra,HanumanJi|Strength|Strotam
81,https://youtu.be/B2Mbb_uUC8E?si=9o3n9FgDqedN50LH,2,686,सरस्वती बीज मंत्र,Saraswati Beej Mantra,Katha|Knowledge|Strength|DurjaJi
81,https://youtu.be/B2Mbb_uUC8E?si=9o3n9FgDqedN50LH,2,776,माँ सरस्वती मंत्र,Maa Saraswati Mantra,Aarti|DurjaJi
82,https://youtu.be/BIK_VYd2RQw?si=XrxIX1rsAAm4V_V9,2,852,सूर्य स्तुति,Surya Stuti,Aarti|DurjaJi
82,https://youtu.be/BIK_VYd2RQw?si=XrxIX1rsAAm4V_V9,2,885,आदित्य स्तुति,Aditya Stuti,Aarti|DurjaJi
83,https://youtu.be/BL5lLnsLUrA?si=tKilMUx3mU_eIVe5,2,160,लक्ष्मी जी की अवतार कथा |,Lakshmi Ji Ki Avatar Katha |,Katha|LakshmiJi
83,https://youtu.be/BL5lLnsLUrA?si=tKilMUx3mU_eIVe5,2,594,लक्ष्मी जी की अवतार कथा |,Lakshmi Ji Ki Avatar Katha |,Katha|LakshmiJi
84,https://youtu.be/BMHSi1dzXzs?si=rn151FPk0nrcDwwa,2,90,हे गौरी नंदन तुमको वन्दन,He Gauri Nandan Tumko Vandan,Bhajan|GaneshJi
84,https://youtu.be/BMHSi1dzXzs?si=rn151FPk0nrcDwwa,2,524,हे गौरी नंदन तुमको वन्दन,He Gauri Nandan Tumko Vandan,Bhajan|GaneshJi
85,https://youtu.be/BYDOl5Sm-HE?si=80FQdV8AYyPkhQOY,2,31,रुद्रावतार हनुमान मंत्र (मूल मंत्र:),Rudravatar Hanuman Mantra (Mool Mantra:),Mantra|HanumanJi
85,https://youtu.be/BYDOl5Sm-HE?si=80FQdV8AYyPkhQOY,2,467,रुद्रावतार हनुमान मंत्र (मूल मंत्र:),Rudravatar Hanuman Mantra (Mool Mantra:),Health|Happiness|Mantra|Strength|HanumanJi
86,https://youtu.be/BhwOproElxU?si=hlOKkSda3B3Cka2O,2,12,ॐ जय शिव ओंकारा,Om Jai Shiv Omkara,Aarti|Shivji
86,https://youtu.be/BhwOproElxU?si=hlOKkSda3B3Cka2O,2,448,ॐ जय शिव ओंकारा,Om Jai Shiv Omkara,Aarti|Shivji
87,https://youtu.be/BjvVJOS7xPE?si=NtPLuZzAbGNbe6gO,2,37,श्री आञ्जनेय द्वादशनाम स्तोत्रम्,Shri Anjaneya Dwadashnam Stotram,Strotam|HanumanJi
87,https://youtu.be/BjvVJOS7xPE?si=NtPLuZzAbGNbe6gO,2,473,श्री आञ्जनेय द्वादशनाम स्तोत्रम्,Shri Anjaneya Dwadashnam Stotram,HanumanJi|Strotam
88,https://youtu.be/C9EespXQCGE?si=IyEpmHHsEOLzOuXF,2,408,मेरा आपकी कृपा से,Mera Aapki Kripa Se,Aarti|DurjaJi
88,https://youtu.be/C9EespXQCGE?si=IyEpmHHsEOLzOuXF,2,894,मेरा आपकी कृपा से,Mera Aapki Kripa Se,Aarti|Success|Health|DurjaJi
89,https://youtu.be/CAc9h7oTjrM?si=oeZgKcwyJsEpKqOo,2,119,कायेन वाचा,Kayena Vacha,Shloka|VishnuJi|PoojaKeSamay
89,https://youtu.be/CAc9h7oTjrM?si=oeZgKcwyJsEpKqOo,2,553,कायेन वाचा,Kayena Vacha,Shloka|VishnuJi|PoojaKeSamay
90,https://youtu.be/CIl1O1GwOfk?si=l5pF_ixmqVuHcdOn,2,41,"अतुलितबलधामं हेमशैलाभदेहं,","Atulitbaladhamam Hemashailabhadeham,",Stuti|HanumanJi
90,https://youtu.be/CIl1O1GwOfk?si=l5pF_ixmqVuHcdOn,2,477,"अतुलितबलधामं हेमशैलाभदेहं,","Atulitbaladhamam Hemashailabhadeham,",HanumanJi|Stuti
91,https://youtu.be/Dlu4KGrnmZg?si=uNHWa9x_7eYIABar,2,53,वीर हनुमाना अति बलवाना,Veer Hanumana Ati Balwana,Bhajan|HanumanJi
91,https://youtu.be/Dlu4KGrnmZg?si=uNHWa9x_7eYIABar,2,489,वीर हनुमाना अति बलवाना,Veer Hanumana Ati Balwana,HanumanJi|Bhajan
92,https://youtu.be/EkAUXHqqaLk?si=c4jgf8zmawRwmVRl,2,108,लक्ष्मी नारायण स्तोत्र,Lakshmi Narayan Stotra,Strotam|VishnuJi
92,https://youtu.be/EkAUXHqqaLk?si=c4jgf8zmawRwmVRl,2,542,लक्ष्मी नारायण स्तोत्र,Lakshmi Narayan Stotra,Strotam|VishnuJi
93,https://youtu.be/FUpzgvsWkL8?si=XDpQmK9jpt227gC0,2,33,प्रमुख मंत्र:,Pramukh Mantra:,Mantra|HanumanJi
93,https://youtu.be/FUpzgvsWkL8?si=XDpQmK9jpt227gC0,2,469,प्रमुख मंत्र:,Pramukh Mantra:,Mantra|HanumanJi|Happiness|Health
94,https://youtu.be/GHBynIok2Lo?si=uHYmAAtpv22yQ64n,2,332,ॐ ह्रीं दुं दुर्गायै नमः,Om Hreem Dum Durgayai Namah,Mantra|DurjaJi
94,https://youtu.be/GHBynIok2Lo?si=uHYmAAtpv22yQ64n,2,662,दुर्गा दुःस्वप्न निवारण,Durga Duhswapna Nivaran,Katha|Strength|DurjaJi
95,https://youtu.be/H2r9M66CQPk?si=VK7SngiMM1nMQ2hZ,2,157,घर में पधारो लक्ष्मी मैया,Ghar Mein Padharo Lakshmi Maiya,Bhajan|LakshmiJi
95,https://youtu.be/H2r9M66CQPk?si=VK7SngiMM1nMQ2hZ,2,591,घर में पधारो लक्ष्मी मैया,Ghar Mein Padharo Lakshmi Maiya,Bhajan|LakshmiJi
96,https://youtu.be/HH_a6aRO1TE?si=oQ72oac9OI-c9FEL,2,40,संकटमोचन हनुमान अष्टक,Sankatmochan Hanuman Ashtak,Ashtakam|HanumanJi
96,https://youtu.be/HH_a6aRO1TE?si=oQ72oac9OI-c9FEL,2,476,संकटमोचन हनुमान अष्टक,Sankatmochan Hanuman Ashtak,Ashtakam|HanumanJi
97,https://youtu.be/HH_a6aRO1TE?si=rTY4-xxT-cJfpz4W,2,51,संकट मोचन नाम तिहारो,Sankat Mochan Naam Tiharo,Bhajan|HanumanJi
97,https://youtu.be/HH_a6aRO1TE?si=rTY4-xxT-cJfpz4W,2,487,संकट मोचन नाम तिहारो,Sankat Mochan Naam Tiharo,HanumanJi|Bhajan
98,https://youtu.be/HaRSDKZPQ3I?si=H1izhPc-mXQi_vT1,2,147,सर्वदेव कृत लक्ष्मी स्तोत्र,Sarvadeva Krit Lakshmi Stotra,Strotam|LakshmiJi
98,https://youtu.be/HaRSDKZPQ3I?si=H1izhPc-mXQi_vT1,2,581,सर्वदेव कृत लक्ष्मी स्तोत्र,Sarvadeva Krit Lakshmi Stotra,LakshmiJi|Strotam
99,https://youtu.be/HblVEP-ecEo?si=XaU9U-v4WoR7-NDE,2,640,शिव मानस स्तुति,Shiv Manas Stuti,Katha|Strength|DurjaJi
99,https://youtu.be/HblVEP-ecEo?si=XaU9U-v4WoR7-NDE,2,710,शिव मानस स्तुति,Shiv Manas Stuti,Katha|Knowledge|DurjaJi
100,https://youtu.be/HdFD5S7pdtw?si=LGbLbPv5GY_tE3Ab,2,13,ध्यान श्लोक (पूजा हेतु),Dhyan Shlok (Puja Hetu),Shloka|Shivji
100,https://youtu.be/HdFD5S7pdtw?si=LGbLbPv5GY_tE3Ab,2,449,ध्यान श्लोक (पूजा हेतु),Dhyan Shlok (Puja Hetu),Shloka|Shivji
101,https://youtu.be/HeqiNrjiCfk?si=EyUBWgbK16-rLLp0,2,736,महालक्ष्मी गायत्री,Mahalakshmi Gayatri,Katha|Wealth|DurjaJi
101,https://youtu.be/HeqiNrjiCfk?si=EyUBWgbK16-rLLp0,2,913,लक्ष्मी गायत्री,Lakshmi Gayatri,Aarti|Wealth|DurjaJi
102,https://youtu.be/HeqiNrjiCfk?si=euAnm4LHlwCrPpSH,2,137,लक्ष्मी गायत्री मंत्र,Lakshmi Gayatri Mantra,Mantra|LakshmiJi
102,https://youtu.be/HeqiNrjiCfk?si=euAnm4LHlwCrPpSH,2,571,लक्ष्मी गायत्री मंत्र,Lakshmi Gayatri Mantra,Mantra|LakshmiJi
103,https://youtu.be/HhLUl36i2gs?si=Qbhw_Rvjr7barqml,2,130,नरसिंह अवतार और प्रह्लाद की कथा,Narsingh Avatar Aur Prahlad Ki Katha,Katha|VishnuJi
103,https://youtu.be/HhLUl36i2gs?si=Qbhw_Rvjr7barqml,2,564,नरसिंह अवतार और प्रह्लाद की कथा,Narsingh Avatar Aur Prahlad Ki Katha,Katha|VishnuJi
104,https://youtu.be/HkdHyXjagiU?si=4GOKIUcqQY6_aHZB,2,139,ॐ धनाय नमो नमः,Om Dhanaya Namo Namah,Mantra|LakshmiJi
104,https://youtu.be/HkdHyXjagiU?si=4GOKIUcqQY6_aHZB,2,573,ॐ धनाय नमो नमः,Om Dhanaya Namo Namah,Mantra|LakshmiJi
105,https://youtu.be/IJfsaSWM7vg?si=dEF6K1qP5r5Mh6vZ,2,56,राम-हनुमान मिलाप,Ram-Hanuman Milap,Katha|HanumanJi
105,https://youtu.be/IJfsaSWM7vg?si=dEF6K1qP5r5Mh6vZ,2,492,भगवान श्री राम और हनुमान जी का प्रथम मिलाप,Bhagwan Shri Ram Aur Hanuman Ji Ka Pratham Milap,HanumanJi|Katha
106,https://youtu.be/IfpaqbjwW6Y?si=0Q_-WTElzyLcpNwT,2,54,हनुमान जन्म कथा,Hanuman Janm Katha,Katha|HanumanJi
106,https://youtu.be/IfpaqbjwW6Y?si=0Q_-WTElzyLcpNwT,2,490,हनुमान जन्म कथा,Hanuman Janm Katha,HanumanJi|Katha
107,https://youtu.be/Ik_zhFLWVA0?si=cC6xuVXf48XoS0dP,2,133,शालिग्राम बनने की कथा,Shaligram Banne Ki Katha,Katha|VishnuJi
107,https://youtu.be/Ik_zhFLWVA0?si=cC6xuVXf48XoS0dP,2,567,शालिग्राम बनने की कथा,Shaligram Banne Ki Katha,Katha|VishnuJi
108,https://youtu.be/Im5TK-glA9M?si=HrtM-508EyU_APJO,2,104,शान्ताकारं भुजगशयनं पद्मनाभं सुरेशं,Shantakaram Bhujagashayanam Padmanabham Suresham,Mantra|VishnuJi
108,https://youtu.be/Im5TK-glA9M?si=HrtM-508EyU_APJO,2,538,शान्ताकारं भुजगशयनं पद्मनाभं सुरेशं,Shantakaram Bhujagashayanam Padmanabham Suresham,Mantra|VishnuJi
109,https://youtu.be/JCU2B7718PY?si=YHivudgRSSDMI3uY,2,127,सत्यनारायण व्रत कथा:,Satyanarayan Vrat Katha:,Katha|VishnuJi
109,https://youtu.be/JCU2B7718PY?si=YHivudgRSSDMI3uY,2,561,सत्यनारायण व्रत कथा:,Satyanarayan Vrat Katha:,Katha|VishnuJi
110,https://youtu.be/JGi64RoqZ9g?si=LzuKJAoqe1TsPcav,2,57,हनुमान जनम कथा,Hanuman Janm Katha,Katha|HanumanJi
110,https://youtu.be/JGi64RoqZ9g?si=LzuKJAoqe1TsPcav,2,493,हनुमान जनम कथा,Hanuman Janm Katha,HanumanJi|Katha
111,https://youtu.be/JfXPpBVPkcU?si=fMvP8aJMsyMYOHU3,2,11,शिव स्तुति,Shiv Stuti,Stuti|Shivji
111,https://youtu.be/JfXPpBVPkcU?si=fMvP8aJMsyMYOHU3,2,447,शिव स्तुति,Shiv Stuti,Happiness|Stuti|Shivji
112,https://youtu.be/KP_dAI4k1Dg?si=ssSVFPUldb97cxGY,2,91,गजानन कर दो बेड़ा पार,Gajaanana Kar Do Beda Paar,Bhajan|GaneshJi
112,https://youtu.be/KP_dAI4k1Dg?si=ssSVFPUldb97cxGY,2,525,हे गौरी नंदन तुमको वंदन,He Gauri Nandan Tumko Vandan,Bhajan|GaneshJi
113,https://youtu.be/LG28JZIvNsc?si=aHLn3k0UYaxwBxWH,2,117,नमोऽस्त्वनन्ताय,Namostvanantaya,Shloka|VishnuJi
113,https://youtu.be/LG28JZIvNsc?si=aHLn3k0UYaxwBxWH,2,551,नमोऽस्त्वनन्ताय,Namostvanantaya,Shloka|VishnuJi
114,https://youtu.be/LNrQLgfTGJA?si=Ny6Y5AKVVghnbuXG,2,632,दक्षिणमूर्ति स्तोत्रम,Dakshinamurti Stotram,Katha|Knowledge|DurjaJi
114,https://youtu.be/LNrQLgfTGJA?si=Ny6Y5AKVVghnbuXG,2,701,दक्षिणमूर्ति स्तोत्र,Dakshinamurti Stotra,Katha|Knowledge|DurjaJi
115,https://youtu.be/Ly_Md1OOyTE?si=nCT-_G7dkRiPuF7QQ,2,4,शिव स्तुति मंत्र,Shiv Stuti Mantra,Mantra|Shivji
115,https://youtu.be/Ly_Md1OOyTE?si=nCT-_G7dkRiPuF7QQ,2,440,शिव स्तुति मंत्र,Shiv Stuti Mantra,Mantra|Happiness|Shivji
116,https://youtu.be/MJ14wONWjWg?si=DEpgPZC7NuC6rPgX,2,172,शनि चालीसा,Shani Chalisa,Chalisa|ShaniiDevJi
116,https://youtu.be/MJ14wONWjWg?si=DEpgPZC7NuC6rPgX,2,677,शनि चालीसा,Shani Chalisa,Katha|DurjaJi
117,https://youtu.be/MMVH6vPr2mo?si=jIy2ahvcXaIKa1xJ,2,150,महा लक्ष्मी स्तुति,Maha Lakshmi Stuti,Stuti|LakshmiJi
117,https://youtu.be/MMVH6vPr2mo?si=jIy2ahvcXaIKa1xJ,2,584,महा लक्ष्मी स्तुति,Maha Lakshmi Stuti,Stuti|LakshmiJi
118,https://youtu.be/MoJw2s6q4P0?si=R2XibwgmtcN1lazL,2,201,श्री राम चालीसा,Shri Ram Chalisa,Chalisa|Ramji
118,https://youtu.be/MoJw2s6q4P0?si=R2XibwgmtcN1lazL,2,678,राम चालीसा,Ram Chalisa,Katha|DurjaJi
119,https://youtu.be/MuVrsDfgwI0?si=TpM7uKaIrn00Acbk,2,99,श्रीमन नारायण नारायण हरी हरी,Shriman Narayan Narayan Hari Hari,Mantra|VishnuJi
119,https://youtu.be/MuVrsDfgwI0?si=TpM7uKaIrn00Acbk,2,533,श्रीमन नारायण नारायण हरी हरी,Shriman Narayan Narayan Hari Hari,Mantra|VishnuJi
120,https://youtu.be/MuVrsDfgwI0?si=ttg63rMJqtDATiJg,2,123,श्रीमन नारायण नारायण हरी हरी,Shriman Narayan Narayan Hari Hari,Bhajan|VishnuJi
120,https://youtu.be/MuVrsDfgwI0?si=ttg63rMJqtDATiJg,2,557,श्रीमन नारायण नारायण हरी हरी,Shriman Narayan Narayan Hari Hari,Bhajan|VishnuJi
121,https://youtu.be/My9aRwekYGk?si=jbP4Jiv89W7Ij-D7,2,26,12 ज्योतिर्लिंग की कथाएँ क्या है?,12 Jyotirling Ki Kathayein Kya Hai?,Katha|Shivji
121,https://youtu.be/My9aRwekYGk?si=jbP4Jiv89W7Ij-D7,2,462,12 ज्योतिर्लिंग की कथाएँ क्या है?,12 Jyotirling Ki Kathayein Kya Hai?,Katha|Shivji
122,https://youtu.be/NE3SWh9_vR4?si=z8FGFGAzZeFHBd2I,2,857,विष्णु स्तुति,Vishnu Stuti,Aarti|DurjaJi
122,https://youtu.be/NE3SWh9_vR4?si=z8FGFGAzZeFHBd2I,2,889,विष्णु स्तुति,Vishnu Stuti,Aarti|Wealth|DurjaJi
123,https://youtu.be/OhF0O9nb5t8?si=FNJNYprwyEwqcGsC,2,32,आंजनेय मंत्र,Anjaneya Mantra,Mantra|HanumanJi
123,https://youtu.be/OhF0O9nb5t8?si=FNJNYprwyEwqcGsC,2,468,आंजनेय मंत्र,Anjaneya Mantra,Mantra|HanumanJi|Strength
124,https://youtu.be/PHYOoKN1eRA?si=ss-wUy5JBBGT5IWO,2,74,तुलसीदास कृत श्री गणेश स्तुति,Tulsidas Krit Shri Ganesh Stuti,Stuti|GaneshJi
124,https://youtu.be/PHYOoKN1eRA?si=ss-wUy5JBBGT5IWO,2,508,तुलसीदास कृत श्री गणेश स्तुति,Tulsidas Krit Shri Ganesh Stuti,Stuti|GaneshJi
125,https://youtu.be/PT1CwFIoc98?si=xAYsyfQq1WC7E0z_,2,215,ठुमक चलत रामचंद्र बाजत पैंजनिया,Thumak Chalat Ramchandra Bajat Painjaniya,Bhajan|Ramji
125,https://youtu.be/PT1CwFIoc98?si=xAYsyfQq1WC7E0z_,2,931,ठुमक चलत रामचंद्र,Thumak Chalat Ramchandra,Aarti|DurjaJi
126,https://youtu.be/PYhoZ9zUFNA?si=BZ6-5dOq0gfaUpBH,2,162,दीपावली की कथा:,Deepawali Ki Katha:,Katha|LakshmiJi
126,https://youtu.be/PYhoZ9zUFNA?si=BZ6-5dOq0gfaUpBH,2,596,दीपावली की कथा:,Deepawali Ki Katha:,Katha|LakshmiJi
127,https://youtu.be/PvdeDNeCiQc?si=GEiACiPyXCFv9oen,2,635,कृष्ण अष्टकम,Krishna Ashtakam,Katha|DurjaJi
127,https://youtu.be/PvdeDNeCiQc?si=GEiACiPyXCFv9oen,2,784,कृष्ण अष्टकम,Krishna Ashtakam,Aarti|LoveAndRelationship|DurjaJi
128,https://youtu.be/PzjSJIswc6s?si=VeKkvGCYklpFQt0d,2,38,पंचमुखी हनुमान स्तोत्र,Panchmukhi Hanuman Stotra,Strotam|HanumanJi
128,https://youtu.be/PzjSJIswc6s?si=VeKkvGCYklpFQt0d,2,474,पंचमुखी हनुमान स्तोत्र,Panchmukhi Hanuman Stotra,HanumanJi|Health|Strotam
129,https://youtu.be/QI_N_P6aZ7s?si=liGVZcINpHYs6PdJ,2,140,सर्वबाधा निवारण मंत्र,Sarvabadha Nivaran Mantra,Mantra|LakshmiJi
129,https://youtu.be/QI_N_P6aZ7s?si=liGVZcINpHYs6PdJ,2,574,सर्वबाधा निवारण मंत्र,Sarvabadha Nivaran Mantra,Mantra|LakshmiJi
130,https://youtu.be/RDWtngDhknA?si=6BoczvScrpmaOros,2,153,नमस्तेऽस्तु महामाये,Namastestu Mahamaye,Shloka|LakshmiJi
130,https://youtu.be/RDWtngDhknA?si=6BoczvScrpmaOros,2,587,नमस्तेऽस्तु महामाये,Namastestu Mahamaye,Shloka|LakshmiJi
131,https://youtu.be/RIYVVqu2XY4?si=zZcShWvTzV_kAWCQ,2,402,यशोमती मैया से बोले,Yashomati Maiya Se Bole,Aarti|DurjaJi
131,https://youtu.be/RIYVVqu2XY4?si=zZcShWvTzV_kAWCQ,2,950,यशोमती मैया से बोले नंदलाला,Yashomati Maiya Se Bole Nandlala,Aarti|KrishnaJi
132,https://youtu.be/S980-z1qx3g?si=skvwCt7XGHenuWbP,2,5,शिव तांडव स्तोत्रम (संक्षिप्त अंश - रावण रचित) [1],Shiv Tandav Stotram,Strotam|Shivji
132,https://youtu.be/S980-z1qx3g?si=skvwCt7XGHenuWbP,2,441,शिव तांडव स्तोत्रम (संक्षिप्त अंश - रावण रचित) [1],Shiv Tandav Stotram (Sankshipt Ansh - Ravan Rachit),Wealth|Strength|Shivji|Strotam
133,https://youtu.be/TXXioV0_9-o?si=wEaulnEEeYWdA4C5,2,7,शिव महिम्न स्तोत्र:,Shiv Mahimn Stotra:,Strotam|Shivji
133,https://youtu.be/TXXioV0_9-o?si=wEaulnEEeYWdA4C5,2,443,शिव महिम्न स्तोत्र:,Shiv Mahimn Stotra:,Shivji|Strotam
134,https://youtu.be/TplRlUULXz8?si=w-ebBCmQx88smeOh,2,15,सुबह सुबह ले शिव का नाम,Subah Subah Le Shiv Ka Naam,Bhajan|Shivji
134,https://youtu.be/TplRlUULXz8?si=w-ebBCmQx88smeOh,2,451,सुबह सुबह ले शिव का नाम,Subah Subah Le Shiv Ka Naam,Bhajan|Shivji
135,https://youtu.be/Tssx17scqO4?si=uOt96Cx7Sz5DPI5b,2,67,गणेश अथर्वशीर्ष:,Ganesh Atharvashirsha:,Strotam|GaneshJi
135,https://youtu.be/Tssx17scqO4?si=uOt96Cx7Sz5DPI5b,2,501,गणेश अथर्वशीर्ष:,Ganesh Atharvashirsha:,GaneshJi|Strotam
136,https://youtu.be/U7WIOZyTEaQ?si=sdZ_Z-n3qy3JFTNU,2,100,ॐ विष्णवे नमः,Om Vishnave Namah,Mantra|VishnuJi
136,https://youtu.be/U7WIOZyTEaQ?si=sdZ_Z-n3qy3JFTNU,2,534,ॐ विष्णवे नमः,Om Vishnave Namah,Mantra|VishnuJi
137,https://youtu.be/UH-qlhvW7A4?si=Ua4KCJHZXkykQOJt,2,161,वैभव लक्ष्मी व्रत कथा,Vaibhav Lakshmi Vrat Katha,Katha|LakshmiJi
137,https://youtu.be/UH-qlhvW7A4?si=Ua4KCJHZXkykQOJt,2,595,वैभव लक्ष्मी व्रत कथा,Vaibhav Lakshmi Vrat Katha,Katha|LakshmiJi
138,https://youtu.be/URoRSBBZFgg?si=T85HrSjmY0jyqqr3,2,129,दशावतार कथा:,Dashavatar Katha:,Katha|VishnuJi
138,https://youtu.be/URoRSBBZFgg?si=T85HrSjmY0jyqqr3,2,563,दशावतार कथा:,Dashavatar Katha:,Katha|VishnuJi
139,https://youtu.be/Uv2p2kTnlH8?si=FYYRnfJoBZIy0LmR,2,103,विष्णु गायत्री,Vishnu Gayatri,Mantra|VishnuJi
139,https://youtu.be/Uv2p2kTnlH8?si=FYYRnfJoBZIy0LmR,2,537,विष्णु गायत्री,Vishnu Gayatri,Mantra|VishnuJi
140,https://youtu.be/V1-7O0EPaJk?si=0-xX1NUeG-kZ76qS,2,35,मारुती स्तोत्र,Maruti Stotra,Strotam|HanumanJi
140,https://youtu.be/V1-7O0EPaJk?si=0-xX1NUeG-kZ76qS,2,471,मारुती स्तोत्र,Maruti Stotra,HanumanJi|Strotam
141,https://youtu.be/VYCZdEaHLCE?si=VW3FFZDKm2dzI8oX,2,95,प्रथम पूज्य गणेश,Pratham Pujya Ganesh,Katha|GaneshJi
141,https://youtu.be/VYCZdEaHLCE?si=VW3FFZDKm2dzI8oX,2,529,सबसे पहले गणेश भगवान् की पूजा क्यों करते है,Sabse Pehle Ganesh Bhagwan Ki Puja Kyon Karte Hai,Katha|GaneshJi
142,https://youtu.be/Vb06G2bDFkE?si=mxsOg_3XgD0DSJQi,2,97,द्वादशाक्षर मंत्र,Dwadashakshar Mantra,Mantra|VishnuJi
142,https://youtu.be/Vb06G2bDFkE?si=mxsOg_3XgD0DSJQi,2,531,द्वादशाक्षर मंत्र,Dwadashakshar Mantra,Mantra|VishnuJi
143,https://youtu.be/W9GywBEmin0?si=Y8MZZLmQalTE_osa,2,163,माँ लक्ष्मी और राजा बलि की कथा,Maa Lakshmi Aur Raja Bali Ki Katha,Katha|LakshmiJi
143,https://youtu.be/W9GywBEmin0?si=Y8MZZLmQalTE_osa,2,597,माँ लक्ष्मी और राजा बलि की कथा,Maa Lakshmi Aur Raja Bali Ki Katha,Katha|LakshmiJi
144,https://youtu.be/WCcW1Efq3W4?si=-ql30mOBC_JbYjXP,2,762,उद्यमेन हि सिध्यन्ति कार्याणि न मनोरथैः,Udyamen Hi Sidhyanti Karyani Na Manorathaih,Aarti|Success|Wealth|DurjaJi
144,https://youtu.be/WCcW1Efq3W4?si=-ql30mOBC_JbYjXP,2,905,संकल्प श्लोक,Sankalpa Shlok,Aarti|DurjaJi
145,https://youtu.be/WqiKUywr55o?si=sx_88WGHIxnkZoNM,2,280,ॐ क्लीं कृष्णाय नमः,Om Kleem Krishnaya Namah,Mantra|KrishnaJi
145,https://youtu.be/WqiKUywr55o?si=sx_88WGHIxnkZoNM,2,938,कृष्ण बीज मंत्र,Krishna Beej Mantra,Aarti|Strength|KrishnaJi
146,https://youtu.be/XJqKbDxAa3U?si=8QX2YAec4EyoDiPP,2,315,श्याम तेरी बंसी पुकारे राधा नाम,Shyam Teri Bansi Pukare Radha Naam,Bhajan|KrishnaJi
146,https://youtu.be/XJqKbDxAa3U?si=8QX2YAec4EyoDiPP,2,955,श्याम तेरी बंसी पुकारे राधा नाम,Shyam Teri Bansi Pukare Radha Naam,Aarti|LoveAndRelationship|KrishnaJi
147,https://youtu.be/XhxvcnExPNQ?si=w62P2ANg6x0OryeL,2,70,गणेश अष्टोत्तर शतनाम स्तोत्र:,Ganesh Ashtottara Shatanam Stotra:,Strotam|GaneshJi
147,https://youtu.be/XhxvcnExPNQ?si=w62P2ANg6x0OryeL,2,504,गणेश अष्टोत्तर शतनाम स्तोत्र:,Ganesh Ashtottara Shatanam Stotra:,GaneshJi|Strotam
148,https://youtu.be/XtTG7iT7H3g?si=QwuObktBmdhoY9ZT,2,404,श्यामा आन बसो,Shyama Aan Baso,Aarti|DurjaJi
148,https://youtu.be/XtTG7iT7H3g?si=QwuObktBmdhoY9ZT,2,800,श्यामा आन बसो,Shyama Aan Baso,Aarti|DurjaJi
149,https://youtu.be/Yafs12RHYqw?si=DFgZFimu47Z3K-Ye,2,58,हनुमान रक्षा कवच,Hanuman Raksha Kavach,Katha|HanumanJi
149,https://youtu.be/Yafs12RHYqw?si=DFgZFimu47Z3K-Ye,2,494,हनुमान जी रक्षा कैसे करते हैं ?,Hanuman Ji Raksha Kaise Karte Hain?,HanumanJi|Katha
150,https://youtu.be/Ylxbl767w_w?si=2tEunpeyYL5Rxs1d,2,126,हरी आ जाओ एक बार,Hari Aa Jao Ek Baar,Bhajan|VishnuJi
150,https://youtu.be/Ylxbl767w_w?si=2tEunpeyYL5Rxs1d,2,560,हरी आ जाओ एक बार,Hari Aa Jao Ek Baar,Bhajan|VishnuJi
151,https://youtu.be/Zagf46kv7p8?si=adpqwJ6tLsIAHHr0,2,816,हनुमान मंत्र,Hanuman Mantra,Aarti|Strength|DurjaJi
151,https://youtu.be/Zagf46kv7p8?si=adpqwJ6tLsIAHHr0,2,874,हनुमान मंत्र,Hanuman Mantra,Aarti|DurjaJi
152,https://youtu.be/ZdBVEV5u2To?si=em-5O2iYoV9z50BF,2,364,सर्वमंगल मांगल्ये,Sarvamangala Mangalye,Shloka|DurjaJi|Navratri
152,https://youtu.be/ZdBVEV5u2To?si=em-5O2iYoV9z50BF,2,765,सर्वमङ्गलमाङ्गल्ये शिवे सर्वार्थसाधिके,Sarvamangalamangalye Shive Sarvarthasadhike,Aarti|Success|DurjaJi|Navratri
153,https://youtu.be/ZswQ9qUMDTs?si=JCy5lg1H5mtQ_5JL,2,88,संकट हर लो मंगल कर दो,Sankat Har Lo Mangal Kar Do,Bhajan|GaneshJi
153,https://youtu.be/ZswQ9qUMDTs?si=JCy5lg1H5mtQ_5JL,2,522,संकट हर लो मंगल कर दो,Sankat Har Lo Mangal Kar Do,Bhajan|GaneshJi
154,https://youtu.be/ZxAZksjaUUU?si=pFBqlNlDgtv6Qwxu,2,19,शंकर तेरी जटा में बहती है गंगधारा,Shankar Teri Jata Mein Behti Hai Gangdhara,Bhajan|Shivji
154,https://youtu.be/ZxAZksjaUUU?si=pFBqlNlDgtv6Qwxu,2,455,शंकर तेरी जटा में बहती है गंगधारा,Shankar Teri Jata Mein Behti Hai Gangdhara,Bhajan|Shivji
155,https://youtu.be/_35QngzzdEQ?si=l9SidSRJ4C7GTyks,2,55,हनुमान: शक्ति-भक्ति-बुद्धि,Hanuman: Shakti-Bhakti-Buddhi,Katha|HanumanJi
155,https://youtu.be/_35QngzzdEQ?si=l9SidSRJ4C7GTyks,2,491,"शक्ति, भक्ति और बुद्धि के देव हनुमान जी को समझिए |","Shakti, Bhakti Aur Buddhi Ke Dev Hanuman Ji Ko Samjhiye |",HanumanJi|Katha
156,https://youtu.be/_97POkIQ_kQ?si=2Nyp0GAVtCXv1eOf,2,34,रक्षा कवच मंत्र:,Raksha Kavach Mantra:,Mantra|HanumanJi
156,https://youtu.be/_97POkIQ_kQ?si=2Nyp0GAVtCXv1eOf,2,470,रक्षा कवच मंत्र:,Raksha Kavach Mantra:,Health|Happiness|Mantra|Strength|HanumanJi
157,https://youtu.be/_NgJw_JU0N0?si=xxET0DfzB9lul_dc,2,80,जय देव जय देव जय मंगलमूर्ती,Jai Dev Jai Dev Jai Mangalmurti,Aarti|GaneshJi
157,https://youtu.be/_NgJw_JU0N0?si=xxET0DfzB9lul_dc,2,514,जय देव जय देव जय मंगलमूर्ती,Jai Dev Jai Dev Jai Mangalmurti,Aarti|GaneshJi
158,https://youtu.be/_TGfTsdHi0c?si=S1p1qdhJL2vCsEl6,2,120,सशंखचक्रं सकिरीटकुण्डलं,Sashankhachakram Sakiritakundalam,Shloka|VishnuJi
158,https://youtu.be/_TGfTsdHi0c?si=S1p1qdhJL2vCsEl6,2,554,सशंखचक्रं सकिरीटकुण्डलं,Sashankhachakram Sakiritakundalam,Shloka|VishnuJi
159,https://youtu.be/_oOQ5UYKAKo?si=LHHmXG1Si_5d1Gky,2,81,आरती सिद्धिविनायक जी की,Aarti Siddhivinayak Ji Ki,Aarti|GaneshJi
159,https://youtu.be/_oOQ5UYKAKo?si=LHHmXG1Si_5d1Gky,2,515,आरती सिद्धिविनायक जी की,Aarti Siddhivinayak Ji Ki,Aarti|GaneshJi
160,https://youtu.be/a5qd1rCqkvI?si=s5oYDC9M7BF8gZIn,2,65,ॐ लम्बोदराय नमः,Om Lambodaray Namah,Mantra|GaneshJi
160,https://youtu.be/a5qd1rCqkvI?si=s5oYDC9M7BF8gZIn,2,500,ॐ लम्बोदराय नमः,Om Lambodaray Namah,Mantra|GaneshJi
161,https://youtu.be/aH2ipOQ1_bU?si=O2s_vctg1Roye0xu,2,68,ऋणहर्ता गणेश स्तोत्र:,Rinaharta Ganesh Stotra:,Strotam|GaneshJi
161,https://youtu.be/aH2ipOQ1_bU?si=O2s_vctg1Roye0xu,2,502,ऋणहर्ता गणेश स्तोत्र:,Rinaharta Ganesh Stotra:,GaneshJi|Health|Wealth|Strotam
162,https://youtu.be/aRHDmzWFPdo?si=rRwqcCmyV9MQrXkS,2,159,शुभ लाभ धन वैभव दाता जय,Shubh Labh Dhan Vaibhav Data Jai,Bhajan|LakshmiJi
162,https://youtu.be/aRHDmzWFPdo?si=rRwqcCmyV9MQrXkS,2,593,शुभ लाभ धन वैभव दाता जय,Shubh Labh Dhan Vaibhav Data Jai,Bhajan|LakshmiJi
163,https://youtu.be/aTFeZxXkL78?si=HaE-tYiH834XPpXn,2,414,संकट नाशन गणेश स्तोत्र,Sankat Nashan Ganesh Stotra,Aarti|DurjaJi
163,https://youtu.be/aTFeZxXkL78?si=HaE-tYiH834XPpXn,2,849,संकट नाशन गणेश स्तोत्र,Sankat Naashan Ganesh Stotra,Aarti|DurjaJi
164,https://youtu.be/av3Vf23CRqc?si=hRrw_iHsdMJ8WfIw,2,59,हनुमान लंका गमन,Hanuman Lanka Gaman,Katha|HanumanJi
164,https://youtu.be/av3Vf23CRqc?si=hRrw_iHsdMJ8WfIw,2,495,जब हनुमान जी चले लंका माता जानकी को खोजने |,Jab Hanuman Ji Chale Lanka Mata Janki Ko Khojne |,HanumanJi|Katha
165,https://youtu.be/av9FFShVYBU?si=Ad06fEsAnohtH32q,2,69,श्री गणेश कवच:,Shri Ganesh Kavach:,Strotam|GaneshJi
165,https://youtu.be/av9FFShVYBU?si=Ad06fEsAnohtH32q,2,503,श्री गणेश कवच:,Shri Ganesh Kavach:,GaneshJi|Strotam
166,https://youtu.be/bQrYmTfw59Q?si=h7eoNNv6DhDZhGuT,2,84,अगजानन पद्मार्कं श्लोक,Agajanan Padmarkam Shloka,Shloka|GaneshJi
166,https://youtu.be/bQrYmTfw59Q?si=h7eoNNv6DhDZhGuT,2,518,अगजानन पद्मार्कं,Agajanan Padmarkam,Shloka|GaneshJi
167,https://youtu.be/bo62sjQ0CmE?si=t1lAn32pD2F23gVQ,2,79,शेंदूर लाल चढ़ायो अच्छा गजमुख को,Shendur Lal Chadhayo Achchha Gajmukh Ko,Aarti|GaneshJi
167,https://youtu.be/bo62sjQ0CmE?si=t1lAn32pD2F23gVQ,2,513,शेंदूर लाल चढ़ायो अच्छा गजमुख को,Shendur Lal Chadhayo Achchha Gajmukh Ko,Aarti|GaneshJi
168,https://youtu.be/c6NhHI-nOW0?si=KvNW6DMPNdcX9kLy,2,92,गणपति पहला तुम्हे प्रणाम है,Ganpati Pehla Tumhe Pranam Hai,Bhajan|GaneshJi
168,https://youtu.be/c6NhHI-nOW0?si=KvNW6DMPNdcX9kLy,2,526,गणपति पहला तुम्हे प्रणाम है,Ganpati Pehla Tumhe Pranam Hai,Bhajan|GaneshJi
169,https://youtu.be/d-zWzSTNOMo?si=8Gtyc3crPXZxHvXM,2,20,सम्पूर्ण शिव पुराण सार,Sampurn Shiv Puran Saar,Katha|Shivji
169,https://youtu.be/d-zWzSTNOMo?si=8Gtyc3crPXZxHvXM,2,456,सम्पूर्ण शिव पुराण सार,Sampurn Shiv Puran Saar,Katha|Shivji
170,https://youtu.be/dkVlpm1mKFI?si=crdKp9jnOOfpOZx7,2,62,गणेश गायत्री,Ganesh Gayatri,Mantra|GaneshJi
170,https://youtu.be/dkVlpm1mKFI?si=crdKp9jnOOfpOZx7,2,498,गणेश गायत्री,Ganesh Gayatri,Mantra|GaneshJi
171,https://youtu.be/dkVlpm1mKFI?si=vJFkS8R3-PMxX_Ji,2,238,गणेश गायत्री,Ganesh Gayatri,Mantra|GaneshJi
171,https://youtu.be/dkVlpm1mKFI?si=vJFkS8R3-PMxX_Ji,2,908,गणेश गायत्री,Ganesh Gayatri,Aarti|Success|Knowledge|DurjaJi
172,https://youtu.be/eH89BxWg9P4?si=5IOyC_otVc9JKSFd,2,52,बजरंग बली मेरी नाव चली,Bajrang Bali Meri Naav Chali,Bhajan|HanumanJi
172,https://youtu.be/eH89BxWg9P4?si=5IOyC_otVc9JKSFd,2,488,बजरंग बली मेरी नाव चली,Bajrang Bali Meri Naav Chali,HanumanJi|Bhajan
173,https://youtu.be/enalr0CvqVM?si=WMYDWThqcqx9a4pP,2,89,तेरी जय हो गणेश,Teri Jai Ho Ganesh,Bhajan|GaneshJi
173,https://youtu.be/enalr0CvqVM?si=WMYDWThqcqx9a4pP,2,523,तेरी जय हो गणेश,Teri Jai Ho Ganesh,Bhajan|GaneshJi
174,https://youtu.be/erQ7OvBnfMY?si=6Tr4oodbqcuN7H97,2,102,ॐ लक्ष्मीपतये नमः,Om Lakshmipataye Namah,Mantra|VishnuJi
174,https://youtu.be/erQ7OvBnfMY?si=6Tr4oodbqcuN7H97,2,536,ॐ लक्ष्मीपतये नमः,Om Lakshmipataye Namah,Mantra|VishnuJi
175,https://youtu.be/fDzcm2RKM4s?si=nQip96jtyul3SEsn,2,131,वामन अवतार और राजा बलि की कथा,Vaman Avatar Aur Raja Bali Ki Katha,Katha|VishnuJi
175,https://youtu.be/fDzcm2RKM4s?si=nQip96jtyul3SEsn,2,565,वामन अवतार और राजा बलि की कथा,Vaman Avatar Aur Raja Bali Ki Katha,Katha|VishnuJi
176,https://youtu.be/fOWk1A27pKQ?si=1hsP5OkDsZwIELgh,2,93,गजानन महाराज पधारो,Gajanan Maharaj Padharo,Bhajan|GaneshJi
176,https://youtu.be/fOWk1A27pKQ?si=1hsP5OkDsZwIELgh,2,527,गजानन महाराज पधारो,Gajanan Maharaj Padharo,Bhajan|GaneshJi
177,https://youtu.be/faCtr2ajTuE?si=svKC2jHHd_23bpz4,2,46,कार्य सिद्धि,Karya Siddhi,Shloka|HanumanJi
177,https://youtu.be/faCtr2ajTuE?si=svKC2jHHd_23bpz4,2,482,कार्य सिद्धि,Karya Siddhi,Shloka|HanumanJi
178,https://youtu.be/g4iZhS7EvQc?si=tajjxxWlYauvwgSt,2,21,शिव जी का जन्म कैसे हुआ,Shiv Ji Ka Janm Kaise Hua,Katha|Shivji
178,https://youtu.be/g4iZhS7EvQc?si=tajjxxWlYauvwgSt,2,457,शिव जी का जन्म कैसे हुआ,Shiv Ji Ka Janm Kaise Hua,Katha|Shivji
179,https://youtu.be/gFr5p5AyuD0?si=QD5VW5nRGb8TXEFJ,2,78,सुखकर्ता दुखहर्ता वार्ता विघ्नाची,Sukhakarta Dukhaharta Varta Vighnachi,Aarti|GaneshJi
179,https://youtu.be/gFr5p5AyuD0?si=QD5VW5nRGb8TXEFJ,2,512,सुखकर्ता दुखहर्ता वार्ता विघ्नाची,Sukhakarta Dukhaharta Varta Vighnachi,Aarti|GaneshJi
180,https://youtu.be/g_czAYo3MKQ?si=gMXItXZe4oVrD-co,2,136,ॐ श्री महालक्ष्म्यै नमः,Om Shri Mahalakshmyai Namah,Mantra|LakshmiJi
180,https://youtu.be/g_czAYo3MKQ?si=gMXItXZe4oVrD-co,2,570,ॐ श्री महालक्ष्म्यै नमः,Om Shri Mahalakshmyai Namah,Mantra|LakshmiJi
181,https://youtu.be/gsHIPGDctJ0?si=0M-JKLTSQ47e8TaB,2,112,श्री हरि स्तोत्रम्,Shri Hari Stotram,Strotam|VishnuJi
181,https://youtu.be/gsHIPGDctJ0?si=0M-JKLTSQ47e8TaB,2,546,श्री हरि स्तोत्रम्,Shri Hari Stotram,Strotam|VishnuJi
182,https://youtu.be/gv8Q4rrkqWE?si=_38Rpl582wr9YcG_,2,154,लक्ष्मी अमृतवाणी,Lakshmi Amritwani,Bhajan|LakshmiJi
182,https://youtu.be/gv8Q4rrkqWE?si=_38Rpl582wr9YcG_,2,588,लक्ष्मी अमृतवाणी,Lakshmi Amritwani,Bhajan|LakshmiJi
183,https://youtu.be/gy07mltqNRc?si=qzWa5TytleC7FSax,2,114,अच्युताष्टकम,Achyutashtakam,Ashtakam|VishnuJi
183,https://youtu.be/gy07mltqNRc?si=qzWa5TytleC7FSax,2,548,अच्युताष्टकम,Achyutashtakam,Ashtakam|VishnuJi
184,https://youtu.be/hiBxKwtn08Q?si=2-hlooiVaBcLrIbb,2,333,या देवी सर्वभूतेषु,Ya Devi Sarvabhuteshu,Mantra|DurjaJi
184,https://youtu.be/hiBxKwtn08Q?si=2-hlooiVaBcLrIbb,2,599,या देवी सर्वभूतेषु शक्ति-रूपेण संस्थिता। नमस्तस्यै नमस्तस्यै नमस्तस्यै नमो नमः॥,Ya Devi Sarvabhuteshu Shakti-Rupena Samsthita. Namastasyai Namastasyai Namastasyai Namo Nomah.,Mantra|DurjaJi
185,https://youtu.be/hy_UKySqiNo?si=WO1ouxTrWAya94GP,2,50,छम छम नाचे वीर हनुमान,Chham Chham Nache Veer Hanuman,Bhajan|HanumanJi
185,https://youtu.be/hy_UKySqiNo?si=WO1ouxTrWAya94GP,2,486,छम छम नाचे वीर हनुमान,Chham Chham Nache Veer Hanuman,HanumanJi|Bhajan
186,https://youtu.be/i6rDYxNpubk?si=Z1cSGYW4UCmuEsd6,2,16,हे शम्भू बाबा मेरे भोले नाथ,He Shambhu Baba Mere Bhole Nath,Bhajan|Shivji
186,https://youtu.be/i6rDYxNpubk?si=Z1cSGYW4UCmuEsd6,2,452,हे शम्भू बाबा मेरे भोले नाथ,He Shambhu Baba Mere Bhole Nath,Bhajan|Shivji
187,https://youtu.be/iEAPaA9Yf1s?si=lGmdeqXsCqtQQzx1,2,2,रुद्र मंत्र,Rudra Mantra,Mantra|Shivji
187,https://youtu.be/iEAPaA9Yf1s?si=lGmdeqXsCqtQQzx1,2,438,रुद्र मंत्र,Rudra Mantra,Mantra|Shivji
188,https://youtu.be/iEIJBAKx0wI?si=bBiJfhIDY2Psljnj,2,25,क्यों मिला था चंद्रमा को श्राप ?,Kyon Mila Tha Chandrama Ko Shrap?,Katha|Shivji
188,https://youtu.be/iEIJBAKx0wI?si=bBiJfhIDY2Psljnj,2,461,क्यों मिला था चंद्रमा को श्राप ?,Kyon Mila Tha Chandrama Ko Shrap?,Katha|Shivji
189,https://youtu.be/iRVIbOMymj0?si=p9yfDWWAsb63wtMq,2,602,शांति मंत्र,Shanti Mantra,Katha|DurjaJi|BhojanSePehle
189,https://youtu.be/iRVIbOMymj0?si=p9yfDWWAsb63wtMq,2,813,शांति मंत्र,Shanti Mantra,Aarti|Happiness|DurjaJi|BhojanSePehle
190,https://youtu.be/iZkxNZpqQ4s?si=8wxeb0gCobXxfiQH,2,132,विष्णु जी और माता लक्ष्मी के विवाह की कथा,Vishnu Ji Aur Mata Lakshmi Ke Vivah Ki Katha,Katha|VishnuJi
190,https://youtu.be/iZkxNZpqQ4s?si=8wxeb0gCobXxfiQH,2,566,विष्णु जी और माता लक्ष्मी के विवाह की कथा,Vishnu Ji Aur Mata Lakshmi Ke Vivah Ki Katha,Katha|VishnuJi
191,https://youtu.be/ib4O0n3PH8o?si=gM39DNbgDuWKfvFA,2,128,समुद्र मंथन की कथा:,Samudra Manthan Ki Katha:,Katha|VishnuJi
191,https://youtu.be/ib4O0n3PH8o?si=gM39DNbgDuWKfvFA,2,562,समुद्र मंथन की कथा:,Samudra Manthan Ki Katha:,Katha|VishnuJi
192,https://youtu.be/jXPk7TnZC4c?si=3IMkISoz8uz7DN_R,2,613,गुरु मंत्र,Guru Mantra,Katha|DurjaJi
192,https://youtu.be/jXPk7TnZC4c?si=3IMkISoz8uz7DN_R,2,718,गुरु श्लोक,Guru Shlok,Katha|Knowledge|Strength|DurjaJi
193,https://youtu.be/kOgaTaFcgjU?si=JDvMuvOFUXbD0Icu,2,695,सूर्य प्रज्ञा मंत्र,Surya Pragya Mantra,Katha|Knowledge|DurjaJi
193,https://youtu.be/kOgaTaFcgjU?si=JDvMuvOFUXbD0Icu,2,875,सूर्य मंत्र,Surya Mantra,Aarti|DurjaJi
194,https://youtu.be/kbMinfmC3E0?si=EORk1j1UQxAqRLLu,2,407,ओ पालनहारे,O Palanhare,Aarti|DurjaJi
194,https://youtu.be/kbMinfmC3E0?si=EORk1j1UQxAqRLLu,2,893,ओ पालनहारे,O Palanhare,Aarti|DurjaJi
195,https://youtu.be/kt9-B0uUmRY?si=Or6uohC4Z_ZY7DZ5,2,109,विष्णु पंजर स्तोत्रम्,Vishnu Panjar Stotram,Strotam|VishnuJi
195,https://youtu.be/kt9-B0uUmRY?si=Or6uohC4Z_ZY7DZ5,2,543,विष्णु पंजर स्तोत्रम्,Vishnu Panjar Stotram,Strotam|VishnuJi
196,https://youtu.be/kxxhO92X8ro?si=kI__HcFg2zNoXZn2,2,61,वक्रतुण्ड महाकाय मंत्रा,Vakratunda Mahakaya Mantra,Mantra|GaneshJi
196,https://youtu.be/kxxhO92X8ro?si=kI__HcFg2zNoXZn2,2,497,वक्रतुण्ड महाकाय सूर्यकोटि समप्रभ।,Vakratunda Mahakaya Suryakoti Samaprabha.,Mantra|GaneshJi
197,https://youtu.be/log_B4nMkH0?si=T7hhpGvgFFSaNdjq,2,428,सरस्वती स्तोत्र,Saraswati Stotra,Aarti|DurjaJi
197,https://youtu.be/log_B4nMkH0?si=T7hhpGvgFFSaNdjq,2,699,नील सरस्वती स्तोत्र,Neel Saraswati Stotra,Katha|Strength|DurjaJi
198,https://youtu.be/m0VD0vSXNXQ?si=rYvcj8atb4ReJtxk,2,309,कर्मण्येवाधिकारस्ते,Karmanyevadhikaraste,Shloka|KrishnaJi
198,https://youtu.be/m0VD0vSXNXQ?si=rYvcj8atb4ReJtxk,2,900,कर्म श्लोक,Karm Shlok,Aarti|Success|Happiness|DurjaJi
199,https://youtu.be/m3P-UtGt3Ts?si=wee1Hbb2XDZh_r50,2,158,लक्ष्मी मैया है तुमसे,Lakshmi Maiya Hai Tumse,Bhajan|LakshmiJi
199,https://youtu.be/m3P-UtGt3Ts?si=wee1Hbb2XDZh_r50,2,592,लक्ष्मी मैया है तुमसे,Lakshmi Maiya Hai Tumse,Bhajan|LakshmiJi
200,https://youtu.be/m8hvtU9Lzzk?si=Y9IBp48e1VidVKd4,2,138,श्री सिद्ध लक्ष्मी मंत्र,Shri Siddha Lakshmi Mantra,Mantra|LakshmiJi
200,https://youtu.be/m8hvtU9Lzzk?si=Y9IBp48e1VidVKd4,2,572,श्री सिद्ध लक्ष्मी मंत्र,Shri Siddha Lakshmi Mantra,Mantra|LakshmiJi
201,https://youtu.be/nLUmRxc6140?si=tDzujtf2OLcvCbDf,2,87,घर में पधारो,Ghar Mein Padharo,Bhajan|GaneshJi
201,https://youtu.be/nLUmRxc6140?si=tDzujtf2OLcvCbDf,2,521,घर में पधारो गजानंद जी मेरे घर में पधारो,Ghar Mein Padharo Gajanand Ji Mere Ghar Mein Padharo,Bhajan|GaneshJi
202,https://youtu.be/ntpeQR7K0PI?si=4_9jjQ1cbxYs7wRa,2,608,बुद्ध मंत्र,Buddha Mantra,Katha|DurjaJi
202,https://youtu.be/ntpeQR7K0PI?si=4_9jjQ1cbxYs7wRa,2,819,बुद्ध मंत्र,Buddha Mantra,Aarti|Happiness|Knowledge|DurjaJi
203,https://youtu.be/oa1tHpermgU?si=VvSwaXWDjjjQ4FfT,2,27,शिव ने अपने ही पुत्र गणेश का सिर क्यों काटा?,Shiv Ne Apne Hi Putra Ganesh Ka Sir Kyon Kata?,Katha|Shivji
203,https://youtu.be/oa1tHpermgU?si=VvSwaXWDjjjQ4FfT,2,463,शिव ने अपने ही पुत्र गणेश का सिर क्यों काटा?,Shiv Ne Apne Hi Putra Ganesh Ka Sir Kyon Kata?,Katha|Shivji
204,https://youtu.be/qR-PxhTOZXY?si=ZBtgkGLQ_x7io_NN,2,141,ॐ ह्रीं ह्रीं श्री लक्ष्मी वासुदेवाय नम:।,Om Hreem Hreem Shri Lakshmi Vasudevaya Namah.,Mantra|LakshmiJi
204,https://youtu.be/qR-PxhTOZXY?si=ZBtgkGLQ_x7io_NN,2,575,ॐ ह्रीं ह्रीं श्री लक्ष्मी वासुदेवाय नम:।,Om Hreem Hreem Shri Lakshmi Vasudevaya Namah.,Mantra|LakshmiJi
205,https://youtu.be/r-8-0OwqDjE?si=UMvZ1OKIqCgV3z5I,2,85,विघ्नेश्वराय वरदाय श्लोक,Vighneshwaraya Varadaya Shloka,Shloka|GaneshJi
205,https://youtu.be/r-8-0OwqDjE?si=UMvZ1OKIqCgV3z5I,2,519,विघ्नेश्वराय वरदाय,Vighneshwaraya Varadaya,Shloka|GaneshJi
206,https://youtu.be/r7GJ8GoGSD8?si=5vKJpH3tM6QoFwzl,2,42,आरती कीजै हनुमान लला की,Aarti Keeje Hanuman Lala Ki,Aarti|HanumanJi
206,https://youtu.be/r7GJ8GoGSD8?si=5vKJpH3tM6QoFwzl,2,478,आरती कीजै हनुमान लला की,Aarti Keeje Hanuman Lala Ki,Aarti|HanumanJi
207,https://youtu.be/rzAm4kvEDbc?si=esY2jKOVx-Z2hH93,2,86,अभीप्सितार्थ सिद्धयर्थं श्लोक,Abhipsitarth Siddhyartham Shloka,Shloka|GaneshJi
207,https://youtu.be/rzAm4kvEDbc?si=esY2jKOVx-Z2hH93,2,520,अभीप्सितार्थ सिद्धयर्थं,Abhipsitartha Siddhyartham,Shloka|GaneshJi
208,https://youtu.be/sDhrWWWBQLI?si=x0qKB6U3A5R2FSQr,2,48,दुनिया चले न श्री राम के बिना,Duniya Chale Na Shri Ram Ke Bina,Bhajan|HanumanJi
208,https://youtu.be/sDhrWWWBQLI?si=x0qKB6U3A5R2FSQr,2,484,दुनिया चले न श्री राम के बिना,Duniya Chale Na Shri Ram Ke Bina,HanumanJi|Bhajan
209,https://youtu.be/sHjD9ChjUsU?si=kj5RxANqbh9URRDf,2,63,संकट नाशक मंत्र,Sankat Nashak Mantra,Mantra|GaneshJi
209,https://youtu.be/sHjD9ChjUsU?si=kj5RxANqbh9URRDf,2,499,संकट नाशक मंत्र,Sankat Nashak Mantra,Mantra|GaneshJi
210,https://youtu.be/sIPwrMosN9k?si=3QzMTb-otB4uncz-,2,151,महालक्ष्मी स्तवनम्,Mahalakshmi Stavanam,Stuti|LakshmiJi
210,https://youtu.be/sIPwrMosN9k?si=3QzMTb-otB4uncz-,2,585,महालक्ष्मी स्तवनम्,Mahalakshmi Stavanam,Stuti|LakshmiJi
211,https://youtu.be/uY5YAvygOJs?si=8dBC9W82qOAvOxTd,2,17,चलो शिव शंकर के मंदिर में भक्तों,Chalo Shiv Shankar Ke Mandir Mein Bhakto,Bhajan|Shivji
211,https://youtu.be/uY5YAvygOJs?si=8dBC9W82qOAvOxTd,2,453,चलो शिव शंकर के मंदिर में भक्तों,Chalo Shiv Shankar Ke Mandir Mein Bhakto,Bhajan|Shivji
212,https://youtu.be/udRgk50LOuA?si=OnWHt9_jUWmMlIHv,2,71,मयूरेस्वर स्तोत्र:,Mayureshwar Stotra:,Strotam|GaneshJi
212,https://youtu.be/udRgk50LOuA?si=OnWHt9_jUWmMlIHv,2,505,मयूरेस्वर स्तोत्र:,Mayureshwar Stotra:,GaneshJi|Strotam
213,https://youtu.be/vLP6gdiDbOU?si=jO6MgHWC3vJEyRrd,2,110,नारायण सुक्तम,Narayan Suktam,Strotam|VishnuJi
213,https://youtu.be/vLP6gdiDbOU?si=jO6MgHWC3vJEyRrd,2,544,नारायण सुक्तम,Narayan Suktam,Strotam|VishnuJi
214,https://youtu.be/vYFOV9nj-_w?si=r49ExtqDfppGq1cg,2,73,श्री गणेशपञ्चरत्नम्,Shri Ganeshpancharatnam,Ashtakam|GaneshJi
214,https://youtu.be/vYFOV9nj-_w?si=r49ExtqDfppGq1cg,2,507,श्री गणेशपञ्चरत्नम्,Shri Ganeshpancharatnam,Ashtakam|GaneshJi
215,https://youtu.be/vfzibQrVPoM?si=y7xPU6cE7-JtCkvc,2,646,उपनिषद शांति पाठ,Upanishad Shanti Path,Katha|DurjaJi
215,https://youtu.be/vfzibQrVPoM?si=y7xPU6cE7-JtCkvc,2,906,शांति-विजय,Shanti-Vijay,Aarti|DurjaJi
216,https://youtu.be/w19sRwFqbwY?si=gQYxs5wL-HxhsoAF,2,684,सरस्वती चालीसा,Saraswati Chalisa,Katha|DurjaJi
216,https://youtu.be/w19sRwFqbwY?si=gQYxs5wL-HxhsoAF,2,753,सरस्वती चालीसा,Saraswati Chalisa,Knowledge|Katha|Strength|Wealth|DurjaJi
217,https://youtu.be/w9vGn5lQMxU?si=y2-tmAbRLU_U2xLE,2,156,मइया लक्ष्मी देती धन धान है,Maiya Lakshmi Deti Dhan Dhan Hai,Bhajan|LakshmiJi
217,https://youtu.be/w9vGn5lQMxU?si=y2-tmAbRLU_U2xLE,2,590,मइया लक्ष्मी देती धन धान है,Maiya Lakshmi Deti Dhan Dhan Hai,Bhajan|LakshmiJi
218,https://youtu.be/x0n-mk-_OHg?si=qBZDhZeI421iS3TG,2,82,वक्रतुण्ड महाकाय श्लोक,Vakratunda Mahakaya Shloka,Shloka|GaneshJi
218,https://youtu.be/x0n-mk-_OHg?si=qBZDhZeI421iS3TG,2,516,वक्रतुण्ड महाकाय,Vakratunda Mahakaya,Shloka|GaneshJi
219,https://youtu.be/xvaY6-PgNyY?si=1wxv0hpaEyvvF4jN,2,45,मर्कटेश महोत्साह सर्वशोक विनाशन।,Markatesh Mahotsah Sarvashok Vinashan.,Shloka|HanumanJi
219,https://youtu.be/xvaY6-PgNyY?si=1wxv0hpaEyvvF4jN,2,481,मर्कटेश महोत्साह सर्वशोक विनाशन।,Markatesh Mahotsah Sarvashok Vinashan.,Shloka|HanumanJi|Wealth
220,https://youtu.be/yPiSJP34-QM?si=YnJXYPnTNuwpbv0L,2,113,विष्णु चालीसा,Vishnu Chalisa,Chalisa|VishnuJi
220,https://youtu.be/yPiSJP34-QM?si=YnJXYPnTNuwpbv0L,2,547,विष्णु चालीसा,Vishnu Chalisa,Chalisa|VishnuJi
221,https://youtu.be/yqzr0_-2XbQ?si=KaaBH4Ke-TxOb1ih,2,94,श्री गणेश जन्म कथा,Shri Ganesh Janm Katha,Katha|GaneshJi
221,https://youtu.be/yqzr0_-2XbQ?si=KaaBH4Ke-TxOb1ih,2,528,श्री गणेश जन्म कथा,Shri Ganesh Janm Katha,Katha|GaneshJi
222,https://youtu.be/ytV08faCJwg?si=eXY_cZGO-FsueNS1,2,3,शिव गायत्री मंत्र,Shiv Gayatri Mantra,Mantra|Shivji
222,https://youtu.be/ytV08faCJwg?si=eXY_cZGO-FsueNS1,2,439,शिव गायत्री मंत्र,Shiv Gayatri Mantra,Mantra|Happiness|Shivji
223,https://youtu.be/yx_Koe1uOdI?si=AHlai-OftkIyeKnG,2,111,विष्णु भुजंग प्रयात स्तोत्र,Vishnu Bhujang Prayat Stotra,Strotam|VishnuJi
223,https://youtu.be/yx_Koe1uOdI?si=AHlai-OftkIyeKnG,2,545,विष्णु भुजंग प्रयात स्तोत्र,Vishnu Bhujang Prayat Stotra,Strotam|VishnuJi
224,https://youtu.be/yzwVyns93nc?si=UqzAJ3pjM1DUhsI7,2,281,कृष्ण गायत्री,Krishna Gayatri,Mantra|KrishnaJi
224,https://youtu.be/yzwVyns93nc?si=UqzAJ3pjM1DUhsI7,2,936,कृष्ण गायत्री,Krishna Gayatri,Aarti|Knowledge|KrishnaJi
225,https://youtu.be/zKC17254flc?si=1RLal5iLIRaiuuMb,2,106,विष्णु सहस्रनाम स्तोत्रम्:,Vishnu Sahasranama Stotram:,Strotam|VishnuJi
225,https://youtu.be/zKC17254flc?si=1RLal5iLIRaiuuMb,2,540,विष्णु सहस्रनाम स्तोत्रम्:,Vishnu Sahasranama Stotram:,Strotam|VishnuJi
226,https://youtu.be/zUdp2fQJemw?si=jdzUfbtXHLEoG4OC,2,22,सम्पूर्ण गाथा नीलकंठ की,Sampurn Gatha Neelkanth Ki,Katha|Shivji
226,https://youtu.be/zUdp2fQJemw?si=jdzUfbtXHLEoG4OC,2,458,सम्पूर्ण गाथा नीलकंठ की,Sampurn Gatha Neelkanth Ki,Katha|Shivji
227,https://youtu.be/zdZ67AM47u8?si=Ff03RfC0f0Fll-oI,2,755,लक्ष्मी जी की आरती,Lakshmi Ji Ki Aarti,Aarti|Wealth|DurjaJi
227,https://youtu.be/zdZ67AM47u8?si=Ff03RfC0f0Fll-oI,2,919,ओम जय लक्ष्मी माता,Om Jai Lakshmi Mata,Aarti|Wealth|DurjaJi
228,https://youtu.be/zfhnJkZbtB0?si=J0cNKvR_xcs-AdL7,2,18,भोले भंडारी सबके ही भंडार भरे,Bhole Bhandari Sabke Hi Bhandar Bhare,Bhajan|Shivji
228,https://youtu.be/zfhnJkZbtB0?si=J0cNKvR_xcs-AdL7,2,454,भोले भंडारी सबके ही भंडार भरे,Bhole Bhandari Sabke Hi Bhandar Bhare,Bhajan|Shivji
229,https://youtube.com/shorts/8hbV_LQKvv0?si=k4cFAIlX83ys0rDI,2,426,श्री सूक्तम,Shri Suktam,Aarti|DurjaJi
229,https://youtube.com/shorts/8hbV_LQKvv0?si=k4cFAIlX83ys0rDI,2,760,धनं धान्यं पशुं बहुपुत्रलाभं शतसंवत्सरं दीर्घमायुः,Dhanam Dhanyam Pashum Bahuputralabham Shatasamvatsaram DirghamAyuh,Aarti|Wealth|DurjaJi
230,https://youtube.com/shorts/Asb3NCYzDnM?si=2Ip-bhoGeriuglXN,2,834,सरस्वती श्लोक,Saraswati Shlok,Aarti|Happiness|Knowledge|DurjaJi
230,https://youtube.com/shorts/Asb3NCYzDnM?si=2Ip-bhoGeriuglXN,2,904,विद्या श्लोक,Vidya Shlok,Aarti|Success|DurjaJi
231,https://youtube.com/shorts/fGShWlmiDyE?si=sHBTIs2BRo6Bf0Pj,2,833,गुरु श्लोक,Guru Shlok,Aarti|DurjaJi
231,https://youtube.com/shorts/fGShWlmiDyE?si=sHBTIs2BRo6Bf0Pj,2,907,गुरु कृपा,Guru Kripa,Aarti|DurjaJi
232,https://youtube.com/shorts/uCiRodyfM_8?si=PN-Mn7CrHYKViZK_,2,829,शांति श्लोक,Shanti Shlok,Aarti|DurjaJi
232,https://youtube.com/shorts/uCiRodyfM_8?si=PN-Mn7CrHYKViZK_,2,864,शांति श्लोक,Shanti Shlok,Aarti|Health|DurjaJi
