youtube_video_id,unique_exact_url_count,unique_exact_urls_sample,line_numbers_sample
aTFeZxXkL78,5,https://youtu.be/aTFeZxXkL78?si=HFj5YBPqHTqebgZi|https://youtu.be/aTFeZxXkL78?si=HaE-tYiH834XPpXn|https://youtu.be/aTFeZxXkL78?si=dnS6JCgCFy-zz_xG|https://youtu.be/aTFeZxXkL78?si=duxsc5pwTGoNRBpq|https://youtu.be/aTFeZxXkL78?si=m5lUjY4i8013BWXj,162|460|943|1130|1195|1457
HH_a6aRO1TE,4,https://youtu.be/HH_a6aRO1TE?si=k0J6WxtRY4t4yhi1|https://youtu.be/HH_a6aRO1TE?si=kxNH5n_ZR6TlNb72|https://youtu.be/HH_a6aRO1TE?si=oQ72oac9OI-c9FEL|https://youtu.be/HH_a6aRO1TE?si=rTY4-xxT-cJfpz4W,111|135|836|1203|1538
OKRVaXU01kI,4,https://youtu.be/OKRVaXU01kI?si=3YMdFbLtHjcGJ4sE|https://youtu.be/OKRVaXU01kI?si=JiW7DxUS6igTBq2G|https://youtu.be/OKRVaXU01kI?si=_uw6ukhpng-Bgeg6|https://youtu.be/OKRVaXU01kI?si=iCg0c1WVrhyIyDez,599|647|1119|1165
1y2tRqtND1Y,3,https://youtu.be/1y2tRqtND1Y?si=Oc1VslQStdIS9Z13|https://youtu.be/1y2tRqtND1Y?si=j1s6RWWKKwE9EShB|https://youtu.be/1y2tRqtND1Y?si=wVq_YTMXmSeZFrYr,523|750|1063|1309
3yczGKnskts,3,https://youtu.be/3yczGKnskts?si=--z5nTrp4XW8mSRd|https://youtu.be/3yczGKnskts?si=FvdBzJon0L1sUzSE|https://youtu.be/3yczGKnskts?si=kXnjK3iThd_asoFy,266|570|753|1025|1081|1156|1236|1287|1312|1325
6LO2PRgbutc,3,https://youtu.be/6LO2PRgbutc?si=5jlVXHicQQJxmGEG|https://youtu.be/6LO2PRgbutc?si=vBmy2NmB3RzkWjbW|https://youtu.be/6LO2PRgbutc?si=yww6-9PsBDlf4jy1,554|1318|1517
CIl1O1GwOfk,3,https://youtu.be/CIl1O1GwOfk?si=0PLRHfGike1eIJPN|https://youtu.be/CIl1O1GwOfk?si=S3QRakW4DlnGi8eb|https://youtu.be/CIl1O1GwOfk?si=l5pF_ixmqVuHcdOn,114|129|1074|1140|1210|1531
FUpzgvsWkL8,3,https://youtu.be/FUpzgvsWkL8?si=IR8jegQlpVL8NtTl|https://youtu.be/FUpzgvsWkL8?si=XDpQmK9jpt227gC0|https://youtu.be/FUpzgvsWkL8?si=qjtBffQzDjZu3rmc,88|1117|1168|1529
IKGvPex_NQM,3,https://youtu.be/IKGvPex_NQM?si=1DrV4jmYl-n-B0rm|https://youtu.be/IKGvPex_NQM?si=wE8sis6qTbHLMdVg|https://youtu.be/IKGvPex_NQM?si=xMEMFFJwC-anq-r8,925|973|1190
Tssx17scqO4,3,https://youtu.be/Tssx17scqO4?si=WWEOC-sAGbJPwWoB|https://youtu.be/Tssx17scqO4?si=gBPrZ12Ss-Z8E65l|https://youtu.be/Tssx17scqO4?si=uOt96Cx7Sz5DPI5b,164|462|1458
bZ-Zrc-GPoc,3,https://youtu.be/bZ-Zrc-GPoc?si=b8J0Kore8Q3bJWmI|https://youtu.be/bZ-Zrc-GPoc?si=cw_EX8USJqc4e0KA|https://youtu.be/bZ-Zrc-GPoc?si=pLzw80vTt6ty2tJt,432|1382|1513
sDhrWWWBQLI,3,https://youtu.be/sDhrWWWBQLI?si=08qM_PSgcxvPDebN|https://youtu.be/sDhrWWWBQLI?si=q8A3dtzw-Pz1pxK1|https://youtu.be/sDhrWWWBQLI?si=x0qKB6U3A5R2FSQr,132|1384|1549
vYFOV9nj-_w,3,https://youtu.be/vYFOV9nj-_w?si=Fh10acxtqXypmgSV|https://youtu.be/vYFOV9nj-_w?si=_NycUXJsmBt6Da4d|https://youtu.be/vYFOV9nj-_w?si=r49ExtqDfppGq1cg,179|889|1459
-NqX8zOZ62w,2,https://youtu.be/-NqX8zOZ62w?si=DWcjvgR9t3KYkz-D|https://youtu.be/-NqX8zOZ62w?si=Gama0RD6ZBaBqVBt,739|872|1184|1265
-YVDlWff_5o,2,https://youtu.be/-YVDlWff_5o?si=NnLptGoA8ty1GuGv|https://youtu.be/-YVDlWff_5o?si=gNU9ViaghJWwBl-E,386|1492
1AOgbhmP0ig,2,https://youtu.be/1AOgbhmP0ig?si=41xOtRemY_fBbdT2|https://youtu.be/1AOgbhmP0ig?si=HztCRx46d8XXa16m,260|564
2GQ7t3b3PIM,2,https://youtu.be/2GQ7t3b3PIM?si=LoDVda5DZZXnfd-B|https://youtu.be/2GQ7t3b3PIM?si=bTYiyyrcuLZYyzxb,185|482
3Y1JGvieOBk,2,https://youtu.be/3Y1JGvieOBk?si=-Vziy6rODds0zN_H|https://youtu.be/3Y1JGvieOBk?si=wIIGJG8nmjPlyBfv,297|937
4-XRc7ofCkM,2,https://youtu.be/4-XRc7ofCkM?si=X27vyybJleAeslG2|https://youtu.be/4-XRc7ofCkM?si=bWMvUOXKrHoN6k3S,930|988
4CKpFcQdJXk,2,https://youtu.be/4CKpFcQdJXk?si=2OkdCoCBxDs78Tcv|https://youtu.be/4CKpFcQdJXk?si=HP-4pCLpQdu_xZpV,614|829
5hPQUvaahhg,2,https://youtu.be/5hPQUvaahhg?si=cqtLDH7VLQkac6QA|https://youtu.be/5hPQUvaahhg?si=pQia2507vSpSvByx,608|824
6fl5JFL-SoA,2,https://youtu.be/6fl5JFL-SoA?si=q5d9ZR9bNuB-cEot|https://youtu.be/6fl5JFL-SoA?si=uMzDR8I4B2c9dy8-,196|894
8-qBFaUbKfs,2,https://youtube.com/shorts/8-qBFaUbKfs?si=3v_PngXwBsh9bHST|https://youtube.com/shorts/8-qBFaUbKfs?si=KrUhmC4PxuR0yc_a,916|974
8HTkpFKRqbw,2,https://youtube.com/shorts/8HTkpFKRqbw?si=gXDWT4gUuB1QS0Sj|https://youtube.com/shorts/8HTkpFKRqbw?si=lKsOmUxq3-s1g_eR,867|913
8jff2wz3Hpk,2,https://youtu.be/8jff2wz3Hpk?si=QNsZeRhwDjGRQ5Hs|https://youtu.be/8jff2wz3Hpk?si=QtQGpuxc7Mo_NdyC,500|1476
8xvbnfVIJL4,2,https://youtu.be/8xvbnfVIJL4?si=_w4OfD0T9j_4Ro1r|https://youtu.be/8xvbnfVIJL4?si=nj45iNF3J8MaTlA_,775|1411
AXDLxXIbxAs,2,https://youtu.be/AXDLxXIbxAs?si=61Ag66LJRXixtINz|https://youtu.be/AXDLxXIbxAs?si=LRLn7ZBIQYzSWhry,80|123
BBV0HQI3NB4,2,https://youtu.be/BBV0HQI3NB4?si=LjPC9hE-1m_fAsBa|https://youtu.be/BBV0HQI3NB4?si=hqwyrr6ZWl8nXuSc,828|1064|1135|1201
BL5lLnsLUrA,2,https://youtu.be/BL5lLnsLUrA?si=gbst_MpkoyNGs-vd|https://youtu.be/BL5lLnsLUrA?si=tKilMUx3mU_eIVe5,331|1296
BzPbfftJ8Ho,2,https://youtu.be/BzPbfftJ8Ho?si=D5a89g51GA88L_N_|https://youtu.be/BzPbfftJ8Ho?si=P8Ys7ZeqbXwkIgDP,822|1544
CAc9h7oTjrM,2,https://youtu.be/CAc9h7oTjrM?si=VVFbSow3YEgGraj0|https://youtu.be/CAc9h7oTjrM?si=oeZgKcwyJsEpKqOo,261|709
DCkMeVhmiC4,2,https://youtu.be/DCkMeVhmiC4?si=jcdhcguIvw6rcsQE|https://youtu.be/DCkMeVhmiC4?si=yxxvmUMREHx5iv2a,581|1337
EMO1AT1UQf0,2,https://youtu.be/EMO1AT1UQf0?si=MkZfeLJzerN3VqU3|https://youtu.be/EMO1AT1UQf0?si=YEPhm4K955xBp6RB,552|1316
EkAUXHqqaLk,2,https://youtu.be/EkAUXHqqaLk?si=b2ZaLaeUWX9IOTP5|https://youtu.be/EkAUXHqqaLk?si=c4jgf8zmawRwmVRl,235|1002
EvfGBluQkSk,2,https://youtu.be/EvfGBluQkSk?si=6DRbdUZBZsWzEX86|https://youtu.be/EvfGBluQkSk?si=7z6NrixCl74aIvH_,406|766|1373|1502
GiUkwTxsaYA,2,https://youtu.be/GiUkwTxsaYA?si=cScu8MSnQaP0GaX3|https://youtu.be/GiUkwTxsaYA?si=tAnNkeZ1LrxBim0v,504|1481
HeqiNrjiCfk,2,https://youtu.be/HeqiNrjiCfk?si=EyUBWgbK16-rLLp0|https://youtu.be/HeqiNrjiCfk?si=euAnm4LHlwCrPpSH,288|931|1264
Ik_zhFLWVA0,2,https://youtu.be/Ik_zhFLWVA0?si=VDJeXDG4eTL8qrcf|https://youtu.be/Ik_zhFLWVA0?si=cC6xuVXf48XoS0dP,279|1047
Im5TK-glA9M,2,https://youtu.be/Im5TK-glA9M?si=9nkexVkWvXGF3cUA|https://youtu.be/Im5TK-glA9M?si=HrtM-508EyU_APJO,227|776|1017|1072|1145|1215
JGi64RoqZ9g,2,https://youtu.be/JGi64RoqZ9g?si=LzuKJAoqe1TsPcav|https://youtu.be/JGi64RoqZ9g?si=rwucrFkEivitDdFo,143|1558
Ly_Md1OOyTE,2,https://youtu.be/Ly_Md1OOyTE?si=nCT-_G7dkRiPuF7QQ|https://youtu.be/Ly_Md1OOyTE?si=ni-k1rrLMF2suMfD,9|989|1406
MJwg2dRnBeQ,2,https://youtu.be/MJwg2dRnBeQ?si=fQFON7tpoz66jfCP|https://youtu.be/MJwg2dRnBeQ?si=tgA7oiR_v6rXAlZV,1116|1171
MtbVsknZP-A,2,https://youtu.be/MtbVsknZP-A?si=EpGnCXoRWCCtKUhi|https://youtu.be/MtbVsknZP-A?si=uMbJViu_PvND-iuY,444|1391
MuVrsDfgwI0,2,https://youtu.be/MuVrsDfgwI0?si=TpM7uKaIrn00Acbk|https://youtu.be/MuVrsDfgwI0?si=ttg63rMJqtDATiJg,221|267
NE3SWh9_vR4,2,https://youtu.be/NE3SWh9_vR4?si=oJOVnsbkOB7Qxw5b|https://youtu.be/NE3SWh9_vR4?si=z8FGFGAzZeFHBd2I,256|1146|1217|1275|1319|1363
Naruxgq6oMU,2,https://youtu.be/Naruxgq6oMU?si=FcMrbfkDJoW6MNjX|https://youtu.be/Naruxgq6oMU?si=xqSFGrw15ZFcqKY-,151|450|735|754|868|1058|1181|1266|1446
O0dGIsqbMsw,2,https://youtu.be/O0dGIsqbMsw?si=YMDdBnbEnw14QNiR|https://youtu.be/O0dGIsqbMsw?si=shotKSeK8r1k9C7N,600|648
OOS-Pcovi-4,2,https://youtu.be/OOS-Pcovi-4?si=SyvUORCDLtjdVH2F|https://youtu.be/OOS-Pcovi-4?si=vJZVLePUjRe5jde6,897|1532
OV9LXGOXjgs,2,https://youtu.be/OV9LXGOXjgs?si=0izGm1eYkmBS0343|https://youtu.be/OV9LXGOXjgs?si=9xpVAx95c3g2zoh6,6|732|812|1056|1113|1167|1400|1419
PT1CwFIoc98,2,https://youtu.be/PT1CwFIoc98?si=Il-i74wqg1etBqxF|https://youtu.be/PT1CwFIoc98?si=xAYsyfQq1WC7E0z_,427|1288|1383
PeYGaeORoOY,2,https://youtu.be/PeYGaeORoOY?si=Czecw7q3IkVzA55C|https://youtu.be/PeYGaeORoOY?si=ONsUR5ezqmmko8O0,156|455
PvdeDNeCiQc,2,https://youtu.be/PvdeDNeCiQc?si=GEiACiPyXCFv9oen|https://youtu.be/PvdeDNeCiQc?si=T6FiME_l0gc5pd7S,543|768|1004
R15QXx7yRUo,2,https://youtu.be/R15QXx7yRUo?si=F8f5-iFv9tBh6OJx|https://youtu.be/R15QXx7yRUo?si=aCpS8BKqgcMwoOqs,885|903
RDWtngDhknA,2,https://youtu.be/RDWtngDhknA?si=6BoczvScrpmaOros|https://youtu.be/RDWtngDhknA?si=WCTJjON7OPrv6Hdy,320|939
RlNJspksnbg,2,https://youtu.be/RlNJspksnbg?si=RCael-63gpq5zKU4|https://youtu.be/RlNJspksnbg?si=jjexZNZPhPFgs0np,410|1012
S980-z1qx3g,2,https://youtu.be/S980-z1qx3g?si=mdxNJBopqX3nNpBz|https://youtu.be/S980-z1qx3g?si=skvwCt7XGHenuWbP,12|833|1410
UJZZyryDK00,2,https://youtu.be/UJZZyryDK00?si=pS4DwK9XFn84QOnQ|https://youtu.be/UJZZyryDK00?si=rnb6ybLJ1g19xgWw,676|773
UkT5eHWOIjQ,2,https://youtu.be/UkT5eHWOIjQ?si=mbNXv4_wRxfFKtJ6|https://youtu.be/UkT5eHWOIjQ?si=wBoYN_nxertpZqQW,944|1006
WyHFSjN0miU,2,https://youtu.be/WyHFSjN0miU?si=C2PbbebEskn6KqLR|https://youtu.be/WyHFSjN0miU?si=pCUb4V5RltoNG-DB,176|471|856|953|1222|1460
XhxvcnExPNQ,2,https://youtu.be/XhxvcnExPNQ?si=nfh___BHqMxP2wv1|https://youtu.be/XhxvcnExPNQ?si=w62P2ANg6x0OryeL,172|464
Yuex2EnsGiY,2,https://youtu.be/Yuex2EnsGiY?si=0_Pq00ZXiWo3JeVx|https://youtu.be/Yuex2EnsGiY?si=SN2TjtMVVhHmp7gl,188|486|1274|1284|1317
ZkKStVgGEJY,2,https://youtu.be/ZkKStVgGEJY?si=3ByfjplaH0mUbK5v|https://youtu.be/ZkKStVgGEJY?si=LGnO8DtUL_iEf1ei,431|1378|1509
aH2ipOQ1_bU,2,https://youtu.be/aH2ipOQ1_bU?si=O2s_vctg1Roye0xu|https://youtu.be/aH2ipOQ1_bU?si=icocDYxf8Rhh_hJd,168|463
av9FFShVYBU,2,https://youtu.be/av9FFShVYBU?si=Ad06fEsAnohtH32q|https://youtu.be/av9FFShVYBU?si=cCKzcZmfK8byA0X8,170|1464
bcs4geISuy0,2,https://youtu.be/bcs4geISuy0?si=-BYP11FJGKAQ7fk3|https://youtu.be/bcs4geISuy0?si=iIlUMsgUwP0VAQdf,286|744|924|1061|1182|1260|1261
bo62sjQ0CmE,2,https://youtu.be/bo62sjQ0CmE?si=0zcZrViLINirsSiD|https://youtu.be/bo62sjQ0CmE?si=t1lAn32pD2F23gVQ,190|1478
c0J1WntPaDg,2,https://youtu.be/c0J1WntPaDg?si=MKuPTGQBJ6wKVF5s|https://youtu.be/c0J1WntPaDg?si=PMqDiJZ9LjbiqiFk,961|1276
dVTUUtOHUCA,2,https://youtu.be/dVTUUtOHUCA?si=Kos_i0o8NA3VrmOj|https://youtu.be/dVTUUtOHUCA?si=Uk_2RDtvaypwtFhK,635|1362|1370
dkVlpm1mKFI,2,https://youtu.be/dkVlpm1mKFI?si=crdKp9jnOOfpOZx7|https://youtu.be/dkVlpm1mKFI?si=vJFkS8R3-PMxX_Ji,154|457|1259|1449
dnCE-kSHES0,2,https://youtu.be/dnCE-kSHES0?si=cYpIjXtwIhaE19YB|https://youtu.be/dnCE-kSHES0?si=yTCI8n72etTZr0XL,1033|1083|1231|1333
eH89BxWg9P4,2,https://youtu.be/eH89BxWg9P4?si=0zOcU8tr43L7aj2q|https://youtu.be/eH89BxWg9P4?si=5IOyC_otVc9JKSFd,136|1550
enalr0CvqVM,2,https://youtu.be/enalr0CvqVM?si=WMYDWThqcqx9a4pP|https://youtu.be/enalr0CvqVM?si=XToEKXUbPLlC3Dqe,204|1477
fV8WIzEHD-E,2,https://youtu.be/fV8WIzEHD-E?si=27m-AHd4U1hn9Aq-|https://youtu.be/fV8WIzEHD-E?si=QoCkMznHOJj-qUjD,501|1474
gFr5p5AyuD0,2,https://youtu.be/gFr5p5AyuD0?si=QD5VW5nRGb8TXEFJ|https://youtu.be/gFr5p5AyuD0?si=d8JQg36LZDxyWjr3,189|1471
g_czAYo3MKQ,2,https://youtu.be/g_czAYo3MKQ?si=-LU0VBJs1MmgBg7t|https://youtu.be/g_czAYo3MKQ?si=gMXItXZe4oVrD-co,287|927
gsHIPGDctJ0,2,https://youtu.be/gsHIPGDctJ0?si=0M-JKLTSQ47e8TaB|https://youtu.be/gsHIPGDctJ0?si=lAIFco1_0UhAKruS,242|763
gyLT2Yz_yHo,2,https://youtu.be/gyLT2Yz_yHo?si=6boX0E4ODR2nuxV9|https://youtu.be/gyLT2Yz_yHo?si=nhoDAX1GtLKoJJzs,536|1015
iRVIbOMymj0,2,https://youtu.be/iRVIbOMymj0?si=cFBjMhHR-DcFq9_Y|https://youtu.be/iRVIbOMymj0?si=p9yfDWWAsb63wtMq,697|731|792|1059
invPCYDaWUE,2,https://youtu.be/invPCYDaWUE?si=-cwsyKTg-INmshaY|https://youtu.be/invPCYDaWUE?si=0CRahD-R2NNXDnCu,395|830|1126|1194|1368|1501
j8l2aX86Ouk,2,https://youtu.be/j8l2aX86Ouk?si=1JGWEjb8YcyEDR9R|https://youtu.be/j8l2aX86Ouk?si=dHrlQKdAK2KKrQCo,1118|1170
jB4aaP2X7S4,2,https://youtu.be/jB4aaP2X7S4?si=fNw_s_3Ep9aH-uJZ|https://youtu.be/jB4aaP2X7S4?si=m9_aarWrjCpP8nDx,594|746|803|1352
m8hvtU9Lzzk,2,https://youtu.be/m8hvtU9Lzzk?si=1K9flqSsHLdbD1bx|https://youtu.be/m8hvtU9Lzzk?si=Y9IBp48e1VidVKd4,289|926
mmVbmowFswQ,2,https://youtu.be/mmVbmowFswQ?si=4Pq4-LiYvLPJNzNH|https://youtu.be/mmVbmowFswQ?si=pZE5fw0QkulqRM2W,583|1339
n4fZknyZlsk,2,https://youtu.be/n4fZknyZlsk?si=5tj8RlXP-RerHJhG|https://youtu.be/n4fZknyZlsk?si=W6avmHz2Bl7IEuMr,133|1152|1554
nLUmRxc6140,2,https://youtu.be/nLUmRxc6140?si=TlXcstkGhRj6Ed0G|https://youtu.be/nLUmRxc6140?si=tDzujtf2OLcvCbDf,202|1472
n_DeYZEy4Y4,2,https://youtu.be/n_DeYZEy4Y4?si=sUCnkqbCYX4M_5BL|https://youtu.be/n_DeYZEy4Y4?si=wdZ7kUQSQ35qIs_5,388|1493
r66ySZ7iipM,2,https://youtu.be/r66ySZ7iipM?si=FM_yp5XcLh9cQ4q0|https://youtu.be/r66ySZ7iipM?si=NEjamA32NPb6T0qz,601|646
r7GJ8GoGSD8,2,https://youtu.be/r7GJ8GoGSD8?si=5vKJpH3tM6QoFwzl|https://youtu.be/r7GJ8GoGSD8?si=_XwHYxWLE9gLr6gI,117|1361
rPUuIMR7IJg,2,https://youtu.be/rPUuIMR7IJg?si=Ih0RY7ld8sJvMgQ6|https://youtu.be/rPUuIMR7IJg?si=plhMh38FMb-YkGTj,1385|1553
udRgk50LOuA,2,https://youtu.be/udRgk50LOuA?si=OnWHt9_jUWmMlIHv|https://youtu.be/udRgk50LOuA?si=aNXgNWFWUnR1bwfA,173|466
vLP6gdiDbOU,2,https://youtu.be/vLP6gdiDbOU?si=jO6MgHWC3vJEyRrd|https://youtu.be/vLP6gdiDbOU?si=m7rY9Wm1sygwWuaf,238|946
vlc0vWvSrOM,2,https://youtu.be/vlc0vWvSrOM?si=fvKhdLJK61GyaAFD|https://youtu.be/vlc0vWvSrOM?si=kqXnkvDI7kec51Je,1353|1404|1526
vp2Wp1mtb7o,2,https://youtube.com/shorts/vp2Wp1mtb7o?si=94qjGBD7qZDFoWA3|https://youtube.com/shorts/vp2Wp1mtb7o?si=ZDoZPcitIfChkb7U,797|912
w7HbgKcQS_w,2,https://youtu.be/w7HbgKcQS_w?si=9LtJV_tRsaENcyyg|https://youtu.be/w7HbgKcQS_w?si=KCJVUE_VkpIA8tKc,58|1160|1423
wiIJr3qihaQ,2,https://youtu.be/wiIJr3qihaQ?si=-f9FdXR6zpC7iHDa|https://youtu.be/wiIJr3qihaQ?si=5q_29OGfvhaHvRka,503|1473
yWTN6bsDWN4,2,https://youtu.be/yWTN6bsDWN4?si=Lzw6_QbV5g85uOt9|https://youtu.be/yWTN6bsDWN4?si=UqPSo0fBRLeKdbXM,574|1028
ytV08faCJwg,2,https://youtu.be/ytV08faCJwg?si=5OYB2QhpM3Jyjw28|https://youtu.be/ytV08faCJwg?si=eXY_cZGO-FsueNS1,8|1401|1402
zKC17254flc,2,https://youtu.be/zKC17254flc?si=1RLal5iLIRaiuuMb|https://youtu.be/zKC17254flc?si=yopAvgJ5ioKqpPJq,232|840
zukqadAe9N8,2,https://youtu.be/zukqadAe9N8?si=M1D-iNfUXiTaOKDm|https://youtu.be/zukqadAe9N8?si=c6fU3iNcPs4fnzy_,761|1413
