group_id,count,title_hi,title_en,tags_sorted,content_urls,indexes
1,4,अच्युतम केशवम,Achyutam Keshavam,Aarti|DurjaJi,https://youtu.be/3yczGKnskts?si=FvdBzJon0L1sUzSE,397|424|1069|1126
2,4,श्री रामचंद्र कृपालु,Shri Ramchandra Kripalu,Aarti|DurjaJi,https://youtu.be/leVoi6kkp3o?si=v3atP52xIcpUEFs8,400|429|1072|1131
3,4,राम नाम के हीरे मोती,Ram Naam Ke Heere Moti,Aarti|DurjaJi,https://youtu.be/6BJR_j4FHz4?si=hRLU-bLSvuuKWHgs,403|426|1075|1128
4,4,ओ पालनहारे,O Palanhare,Aarti|DurjaJi,https://youtu.be/kbMinfmC3E0?si=EORk1j1UQxAqRLLu,407|425|1079|1127
5,4,मेरा आपकी कृपा से,Mera Aapki Kripa Se,Aarti|DurjaJi,https://youtu.be/C9EespXQCGE?si=IyEpmHHsEOLzOuXF,408|423|1080|1125
6,4,आदित्य हृदय स्तोत्र,Aditya Hridaya Stotra,Aarti|DurjaJi,https://youtu.be/invPCYDaWUE?si=-cwsyKTg-INmshaY,410|430|1102|1152
7,4,राम रक्षा स्तोत्र,Ram Raksha Stotra,Aarti|DurjaJi,https://youtu.be/y-Xv63obhKI?si=M5eZNo40oYpESgJA,413|433|1105|1155
8,4,नारायण कवच,Narayan Kavach,Aarti|DurjaJi,https://youtu.be/BBV0HQI3NB4?si=LjPC9hE-1m_fAsBa,419|437|1111|1159
9,2,ॐ शं शनैश्चराय नमः,Om Sham Shanaishcharaya Namah,Mantra|ShaniiDevJi,https://youtu.be/kB0dFMBE7-g?si=wlcGDLcwvs5ytuqk,164|607
10,2,शनि बीज मंत्र,Shani Beej Mantra,Mantra|ShaniiDevJi,https://youtu.be/kgvV-TdtWJI?si=Rv6I8CTy3sGjF2Ty,165|608
11,2,नीलांजन समाभासं,Nilanjana Samabhasam,Mantra|ShaniiDevJi,https://youtu.be/oI7nbhh9oBU?si=Ln_Gw5XMwjb0sGQ3,166|609
12,2,शनि गायत्री मंत्र),Shani Gayatri Mantra),Mantra|ShaniiDevJi,https://youtu.be/j2sTr6JZdco?si=m6tpnX4rqpF7vLQE,167|610
13,2,शनि वज्र पंजर कवचम्,Shani Vajra Panjar Kavacham,ShaniiDevJi|Strotam,https://youtu.be/pTcdxwTWstI?si=lyJbdwKdQI3eTfXv,168|611
14,2,दशरथकृत शनि स्तोत्र,Dashrathkrit Shani Stotra,ShaniiDevJi|Strotam,https://youtu.be/NqVQbkZNb3k?si=up8I1tLPXOTVEQFt,169|612
15,2,महाकाल शनि मृत्युञ्जय स्तोत्र,Mahakal Shani Mrityunjaya Stotra,ShaniiDevJi|Strotam,https://youtu.be/R-QTna2MvME?si=okZ5YcA6gTSonATR,170|613
16,2,शनि पीडाहर स्तोत्र,Shani Peedahar Stotra,ShaniiDevJi|Strotam,https://youtu.be/XiMzBSu9l6U?si=jFA_091ue8XvG4Ck,171|614
17,2,शनि चालीसा,Shani Chalisa,Chalisa|ShaniiDevJi,https://youtu.be/MJ14wONWjWg?si=DEpgPZC7NuC6rPgX,172|615
18,2,श्री शनि अष्टकम्,Shri Shani Ashtakam,Ashtakam|ShaniiDevJi,https://youtu.be/PZ7q-Lbz11M?si=K4-Sr6N-X3CejQJN,173|616
19,2,शनि स्तुति,Shani Stuti,ShaniiDevJi|Stuti,https://youtu.be/v5zWGRCJV6c?si=ZLpqnNbRnZ52LKcJ,174|617
20,2,शनि वंदना:,Shani Vandana:,ShaniiDevJi|Stuti,https://youtu.be/2nGciKbBAMY?si=-h41UQYsN1Tn89Ox,175|618
21,2,जय जय श्री शनिदेव भक्तन हितकारी,Jai Jai Shri Shanidev Bhaktan Hitkari,Aarti|ShaniiDevJi,https://youtu.be/sqyVe_kOEuQ?si=4JzKtqsmhTRMhR2W,176|619
22,2,आरती श्री शनि महाराज की,Aarti Shri Shani Maharaj Ki,Aarti|ShaniiDevJi,https://youtu.be/sJ3Kg21bNrE?si=hohbJozyLHx2GFo5,177|620
23,2,सूर्यपुत्रो दीर्घदेहो,Suryaputro Dirghadeho,ShaniiDevJi|Shloka,https://youtu.be/kS1Dn4VjUNk?si=ecGHHRZxmNLhUvxa,178|621
24,2,शनैश्वरा  शनैश्वरा,Shanaishwara Shanaishwara,Bhajan|ShaniiDevJi,https://youtu.be/7MhfQOgWMyc?si=9-sfsnHXgLJw40qt,179|622
25,2,सच्चा शनिदेव तेरा दरबार,Sachcha Shanidev Tera Darbar,Bhajan|ShaniiDevJi,https://youtu.be/o70xTR8t0H4?si=HatQvVEQ9HPQgqLD,180|623
26,2,शनि जी करदो बेड़ा पार,Shani Ji Kardo Beda Paar,Bhajan|ShaniiDevJi,https://youtu.be/oepDHcPHWwc?si=QJr2Vv_RI9lN8rJ1,181|624
27,2,श्री शनिदेव अमृतवाणी,Shri Shanidev Amritwani,Bhajan|ShaniiDevJi,https://youtu.be/e3K3BREwxRQ?si=dfzljU4OEcbG3KLp,182|625
28,2,शनि देव तुम्हारे चरणों में,Shani Dev Tumhare Charno Mein,Bhajan|ShaniiDevJi,https://youtu.be/UqQgZSu8bqg?si=_5Z7nj5e6baEJvaU,183|626
29,2,शनिदेव तेरा जग में अजब नजारा है,Shanidev Tera Jag Mein Ajab Nazara Hai,Bhajan|ShaniiDevJi,https://youtu.be/QtwtvLgJFzQ?si=pEGCwBUmI0YlEnb0,184|627
30,2,शनिदेव के जन्म की महान कथा,Shanidev Ke Janm Ki Mahan Katha,Katha|ShaniiDevJi,https://youtu.be/SQcX9sUnkP4?si=qSFF_V0Drj9D7Iyx,185|628
31,2,शनिदेव और हनुमान जी की कथा |,Shanidev Aur Hanuman Ji Ki Katha |,Katha|ShaniiDevJi,https://youtu.be/8l77GDrFq-k?si=9Z4rz10EH1DVrmgH,186|629
32,2,शनिवार व्रत कथा,Shanivar Vrat Katha,Katha|ShaniiDevJi,https://youtu.be/sNBJiXNxuZ0?si=tBfa_WYc8KvWc3wn,187|630
33,2,ॐ रामाय नमः,Om Ramaya Namah,Mantra|Ramji,https://youtu.be/CA8RcKyO0Y4?si=lQGTY9Ov96Uhu8JI,188|631
34,2,ॐ राम रामाय नमः,Om Ram Ramaya Namah,Mantra|Ramji,https://youtu.be/-YVDlWff_5o?si=gNU9ViaghJWwBl-E,189|632
35,2,श्री राम जय राम जय जय राम,Shri Ram Jai Ram Jai Jai Ram,Mantra|Ramji,https://youtu.be/-1udu-1LpOo?si=pmbGDDSFyq5uJhX0,190|633
36,2,ॐ श्री रामचन्द्राय नमः,Om Shri Ramchandraya Namah,Mantra|Ramji,https://youtu.be/n_DeYZEy4Y4?si=wdZ7kUQSQ35qIs_5,191|634
37,2,ॐ नमो भगवते रामचंद्राय,Om Namo Bhagavate Ramchandraya,Mantra|Ramji,https://youtu.be/sRjLbmFjjQ0?si=BflcnYp06jrhbI1r,192|635
38,2,राम रामेति रामेति,Ram Rameti Rameti,Mantra|Ramji,https://youtu.be/aR1g92A_5gQ?si=Ae8UK15_LC0l8fX3,193|636
39,2,आपदामपहर्तारं,Apadamapahartaram,Mantra|Ramji,https://youtu.be/zUFVftjjHGo?si=ooN4CxSSSJsBs-aP,194|637
40,2,श्री राम रक्षा स्तोत्र:,Shri Ram Raksha Stotra:,Ramji|Strotam,https://youtu.be/NYakpChmUb0?si=JIAUkjQRaibfhJsE,195|638
41,2,आदित्य हृदय स्तोत्र:,Aditya Hridaya Stotra:,Ramji|Strotam,https://youtu.be/invPCYDaWUE?si=0CRahD-R2NNXDnCu,196|639
42,2,श्री राम सहस्रनाम स्तोत्र,Shri Ram Sahasranama Stotra,Ramji|Strotam,https://youtu.be/yeWPihxDQvA?si=5TDCOox2vWBbCJzB,197|640
43,2,नाम रामायणम्,Nama Ramayanam,Ramji|Strotam,https://youtu.be/9IqAtf_DTb8?si=7qKSbxov-_kWaUeO,198|641
44,2,राम हृदय स्तोत्र,Ram Hridaya Stotra,Ramji|Strotam,https://youtu.be/rUmtjKs26dw?si=JRofuERjRhU5rOtv,199|642
45,2,जटायु कृत श्री राम स्तोत्र,Jatayu Krit Shri Ram Stotra,Ramji|Strotam,https://youtu.be/jxgpE4o0zoM?si=7XCu8h1e7eQkvotb,200|643
46,2,श्री राम चालीसा,Shri Ram Chalisa,Chalisa|Ramji,https://youtu.be/MoJw2s6q4P0?si=R2XibwgmtcN1lazL,201|644
47,2,श्री राम अष्टकम,Shri Ram Ashtakam,Ashtakam|Ramji,https://youtu.be/EvfGBluQkSk?si=6DRbdUZBZsWzEX86,202|645
48,2,श्री रामचंद्र कृपालु भजु मन:,Shri Ramachandra Kripalu Bhaju Man:,Ramji|Stuti,https://youtu.be/igJHuojQHeo?si=B6vk7vi5KYW6nhYO,203|646
49,2,जानकी स्तुति,Janki Stuti,Ramji|Stuti,https://youtu.be/RlNJspksnbg?si=jjexZNZPhPFgs0np,204|647
50,2,श्री रामचंद्र जी की आरती:,Shri Ramachandra Ji Ki Aarti:,Aarti|Ramji,https://youtu.be/J5cllhBiAV0?si=eZFJ95kTQoYeJ4UH,205|648
51,2,जग जननी सीता माता की आरती,Jag Janani Sita Mata Ki Aarti,Aarti|Ramji,https://youtu.be/mrH_rSZnxdU?si=lYdSNjCKgNuKEo-j,206|649
52,2,आरती श्री रामायण जी की,Aarti Shri Ramayan Ji Ki,Aarti|Ramji,https://youtu.be/FVdX-ZhTR4w?si=4dtkjJ7jPjADBS8i,207|650
53,2,आरती श्री रघुवर लाला की,Aarti Shri Raghuvar Lala Ki,Aarti|Ramji,https://youtu.be/onCk_r8OPe4?si=IuxtvhlHTntByscC,208|651
54,2,आरती अवध बिहारी की,Aarti Avadh Bihari Ki,Aarti|Ramji,https://youtu.be/ut6AHW2stnk?si=Ri_AUS3fsqwYS3Qb,209|652
55,2,नीलाम्बुज श्यामल,Nilambuja Shyamala,Ramji|Shloka,https://youtu.be/cqzJBHFeI0Y?si=ahqCNpljz7KMS64U,210|653
56,2,रामाय रामभद्राय,Ramaya Ramabhadraya,Ramji|Shloka,https://youtu.be/Hcljk3ygbVc?si=oQ__JrPUy6l5dJrn,211|654
57,2,लोकाभिरामं रणरंगधीरं,Lokabhiramam Ranarangadhiram,Ramji|Shloka,https://youtu.be/BzUBWzgXJnc?si=VOpDb7Yr370nkHUN,212|655
58,2,पायो जी मैंने राम रतन धन पायो,Payo Ji Maine Ram Ratan Dhan Payo,Bhajan|Ramji,https://youtu.be/pRjGwMSqjZo?si=paIzNVFEfqMABUaj,214|657
59,2,ठुमक चलत रामचंद्र बाजत पैंजनिया,Thumak Chalat Ramchandra Bajat Painjaniya,Bhajan|Ramji,https://youtu.be/PT1CwFIoc98?si=xAYsyfQq1WC7E0z_,215|658
60,2,श्री राम जानकी बैठे हैं मेरे सीने में,Shri Ram Janki Baithe Hain Mere Seene Mein,Bhajan|Ramji,https://youtu.be/jxtDNKTnmqY?si=wElShzcNXxs7zp4R,216|659
61,2,रघुपति राघव राजा राम,Raghupati Raghav Raja Ram,Bhajan|Ramji,https://youtu.be/Gtfufkz68KM?si=exIeaIdkt21gExXk,217|660
62,2,राम कहानी सुनो रे राम कहानी,Ram Kahani Suno Re Ram Kahani,Bhajan|Ramji,https://youtu.be/raAgqGKgIU8?si=imd0TcZyq9jAJfNN,218|661
63,2,नगरी हो अयोध्या सी,Nagari Ho Ayodhya Si,Bhajan|Ramji,https://youtu.be/ZkKStVgGEJY?si=LGnO8DtUL_iEf1ei,219|662
64,2,राम जी की निकली सवारी,Ram Ji Ki Nikli Sawari,Bhajan|Ramji,https://youtu.be/bZ-Zrc-GPoc?si=pLzw80vTt6ty2tJt,220|663
65,2,भजमन राम चरण सुखदाई,Bhajman Ram Charan Sukhdayi,Bhajan|Ramji,https://youtu.be/bhJ8_EqziNY?si=FKZ8NHKTs6R1lRUW,221|664
66,2,राम नाम के हीरे मोती,Ram Naam Ke Heere Moti,Bhajan|Ramji,https://youtu.be/6BJR_j4FHz4?si=hRLU-bLSvuuKWHgs,222|665
67,2,मन में राम बसा ले,Man Mein Ram Basa Le,Bhajan|Ramji,https://youtu.be/eXSq8m8CqGc?si=3f43U1aXfPAM58Hi,223|666
68,2,श्री राम जन्म कथा:,Shri Ram Janm Katha:,Katha|Ramji,https://youtu.be/_9mbammZPdU?si=n-ByLRdXdeMlpmHp,224|667
69,2,श्री राम ने कैसे किया माँ अहल्या का उद्धार,Shri Ram Ne Kaise Kiya Maa Ahalya Ka Uddhar,Katha|Ramji,https://youtu.be/x795jwrP6sY?si=Yx3aq_swuDsuga3X,225|668
70,2,सीता स्वयंवर की अद्भुत कथा,Sita Swayamvar Ki Adbhut Katha,Katha|Ramji,https://youtu.be/f_dQkIQqdvs?si=VW1LPoO0Ogb4h0pc,226|669
71,2,श्रीराम वनवास की कथा,Shriram Vanvas Ki Katha,Katha|Ramji,https://youtu.be/vcV_UjRl_OM?si=FuwK91gx91kJVKGN,227|670
72,2,भरत राम मिलाप - कथा,Bharat Ram Milap - Katha,Katha|Ramji,https://youtu.be/DF8jiXHJlRA?si=LwvO4OoiAxaNRpDV,228|671
73,2,श्रीराम ने बाली को छुपकर क्यों मारा ?,Shriram Ne Bali Ko Chhupkar Kyon Mara?,Katha|Ramji,https://youtu.be/k7kdm72nBjU?si=NJnOHq8FVwLrioHv,229|672
74,2,विजयादशमी - राम रावण अंतिम युद्ध की सम्पूर्ण कथा |,Vijayadashami - Ram Ravan Antim Yudh Ki Sampurn Katha |,Katha|Ramji,https://youtu.be/MtbVsknZP-A?si=EpGnCXoRWCCtKUhi,230|673
75,2,बीज मंत्र,Beej Mantra,GaneshJi|Mantra,https://youtu.be/Naruxgq6oMU?si=xqSFGrw15ZFcqKY-,231|674
76,2,ॐ वक्रतुण्डाय हुम्,Om Vakratundaya Hum,GaneshJi|Mantra,https://youtu.be/cidhzMLBUPQ?si=fXMWhEu5ZeeOpj3l,232|675
77,2,ॐ हस्ति पिशाचि लिख स्वाहा,Om Hasti Pishachi Likha Swaha,GaneshJi|Mantra,https://youtu.be/U88tnB0H1xI?si=2-HbuGny0YDj6tfC,233|676
78,2,ॐ लम्बोदराय नमः,Om Lambodaray Namah,GaneshJi|Mantra,https://youtu.be/Kdz0DzHoh_c?si=c_D5ejrJH2mP4nDv,234|677
79,2,ॐ विकटाय नमः,Om Vikataya Namah,GaneshJi|Mantra,https://youtu.be/BLVWder8V9I?si=ZzhUqV7dwH-dI-sP,235|678
80,2,ॐ विनायकाय नमः,Om Vinayakaya Namah,GaneshJi|Mantra,https://youtu.be/PeYGaeORoOY?si=Czecw7q3IkVzA55C,236|679
81,2,ॐ विघ्ननाशनाय नमः,Om Vighnanashanaya Namah,GaneshJi|Mantra,https://youtu.be/AibLZNQcHq4?si=LjeojdU2vyn6oW8m,237|680
82,2,गणेश गायत्री,Ganesh Gayatri,GaneshJi|Mantra,https://youtu.be/dkVlpm1mKFI?si=vJFkS8R3-PMxX_Ji,238|681
83,2,श्री संकटनाशन गणेश स्तोत्र,Shri Sankatnashan Ganesh Stotra,GaneshJi|Strotam,https://youtu.be/aTFeZxXkL78?si=HFj5YBPqHTqebgZi,239|682
84,2,गणेश अथर्वशीर्ष,Ganesh Atharvashirsha,GaneshJi|Strotam,https://youtu.be/Tssx17scqO4?si=WWEOC-sAGbJPwWoB,240|683
85,2,ऋणहर्ता गणेश स्तोत्र,Rinaharta Ganesh Stotra,GaneshJi|Strotam,https://youtu.be/aH2ipOQ1_bU?si=icocDYxf8Rhh_hJd,241|684
86,2,गणेश अष्टोत्तर शतनाम स्तोत्र,Ganesh Ashtottara Shatanam Stotra,GaneshJi|Strotam,https://youtu.be/XhxvcnExPNQ?si=nfh___BHqMxP2wv1,242|685
87,2,गणेश कवच,Ganesh Kavach,GaneshJi|Strotam,https://youtu.be/7AOJUIx9dLE?si=iiZJAYQrRCv1tpsQ,243|686
88,2,मयूरेस्वर स्तोत्र,Mayureshwar Stotra,GaneshJi|Strotam,https://youtu.be/udRgk50LOuA?si=aNXgNWFWUnR1bwfA,244|687
89,2,गणेश हृदय स्तोत्र,Ganesh Hridaya Stotra,GaneshJi|Strotam,https://youtu.be/hA__sJZ_FOc?si=-goJ82D1uxHHIBdW,245|688
90,2,गणेश चालीसा,Ganesh Chalisa,Chalisa|GaneshJi,https://youtu.be/WyHFSjN0miU?si=C2PbbebEskn6KqLR,246|689
91,2,गणेश अष्टकम,Ganesh Ashtakam,Ashtakam|GaneshJi,https://youtu.be/BhrCfQ0xyp8?si=Y8ihF6eLhRKE0QZ1,247|690
92,2,श्री गणेश पञ्चरत्न,Shri Ganesh Pancharatna,GaneshJi|Stuti,https://youtu.be/IMtvmQr5o5I?si=l3Ya9JbkB2GCi9RB,248|691
93,2,प्रथम तुला वंदितो,Pratham Tula Vandito,GaneshJi|Stuti,https://youtu.be/l_pV6jQdQ9c?si=S4GL6AaK1Ph0w14l,249|692
94,2,गजाननं भूत गणादि सेवितं,Gajananm Bhut Ganadi Sevitam,GaneshJi|Stuti,https://youtu.be/ayj0Gm6RTg8?si=JCPQw6jvbztxQbwn,250|693
95,2,श्री गणेश स्तुति,Shri Ganesh Stuti,GaneshJi|Stuti,https://youtu.be/2GQ7t3b3PIM?si=bTYiyyrcuLZYyzxb,251|694
96,2,गणेश वंदना,Ganesh Vandana,GaneshJi|Stuti,https://youtu.be/kE_3b_NaOAE?si=sHrTYnvs_Ht1N8E1,252|695
97,2,श्री गणेश जी की आरती,Shri Ganesh Ji Ki Aarti,Aarti|GaneshJi,https://youtu.be/Yuex2EnsGiY?si=0_Pq00ZXiWo3JeVx,253|696
98,2,सुखकर्ता दुखहर्ता,Sukh Karta Dukhaharta,Aarti|GaneshJi,https://youtu.be/EnbppB9t2Lg?si=53RDlB0vlkr02pCQ,254|697
99,2,ॐ शेंदुर लाल चढ़ायो अच्छा गजमुख को,Om Shendur Lal Chadhayo Achchha Gajmukh Ko,Aarti|GaneshJi,https://youtu.be/x4xwzv7zKms?si=N__XDkVXQXgqL8HK,255|698
100,2,वक्रतुण्ड महाकाय,Vakratunda Mahakaya,GaneshJi|Shloka,https://youtu.be/sgniT3zYZGE?si=BSxImt8-d3zA9-jK,256|699
101,2,गजाननं भूतगणादि,Gajananm Bhuta Ganadi,GaneshJi|Shloka,https://youtu.be/_7gdZWrPQX8?si=FCARIs6d0jt8PzT0,257|700
102,2,अगजानन पद्मार्कं,Agajanan Padmarkam,GaneshJi|Shloka,https://youtu.be/N1tQ2zK4aYk?si=DZOejLlpJrA5r6aD,258|701
103,2,सुमुखश्चैकदन्तश्च,Sumukhashchaikadantashcha,GaneshJi|Shloka,https://youtu.be/KI03fvJNUTk?si=D9xeAlbhH0zw2l0M,259|702
104,2,ॐ श्रीं गं सौभाग्य गणपतये वर्वर्द सर्वजन्म में वषमान्य स्वाहा,Om Shreem Gam Saubhagya Ganapataye Varvarada Sarvajanma Me Vashamanya Swaha,GaneshJi|Shloka,https://youtu.be/nbfyD78Dke0?si=--jK-lqu9SvtXhzK,260|703
105,2,देवा श्री गणेशा,Deva Shri Ganesha,Bhajan|GaneshJi,https://youtu.be/RYqJ5w-GrfM?si=7iTLrOhIb63mpAAA,261|704
106,2,मौर्या रे बाप्पा मौर्या रे,Maurya Re Bappa Maurya Re,Bhajan|GaneshJi,https://youtu.be/8jff2wz3Hpk?si=QNsZeRhwDjGRQ5Hs,262|705
107,2,गजानना श्री गणराया,Gajanana Shri Ganaraya,Bhajan|GaneshJi,https://youtu.be/fV8WIzEHD-E?si=QoCkMznHOJj-qUjD,263|706
108,2,सुनो गणपति बाप्पा मौर्या,Suno Ganpati Bappa Maurya,Bhajan|GaneshJi,https://youtu.be/WFBpMrcaxXA?si=XJBNsWCipgSiL04x,264|707
109,2,गणपति अपने गाँव चले,Ganpati Apne Gaon Chale,Bhajan|GaneshJi,https://youtu.be/wiIJr3qihaQ?si=-f9FdXR6zpC7iHDa,265|708
110,2,"मेरे मन मंदिर में तुम भगवान रहे,",Mere Man Mandir Mein Tum Bhagwan Rahe,Bhajan|GaneshJi,https://youtu.be/GiUkwTxsaYA?si=tAnNkeZ1LrxBim0v,266|709
111,2,श्री गणेश जन्म कथा,Shri Ganesh Janm Katha,GaneshJi|Katha,https://youtu.be/QiWkw-7QdfA?si=bJLHJe2-Y4ZfMgmJ,267|710
112,2,पृथ्वी परिक्रमा कथा,Prithvi Parikrama Katha,GaneshJi|Katha,https://youtu.be/msKSippIeOE?si=RB6UilhxgjzXDxD7,268|711
113,2,संकष्टी चतुर्थी व्रत कथा,Sankashti Chaturthi Vrat Katha,GaneshJi|Katha,https://youtu.be/9Y6wrYQ9l9M?si=ob2XoW3B-NceWETE,269|712
114,2,गणेश जी ने कुबेर का घमंड कैसे तोडा,Ganesh Ji Ne Kuber Ka Ghamand Kaise Toda,GaneshJi|Katha,https://youtu.be/V6bdNotAvpo?si=9hIdxzdEVzGvDDFg,270|713
115,2,कौनसा श्राप मिला चंद्रदेव को श्री गणेशजी द्वारा ?,Kaunsa Shrap Mila Chandradev Ko Shri Ganesh Ji Dwara?,GaneshJi|Katha,https://youtu.be/-2zGr9Q91DI?si=gMHKwO6c9ve5z6m4,271|714
116,2,महाभारत का लेखन किसने किया था,Mahabharat Ka Lekhan Kisne Kiya Tha,GaneshJi|Katha,https://youtu.be/MSx6PEo6egQ?si=M3Ja4Dll3sYeFwXf,272|715
117,2,रिद्धि-सिद्धि विवाह कथा,Riddhi-Siddhi Vivah Katha,GaneshJi|Katha,https://youtu.be/JIazMEU8_mA?si=RL-ZsSegD_ZJq3ni,273|716
118,2,श्री गणेश के एकदंत अवतार की कहानी ।,Shri Ganesh Ke Ekdant Avatar Ki Kahani.,GaneshJi|Katha,https://youtu.be/YdLl-NUNFfU?si=t6rZyAy36jBLB7J9,274|717
119,2,हुआ इतना भयंकर युद्ध के परशुराम जी गणेशजी का दांत तोड़ दिया,Hua Itna Bhayankar Yudh Ke Parshuram Ji Ganesh Ji Ka Daant Tod Diya,GaneshJi|Katha,https://youtu.be/wm-3ncCBg04?si=5Aihv_vmNlN4pzYT,275|718
120,2,बीज मंत्र,Beej Mantra,KrishnaJi|Mantra,https://youtu.be/tnwdmXa8Kcg?si=H4M-lZvX4nwDP-bn,276|719
121,2,मुक्ति मंत्र,Mukti Mantra,KrishnaJi|Mantra,https://youtu.be/felGgBmnx-I?si=YoB5C1tli8tX3Kpx,277|720
122,2,महामंत्र,Mahamantra,KrishnaJi|Mantra,https://youtu.be/Zdcth9NndEA?si=cBoFKjOpIFF2NbjP,278|721
123,2,श्री कृष्णाय शरणं मम,Shri Krishnaya Sharanam Mama,KrishnaJi|Mantra,https://youtu.be/1y2tRqtND1Y?si=Oc1VslQStdIS9Z13,279|722
124,2,ॐ क्लीं कृष्णाय नमः,Om Kleem Krishnaya Namah,KrishnaJi|Mantra,https://youtu.be/WqiKUywr55o?si=sx_88WGHIxnkZoNM,280|723
125,2,कृष्ण गायत्री,Krishna Gayatri,KrishnaJi|Mantra,https://youtu.be/yzwVyns93nc?si=UqzAJ3pjM1DUhsI7,281|724
126,2,गोकुल नाथाय नमः,Gokul Nathaya Namah,KrishnaJi|Mantra,https://youtu.be/qDt6N68WHy8?si=97ZxYRIXVb01K6_h,282|725
127,2,गोवल्लभाय स्वाहा,Govallabhaya Swaha,KrishnaJi|Mantra,https://youtu.be/6w3wN89oLfo?si=heaJxtbjFicJCK7E,283|726
128,2,ॐ क्लीं ग्लौं क्लीं श्यामलांगाय नमः,Om Kleem Glaum Kleem Shyamalangaya Namah,KrishnaJi|Mantra,https://youtu.be/b5T-oidQLAM?si=JDp71GyzjmCfIrCP,284|727
129,2,गोपाल सहस्रनाम स्तोत्र,Gopal Sahasranama Stotra,KrishnaJi|Strotam,https://youtu.be/sjWftsKY17c?si=mLCx34MI5E8Wd-Yo,285|728
130,2,मुकुंद माला स्तोत्र,Mukunda Mala Stotra,KrishnaJi|Strotam,https://youtu.be/ZTs6tcgm0lE?si=zJdwNIS-eYe8GMet,286|729
131,2,श्री कृष्ण अष्टोत्तर शतनाम स्तोत्र (108 नाम),Shri Krishna Ashtottara Shatanam Stotra (108 Naam),KrishnaJi|Strotam,https://youtu.be/K3oE-h8Lgxk?si=H2NeiSvZDFyeitvU,287|730
132,2,ब्रह्म संहिता,Brahma Samhita,KrishnaJi|Strotam,https://youtu.be/0pSbpQcCBNc?si=uR5GGoDtiu4sh4nB,288|731
133,2,नारायणीयम्,Narayaneeyam,KrishnaJi|Strotam,https://youtu.be/vheWrSxvQf8?si=WSd_Oh9eIu29WaY4,289|732
134,2,संतान गोपाल स्तोत्र,Santan Gopal Stotra,KrishnaJi|Strotam,https://youtu.be/gyLT2Yz_yHo?si=6boX0E4ODR2nuxV9,290|733
135,2,कृष्णा चालीसा,Krishna Chalisa,Chalisa|KrishnaJi,https://youtu.be/EJufdp0WS0Q?si=fLbrGiYjPfMbjZp1,291|734
136,2,गोपाल चालीसा,Gopal Chalisa,Chalisa|KrishnaJi,https://youtu.be/hiZB_bwV0R4?si=NwWWTjZTLwZtJvLZ,292|735
137,2,कृष्ण अष्टकम,Krishna Ashtakam,Ashtakam|KrishnaJi,https://youtu.be/PvdeDNeCiQc?si=T6FiME_l0gc5pd7S,293|736
138,2,बाल मुकुंद स्तुति,Bal Mukunda Stuti,KrishnaJi|Stuti,https://youtu.be/0l0Kf_JdzGA?si=sub1fmI9QPj7Pvfy,294|737
139,2,राधा-कृष्ण युगल स्तुति,Radha-Krishna Yugal Stuti,KrishnaJi|Stuti,https://youtu.be/7VCiJ2N-1EA?si=Twq1UgJi0jETyqeg,295|738
140,2,श्री द्वारकाधीशजी की शयन स्तुति,Shri Dwarkadhish Ji Ki Shayan Stuti,KrishnaJi|Stuti,https://youtu.be/5FU1Zb4oXc8?si=iLU2g9Q85rMkbpD_,296|739
141,2,कुन्ती स्तुति,Kunti Stuti,KrishnaJi|Stuti,https://youtu.be/Wc3Ng3y4KL0?si=Udob2a9WMS6kOpua,297|740
142,2,आरती कुंजबिहारी की,Aarti Kunjbihari Ki,Aarti|KrishnaJi,https://youtu.be/EMO1AT1UQf0?si=YEPhm4K955xBp6RB,298|741
143,2,ॐ जय श्री कृष्ण हरे,Om Jai Shri Krishna Hare,Aarti|KrishnaJi,https://youtu.be/NoX2I_mdzA8?si=83tsDkr6saVzcOu3,299|742
144,2,आरती श्री बांके बिहारी तेरी आरती गाऊं,Aarti Shri Banke Bihari Teri Aarti Gaun,Aarti|KrishnaJi,https://youtu.be/6LO2PRgbutc?si=yww6-9PsBDlf4jy1,300|743
145,2,"जय कान्हा काला, प्रभु जय कान्हा काला","Jai Kanha Kala, Prabhu Jai Kanha Kala",Aarti|KrishnaJi,https://youtu.be/t_ULrM1Ei6k?si=1ZDLM8HZvDtov936,301|744
146,2,आरती श्री बाल कृष्ण जी की,Aarti Shri Bal Krishna Ji Ki,Aarti|KrishnaJi,https://youtu.be/xlaAaxz_tpQ?si=2ky0i3tyEWSaLvi0,302|745
147,2,आरती जुगल किशोर की,Aarti Jugal Kishore Ki,Aarti|KrishnaJi,https://youtu.be/6em96KXH2uY?si=3lnyN7ceeQdMOk9s,303|746
148,2,जय जगदीश हरे,Jai Jagdish Hare,Aarti|KrishnaJi,https://youtu.be/3ucCEjXS9n8?si=xmxtRMfp2MqjYvJP,304|747
149,2,द्वारकाधीश आरती,Dwarkadhish Aarti,Aarti|KrishnaJi,https://youtu.be/Eadz0b0AK4M?si=PDjr0UDP8HdWcMPs,305|748
150,2,वसुदेवसुतं देवं,Vasudevasutam Devam,KrishnaJi|Shloka,https://youtu.be/DdnIrdIyXPk?si=J0UsLQg_mLhBHqx8,306|749
151,2,मूकं करोति वाचालं,Mukam Karoti Vachalam,KrishnaJi|Shloka,https://youtu.be/AkCYiUsdArw?si=jLgaTztsiNDDIvg5,307|750
152,2,यदा यदा ही धर्मस्य,Yada Yada Hi Dharmasya,KrishnaJi|Shloka,https://youtu.be/1AOgbhmP0ig?si=HztCRx46d8XXa16m,308|751
153,2,कर्मण्येवाधिकारस्ते,Karmanyevadhikaraste,KrishnaJi|Shloka,https://youtu.be/m0VD0vSXNXQ?si=rYvcj8atb4ReJtxk,309|752
154,2,सर्वधर्मान्परित्यज्य,Sarvadharmanparityajya,KrishnaJi|Shloka,https://youtu.be/iNgFM6NKDxQ?si=HeemCWcs6L3oteQQ,310|753
155,2,हे कृष्ण करुणा सिन्धु,He Krishna Karuna Sindhu,KrishnaJi|Shloka,https://youtu.be/k6oKjApcd8k?si=iALtB1Cbee031oOL,311|754
156,2,अच्युतम केशवम कृष्ण दामोदरम,Achyutam Keshavam Krishna Damodaram,Bhajan|KrishnaJi,https://youtu.be/3yczGKnskts?si=kXnjK3iThd_asoFy,312|755
157,2,सांवली सूरत पे मोहन दिल दीवाना हो गया,Sanwali Surat Pe Mohan Dil Deewana Ho Gaya,Bhajan|KrishnaJi,https://youtu.be/yaw7T0GnNr0?si=h1dYb9144M_yWkUP,313|756
158,2,छोटी छोटी गईया छोटे छोटे ग्वाल,Chhoti Chhoti Gaiya Chhote Chhote Gwal,Bhajan|KrishnaJi,https://youtu.be/XzqJUoSDHZU?si=8-LAQkUg8tq7ov6T,314|757
159,2,श्याम तेरी बंसी पुकारे राधा नाम,Shyam Teri Bansi Pukare Radha Naam,Bhajan|KrishnaJi,https://youtu.be/XJqKbDxAa3U?si=8QX2YAec4EyoDiPP,315|758
160,2,यशमति मैया से बोले नंदलाला,Yashomati Maiya Se Bole Nandlala,Bhajan|KrishnaJi,https://youtu.be/yWTN6bsDWN4?si=Lzw6_QbV5g85uOt9,316|759
161,2,कन्हैया ले चल परली पार,Kanhaiya Le Chal Parli Paar,Bhajan|KrishnaJi,https://youtu.be/cdc_bgVMkOs?si=iecRdyTDMAfElETW,317|760
162,2,नंद के आनंद भयो जय कन्हैया लाल की,Nand Ke Anand Bhayo Jai Kanhaiya Lal Ki,Bhajan|KrishnaJi,https://youtu.be/rSKgqcv-eoc?si=ncBCgt4hMLfctP-G,318|761
163,2,बड़ी देर भई नन्दलाला,Badi Der Bhai Nandlala,Bhajan|KrishnaJi,https://youtu.be/dheA6Pqjtm4?si=RiRbLmj8Bev2rpIx,319|762
164,2,मीठे रस से भरयोड़ी राधारानी लागे,Meethe Ras Se Bharyodi Radharani Lage,Bhajan|KrishnaJi,https://youtu.be/SMBeENVIFjk?si=WUZ0mVEySHXROaQ2,320|763
165,2,श्री कृष्ण जन्म कथा:,Shri Krishna Janm Katha:,Katha|KrishnaJi,https://youtu.be/DCkMeVhmiC4?si=jcdhcguIvw6rcsQE,321|764
166,2,कालिया नाग मर्दन,Kaliya Naag Mardan,Katha|KrishnaJi,https://youtu.be/AB2sbXuL9kQ?si=MElc9dj-urTPQgvo,322|765
167,2,गोवर्धन जी कथा,Govardhan Ji Katha,Katha|KrishnaJi,https://youtu.be/mmVbmowFswQ?si=pZE5fw0QkulqRM2W,323|766
168,2,माखन चोरी लीला,Makhan Chori Leela,Katha|KrishnaJi,https://youtu.be/-AXtzS1ytAc?si=5FAkilAIp3wx-dXp,324|767
169,2,श्रीकृष्ण ने किया कंस का वध,Shrikrishna Ne Kiya Kans Ka Vadh,Katha|KrishnaJi,https://youtu.be/adxlvgEH10Y?si=REKtFgT6xzkRzPjN,325|768
170,2,सुदामा चरित्र,Sudama Charitra,Katha|KrishnaJi,https://youtu.be/U2Eoov4alUA?si=ac_jo8SuW3a-_23H,326|769
171,2,द्रोपदी चीर हरण एक दर्दनाक सत्य कहानी,Draupadi Cheer Haran Ek Dardnak Satya Kahani,Katha|KrishnaJi,https://youtu.be/-fUdc_XQ_r8?si=KKo6QkS23XZzJqmh,327|770
172,2,नरकासुर वध कथा...,Narkasur Vadh Katha...,Katha|KrishnaJi,https://youtu.be/lnoXCvbRetI?si=VVTxM9JEQj9a8_Y7,328|771
173,2,बीज मंत्र,Beej Mantra,DurjaJi|Mantra,https://youtu.be/jB4aaP2X7S4?si=fNw_s_3Ep9aH-uJZ,329|772
174,2,नवार्ण मंत्र,Navarna Mantra,DurjaJi|Mantra|Navratri,https://youtu.be/cdlS1XC3Gus?si=k-Ox-2oKGYu1DiOb,330|773
175,2,सर्वमंगल मांगल्ये,Sarvamangala Mangalye,DurjaJi|Mantra,https://youtu.be/Yof1Vrh5TK0?si=s3diaEG-5Tn4r_2c,331|774
176,2,ॐ ह्रीं दुं दुर्गायै नमः,Om Hreem Dum Durgayai Namah,DurjaJi|Mantra,https://youtu.be/GHBynIok2Lo?si=uHYmAAtpv22yQ64n,332|775
177,2,सौभाग्य प्राप्ति हेतु,Saubhagya Prapti Hetu,DurjaJi|Mantra,https://youtu.be/OKRVaXU01kI?si=3YMdFbLtHjcGJ4sE,334|777
178,2,शरणागत दीनार्त,Sharanagata Deenarta,DurjaJi|Mantra,https://youtu.be/O0dGIsqbMsw?si=shotKSeK8r1k9C7N,335|778
179,2,जयन्ती मङ्गला काली,Jayanti Mangala Kali,DurjaJi|Mantra,https://youtu.be/r66ySZ7iipM?si=FM_yp5XcLh9cQ4q0,336|779
180,2,सृष्टिस्थितिविनाशानां,Srishtisthitivinashanam,DurjaJi|Mantra,https://youtu.be/BmoR0Wdw62Y?si=XrxETRzByga49y4q,337|780
181,2,दुर्गा गायत्री,Durga Gayatri,DurjaJi|Mantra,https://youtu.be/01mE3zDTifE?si=SoXuQjej3MBXv8AX,338|781
182,2,दुर्गा सप्तशती:,Durga Saptashati:,DurjaJi|Strotam,https://youtu.be/Cn_MBUfZSQo?si=RyVPFTFe6tGrNzAX,339|782
183,2,श्री अर्गला स्तोत्रम,Shri Argala Stotram,DurjaJi|Navratri|Strotam,https://youtu.be/YD0eXOX6gbo?si=imwcbkJIn2dnyT97,340|783
184,2,कीलक स्तोत्रम,Keelak Stotram,DurjaJi|Navratri|Strotam,https://youtu.be/5hPQUvaahhg?si=cqtLDH7VLQkac6QA,341|784
185,2,सिद्ध कुंजिका स्तोत्र:,Siddha Kunjika Stotra:,DurjaJi|Navratri|Strotam,https://youtu.be/m8koxlMwZBQ?si=mh01vb9TnBQKXSA6,342|785
186,2,देवी अथर्वशीर्ष,Devi Atharvashirsha,DurjaJi|Strotam,https://youtu.be/edDTogeyCbI?si=AOTg_gvIfbq5CZxC,343|786
187,2,दुर्गा अष्टोत्तर शतनाम स्तोत्र (108 नाम),Durga Ashtottara Shatanam Stotra (108 Naam),DurjaJi|Strotam,https://youtu.be/sAmQN4pox2I?si=J09EISlVTH8pxduh,344|787
188,2,महिषासुरमर्दिनी स्तोत्र,Mahishasuramardini Stotra,DurjaJi|Navratri|Strotam,https://youtu.be/4CKpFcQdJXk?si=2OkdCoCBxDs78Tcv,345|788
189,2,देव्यपराधक्षमापन स्तोत्र,Devyaparadhakshamapan Stotra,DurjaJi|Strotam,https://youtu.be/bHVtLb9ulLI?si=QSFicf7SbPqwDAj0,346|789
190,2,दुर्गा कवच,Durga Kavach,DurjaJi|Strotam,https://youtu.be/mKvxMv3XrWA?si=EvZPdf6e3LLIrBmF,347|790
191,2,श्री दुर्गा चालीसा,Shri Durga Chalisa,Chalisa|DurjaJi,https://youtu.be/fsMzgFMMGxA?si=vMcngDgu3vYUf4te,348|791
192,2,श्री दुर्गा अष्टकम्,Shri Durga Ashtakam,Ashtakam|DurjaJi|Navratri,https://youtu.be/7hpt3DFGsgk?si=45BB1NayOe2rS_lH,349|792
193,2,भवानी अष्टकम,Bhavani Ashtakam,Ashtakam|DurjaJi|Navratri,https://youtu.be/KHQGmOCP7hQ?si=L4kZDdZJP8wnbERN,350|793
194,2,दुर्गा क्षमा प्रार्थना:,Durga Kshama Prarthana:,DurjaJi|Stuti,https://youtu.be/3AwodovEc0k?si=9W4WxeT0tqcjxqYF,351|794
195,2,देवी स्तुति:,Devi Stuti:,DurjaJi|Stuti,https://youtu.be/98tKisf10-I?si=f1PmcHWoeyC0xT7A,352|795
196,2,ब्रह्माकृत देवी स्तुति,Brahmakrit Devi Stuti,DurjaJi|Stuti,https://youtu.be/FCbDRLU0Myo?si=IoI0iDvLF12CGPQt,353|796
197,2,शैलपुत्री स्तुति (नवदुर्गा की प्रथम स्तुति),Shailputri Stuti (Navdurga Ki Pratham Stuti),DurjaJi|Stuti,https://youtu.be/-F8zV3pMZA0?si=dvF2Hygp_GMOwI5C,354|797
198,2,सिद्धिदात्री स्तुति,Siddhidatri Stuti,DurjaJi|Stuti,https://youtu.be/_A4sg_F1Za4?si=ha8pQ_NJgTiJwJvV,355|798
199,2,"जय अम्बे गौरी, मैया जय श्यामा गौरी (सबसे प्रसिद्ध)","Jai Ambe Gauri, Maiya Jai Shyama Gauri (Sabse Prasidh)",Aarti|DurjaJi,https://youtu.be/-rKAOaS7Q3I?si=l89QDnB3pqc2rsJx,356|799
200,2,"अम्बे तू है जगदम्बे काली, जय दुर्गे खप्पर वाली","Ambe Tu Hai Jagdambe Kali, Jai Durge Khappar Wali",Aarti|DurjaJi,https://youtu.be/dVTUUtOHUCA?si=Uk_2RDtvaypwtFhK,357|800
201,2,जय सरस्वती माता,Jai Saraswati Mata,Aarti|DurjaJi,https://youtu.be/TTVAyS9wOV4?si=lwrEOKvRzRWGLKkD,358|801
202,2,आरती विन्ध्येश्वरी माता की,Aarti Vindhyeshwari Mata Ki,Aarti|DurjaJi,https://youtu.be/Wa0K7gf7BUs?si=NHJofs11z4hjbs9d,359|802
203,2,आरती शीतला माता की,Aarti Sheetla Mata Ki,Aarti|DurjaJi,https://youtu.be/SVO3zWQVbIQ?si=g0bAIqtMwdXLbBew,360|803
204,2,जय वैष्णव माता आरती,Jai Vaishnav Mata Aarti,Aarti|DurjaJi,https://youtu.be/7TMeGrAiYXg?si=trZ1yP_Ejvtw9smG,361|804
205,2,माता चामुंडा देवी जी की आरती,Mata Chamunda Devi Ji Ki Aarti,Aarti|DurjaJi,https://youtu.be/X6rKpVJoxaQ?si=4bKv512qTO2pl7fJ,362|805
206,2,भोर भई दिन चढ़ गया मेरी अम्बे,Bhor Bhai Din Chadh Gaya Meri Ambe,Aarti|DurjaJi,https://youtu.be/A4WW9ezwazc?si=8R3ZrJ_Yn27l_iQS,363|806
207,2,सर्वमंगल मांगल्ये,Sarvamangala Mangalye,DurjaJi|Navratri|Shloka,https://youtu.be/ZdBVEV5u2To?si=em-5O2iYoV9z50BF,364|807
208,2,या देवी सर्वभूतेषु,Ya Devi Sarvabhuteshu,DurjaJi|Shloka,https://youtu.be/3hNchYO61N0?si=6cEKmQN6_sHFHNOp,365|808
209,2,जयन्ती मङ्गला काली,Jayanti Mangala Kali,DurjaJi|Shloka,https://youtu.be/r66ySZ7iipM?si=NEjamA32NPb6T0qz,366|809
210,2,देहि सौभाग्यमारोग्यं,Dehi Saubhagyamarogyam,DurjaJi|Shloka,https://youtu.be/OKRVaXU01kI?si=_uw6ukhpng-Bgeg6,367|810
211,2,शरणागत दीनार्त,Sharanagata Deenarta,DurjaJi|Shloka,https://youtu.be/O0dGIsqbMsw?si=YMDdBnbEnw14QNiR,368|811
212,2,तूने मुझे बुलाया शेरावालिये,Tune Mujhe Bulaya Sherawaliye,Bhajan|DurjaJi|Navratri,https://youtu.be/kQiH4Qk63d4?si=xJ20b6pNl1tzb3WQ,369|812
213,2,"चलो बुलावा आया है, माता ने बुलाया है","Chalo Bulawa Aaya Hai, Mata Ne Bulaya Hai",Bhajan|DurjaJi|Navratri,https://youtu.be/UIvpNrP4WQs?si=TYg6D7vN9AGO-z1B,370|813
214,2,नंगे नंगे पांव चला आ गया री मैया,Nange Nange Paon Chala Aa Gaya Ri Maiya,Bhajan|DurjaJi|Navratri,https://youtu.be/2XpXPwJYoQ8?si=_vr7sS1wOceTQRuV,371|814
215,2,भेजा है बुलावा तूने शेरावालिये,Bheja Hai Bulawa Tune Sherawaliye,Bhajan|DurjaJi,https://youtu.be/Xx1Cn67LaEE?si=FGsgWDyBnyKTM23T,372|815
216,2,मैया का चोला है रंगला,Maiya Ka Chola Hai Rangla,Bhajan|DurjaJi|Navratri,https://youtu.be/IHyTxAR51Ow?si=s3YaBX3DMcnlWt3a,373|816
217,2,मन लेके आया माता रानी के भवन में,Man Leke Aaya Mata Rani Ke Bhavan Mein,Bhajan|DurjaJi,https://youtu.be/UUAJFjov7Xo?si=PVM9wcbMaKarr7VK,374|817
218,2,प्यारा सजा है तेरा द्वार भवानी,Pyara Saja Hai Tera Dwar Bhawani,Bhajan|DurjaJi|Navratri,https://youtu.be/M0E506vc8r0?si=JsUayaaeFsxPeJfO,375|818
219,2,मैया तेरी जय जयकार,Maiya Teri Jai Jaikar,Bhajan|DurjaJi,https://youtu.be/9w9SVujBfxo?si=AtgSefqNs0QBxKeN,376|819
220,2,लली लली लाल चुनरिया,Lali Lali Lal Chunariya,Bhajan|DurjaJi,https://youtu.be/APztwI6m1KI?si=6ZVQo_B3b2opJ6nP,377|820
221,2,महिषासुर वध की कथा:,Mahishasur Vadh Ki Katha:,DurjaJi|Katha,https://youtu.be/GM-1L-Hglnw?si=_teScPV7tR8KzYXg,378|821
222,2,शुम्भ-निशुम्भ वध की कथा,Shumbh-Nishumbh Vadh Ki Katha,DurjaJi|Katha,https://youtu.be/gxbN66VZYg8?si=cQSq0GNZhJhrZq7H,379|822
223,2,मधु-कैटभ वध की कथा,Madhu-Kaitabh Vadh Ki Katha,DurjaJi|Katha,https://youtu.be/nfcB83GU-_A?si=zXSza_hbe-7mKa68,380|823
224,2,माता सती और 51 शक्तिपीठ की कथा,Mata Sati Aur 51 Shaktipeeth Ki Katha,DurjaJi|Katha,https://youtu.be/8SdAQcExa0E?si=ts9zw3Z2pRUl_coi,381|824
225,2,नवदुर्गा के 9 रूपों की कथा:,Navdurga Ke 9 Rupon Ki Katha:,DurjaJi|Katha,https://youtu.be/MsuWbBoSwX8?si=IFfR6QCJJe2EqkWh,382|825
226,2,वैष्णो देवी की कथा:,Vaishno Devi Ki Katha:,DurjaJi|Katha,https://youtu.be/3H_zLywdgvE?si=eWQbQtfcA4zP25oc,383|826
227,2,रक्तबीज वध की कथा:,Raktabeej Vadh Ki Katha:,DurjaJi|Katha,https://youtu.be/ApZoQJ8UK_8?si=BGN6jaJOsMmfcwqb,384|827
228,2,माता पार्वती का कठिन तप और शिव से विवाह,Mata Parvati Ka Kathin Tap Aur Shiv Se Vivah,DurjaJi|Katha,https://youtu.be/LUzsbfl93Q4?si=JYCRHHaA6P3eVuyU,385|828
229,2,राधा-कृष्ण प्रेम कथा,Radha-Krishna Prem Katha,Aarti|DurjaJi,https://youtu.be/8YDJARGajec?si=iem_4YeFPsUqCp1l,386|1038
230,2,शिव-पार्वती विवाह,Shiv-Parvati Vivah,Aarti|DurjaJi,https://youtu.be/ln8em1Dc5Zs?si=GN2klf1iS7VLEqzm,387|1039
231,2,राम-सीता वनवास कथा,Ram-Sita Vanvas Katha,Aarti|DurjaJi,https://youtu.be/_zWa1AjW_C4?si=iIy5LCzFbQXUxqlq,388|1040
232,2,रुक्मिणी हरण कथा,Rukmini Haran Katha,Aarti|DurjaJi,https://youtu.be/-AbMZAESCQI?si=de-o6-JvfKhPqhZn,389|1041
233,2,नल-दमयंती कथा,Nal-Damayanti Katha,Aarti|DurjaJi,https://youtu.be/LJ2zEAAVQ3A?si=inoRE1raZrjW1xQH,390|1042
234,2,कामदेव-रति कथा,Kamdev-Rati Katha,Aarti|DurjaJi,https://youtu.be/mj8aJ-MkKrI?si=pOm1dpBVOCj_WZ59,391|1043
235,2,सत्यभामा-कृष्ण कथा,Satyabhama-Krishna Katha,Aarti|DurjaJi,https://youtu.be/MPCopbetzis?si=13kpUoLdLfBEG4Ba,392|1044
236,2,उषा-अनिरुद्ध कथा,Usha-Aniruddh Katha,Aarti|DurjaJi,https://youtu.be/ap8oVmjD3xY?si=9uYb0-Hyab8tDv9-,393|1045
237,2,सुभद्रा-अर्जुन विवाह,Subhadra-Arjun Vivah,Aarti|DurjaJi,https://youtu.be/vyukL1WLoIs?si=wbOWNri_5mDOH6-D,394|1046
238,2,तुलसी-शालिग्राम,Tulsi-Shaligram,Aarti|DurjaJi,https://youtu.be/Ik_zhFLWVA0?si=VDJeXDG4eTL8qrcf,395|1047
239,2,हनुमान-राम भक्ति,Hanuman-Ram Bhakti,Aarti|DurjaJi,https://youtu.be/e3tWzWydNeY?si=0XBD9T2ROK6zls0j,396|1048
240,2,राधे राधे बरसाने वाली,Radhe Radhe Barsane Wali,Aarti|DurjaJi,https://youtu.be/61EGpAy4Ids?si=N2hWEO1airA1nztA,398|1070
241,2,ऐसी लागी लगन,Aisi Lagi Lagan,Aarti|DurjaJi,https://youtu.be/dnCE-kSHES0?si=cYpIjXtwIhaE19YB,399|1071
242,2,किशोरी कुछ ऐसा इंतजाम,Kishori Kuch Aisa Intazam,Aarti|DurjaJi,https://youtu.be/1B048qCYGJY?si=vGtXpybJT19itVNr,401|1073
243,2,यशोमती मैया से बोले,Yashomati Maiya Se Bole,Aarti|DurjaJi,https://youtu.be/RIYVVqu2XY4?si=zZcShWvTzV_kAWCQ,402|1074
244,2,श्यामा आन बसो,Shyama Aan Baso,Aarti|DurjaJi,https://youtu.be/XtTG7iT7H3g?si=QwuObktBmdhoY9ZT,404|1076
245,2,मीठे रस से भरयो री,Meethe Ras Se Bharyo Ri,Aarti|DurjaJi,https://youtu.be/w8piP6I3VS0?si=wbezH3AAc4y4WBwb,405|1077
246,2,भर दे रे श्याम झोली,Bhar De Re Shyam Jholi,Aarti|DurjaJi,https://youtu.be/aT9TP5CrLJg?si=3F3TthXHK_-4sHAJ,406|1078
247,2,छोटी छोटी गईया,Chhoti Chhoti Gaiya,Aarti|DurjaJi,https://youtu.be/XzqJUoSDHZU?si=8-LAQkUg8tq7ov6T,409|1081
248,2,वैद्यनाथ स्तोत्र,Vaidyanath Stotra,Aarti|DurjaJi,https://youtu.be/OVWlwCHMr-I?si=NYeN8K3tAw9sLKXY,411|1103
249,2,धन्वंतरि स्तोत्र,Dhanvantari Stotra,Aarti|DurjaJi,https://youtu.be/0VO5vBiYG6I?si=17_Cg59qnta9EBNI,412|1104
250,2,संकट नाशन गणेश स्तोत्र,Sankat Nashan Ganesh Stotra,Aarti|DurjaJi,https://youtu.be/aTFeZxXkL78?si=HaE-tYiH834XPpXn,414|431
251,2,मृत्युंजय स्तोत्र,Mrityunjaya Stotra,Aarti|DurjaJi,https://youtu.be/vgu91Z4kXpk?si=iF5pe0X3rmAEvthK,415|1107
252,2,दुर्गा आपदुद्धारक स्तोत्र,Durga Apaduddharak Stotra,Aarti|DurjaJi,https://youtu.be/VpkLjMDcucg?si=2-MzQkTgTAUVFDs-,416|1108
253,2,हनुमान बाहुक,Hanuman Bahuk,Aarti|DurjaJi,https://youtu.be/EWCkUAY-0OU?si=rSwJp2NDWgWtLUZB,417|1109
254,2,सूर्य मंडल स्तोत्र,Surya Mandal Stotra,Aarti|DurjaJi,https://youtu.be/32TGOFRIVmE?si=LwFbGvQnd3VmykMC,418|1110
255,2,हे दुख भंजन मारुति नंदन,He Dukh Bhanjan Maruti Nandan,Aarti|DurjaJi,https://youtu.be/n4fZknyZlsk?si=W6avmHz2Bl7IEuMr,420|1122
256,2,नाम है तेरा तारणहारा,Naam Hai Tera Taranhara,Aarti|DurjaJi,https://youtu.be/MwqOns-5qN0?si=t1dRusMdyzjIqXAz,421|1123
257,2,कितना प्यारा है श्रृंगार,Kitna Pyara Hai Shringar,Aarti|DurjaJi,https://youtu.be/WocBegF7_p0?si=LcPrq90-IixgpXKt,422|1124
258,2,इतनी शक्ति हमें देना दाता,Itni Shakti Humein Dena Data,Aarti|DurjaJi,https://youtu.be/3EnLaJKhO2A?si=7gCDpVLnLz5KZhbG,427|1129
259,2,शिव शंकर को जिसने पूजा,Shiv Shankar Ko Jisne Puja,Aarti|DurjaJi,https://youtu.be/w7HbgKcQS_w?si=KCJVUE_VkpIA8tKc,428|1130
260,2,महालक्ष्मी अष्टकम,Mahalakshmi Ashtakam,Aarti|DurjaJi,https://youtube.com/shorts/7BEYmt8EeX8?si=kqi58ODFW_qjBs1A,432|1154
261,2,श्री सूक्तम,Shri Suktam,Aarti|DurjaJi,https://youtube.com/shorts/8hbV_LQKvv0?si=k4cFAIlX83ys0rDI,434|1156
262,2,बजरंग बाण,Bajrang Baan,Aarti|DurjaJi,https://youtu.be/h1lT6cxwsPw?si=KdhV4ABeZuxVKiuY,435|1157
263,2,सरस्वती स्तोत्र,Saraswati Stotra,Aarti|DurjaJi,https://youtu.be/log_B4nMkH0?si=T7hhpGvgFFSaNdjq,436|1158
264,2,शिव पंचाक्षर स्तोत्र,Shiv Panchakshar Stotra,Aarti|DurjaJi,https://youtu.be/3rJ4HVA9cII?si=euKFMGNZX2c0rt5p,438|1160
265,2,हनुमान अष्टक,Hanuman Ashtak,Aarti|DurjaJi,https://youtu.be/HH_a6aRO1TE?si=k0J6WxtRY4t4yhi1,439|1161
266,2,श्री हनुमान चालीसा,Shri Hanuman Chalisa,Aarti|DurjaJi,https://youtu.be/AETFvQonfV8?si=YezmW2nYi76Eoi6Q,440|1172
267,2,श्री गणेश चालीसा,Shri Ganesh Chalisa,Aarti|DurjaJi,https://youtu.be/WyHFSjN0miU?si=pCUb4V5RltoNG-DB,441|1173
268,2,श्री लक्ष्मी चालीसा,Shri Lakshmi Chalisa,Aarti|DurjaJi,https://youtu.be/aLKLcvJZ2Hc?si=LghSz9KgBnH3YqXK,442|1174
269,2,श्री दुर्गा चालीसा,Shri Durga Chalisa,Aarti|DurjaJi,https://youtu.be/fsMzgFMMGxA?si=vMcngDgu3vYUf4te,443|1175
270,2,श्री सरस्वती चालीसा,Shri Saraswati Chalisa,Aarti|DurjaJi,https://youtu.be/jRjRip7JyjM?si=cMhmyBbA48bP47eA,444|1176
271,2,संकट नाशन गणेश स्तोत्र,Sankat Naashan Ganesh Stotra,Aarti|DurjaJi,https://youtu.be/aTFeZxXkL78?si=HaE-tYiH834XPpXn,1106|1153
