youtube_video_id,old_tags,new_tags
-1udu-1LpOo,Katha|Mantra|Peace|Ramji|Wealth,Mantra|Peace|RamNavami|Ramji
-AbMZAESCQI,Katha|Wealth,Katha|LoveAndRelationship
-FvHYW5-fYM,Katha|Wealth,Mantra|RamNavami
-NqX8zOZ62w,Knowledge|Mantra|Peace|Shloka|Wealth,Diwali|Knowledge|Mantra|Peace|Success
-YVDlWff_5o,Katha|Mantra|Ramji|Wealth,Mantra|RamNavami|Ramji
-pr1RUnmvyI,Strotam|Wealth,LoveAndRelationship|Strotam
0VO5vBiYG6I,Strotam|Wealth,Health|Strotam
0grOjMCVG_w,Katha|Wealth,Janmashtami|Mantra
0rWQi2OWezo,Katha|Wealth,Bhajan|Dussehra|RamNavami
1B048qCYGJY,Stuti|Wealth,Bhajan|Happiness
1_u-Koe8aog,Katha|Wealth,Bhajan|RamNavami
1kskWmG_u5Q,Shloka|Stuti|Wealth,Happiness|LoveAndRelationship|Mantra|Stuti|Success
1mCkCzBIvDo,Katha|Shloka|Wealth,Bhajan|Diwali|GaneshChaturthi|Happiness|Mantra|Shloka|Success
1y2tRqtND1Y,Katha|KrishnaJi|Mantra|Peace|Wealth,Happiness|Janmashtami|KrishnaJi|Mantra|Peace
25jTq5q9xTg,Peace,Mantra|Peace
32TGOFRIVmE,Strotam|Wealth,Health|Strotam
3EnLaJKhO2A,Chalisa|Stuti|Wealth,Bhajan|Health|Success
3HwifzYsSeA,Katha|Wealth,Bhajan|MahaShivratri
3_QR2HxO3N4,Katha|Wealth,Aarti|Dussehra
3rJ4HVA9cII,Shivji|Strotam|Wealth,Shivji|Strotam|Success
3yczGKnskts,Bhajan|Chalisa|Katha|KrishnaJi|Peace|Shloka|Stuti|VishnuJi|Wealth,Bhajan|Diwali|Happiness|Health|Janmashtami|KrishnaJi|LoveAndRelationship|Mantra|Peace|Stuti|Success|VishnuJi
4-XRc7ofCkM,Mantra|Shloka|Wealth,LoveAndRelationship|Mantra|Wealth
4PZzUru94JY,HanumanJi|Shloka,Shloka
4VqeqbzJxbc,Katha|Wealth,Bhajan|Dussehra
4n1L6AQJe9w,Stuti|Wealth,Bhajan|LoveAndRelationship
5arZWUzAQ2U,Mantra|Shloka|Strength|Wealth,Mantra|Strength|Success
5kYzdHgQ0Sc,Shloka|Wealth,LoveAndRelationship|Mantra
61EGpAy4Ids,Stuti|Wealth,Bhajan|Happiness|LoveAndRelationship
62P8Q14nU0A,Strotam|Wealth,LoveAndRelationship|Strotam
6BJR_j4FHz4,Bhajan|Chalisa|Katha|Ramji|Stuti|Wealth,Bhajan|Dussehra|Happiness|Health|RamNavami|Ramji|Success
6D1FdZczNXI,Katha|Wealth,MahaShivratri|Strotam
6Jteav3K_NE,Katha|Wealth,Bhajan|RamNavami
6LO2PRgbutc,Aarti|Katha|KrishnaJi|Wealth,Aarti|Bhajan|Janmashtami|KrishnaJi|RamNavami
6YC07U56lEE,Shloka|Stuti|Wealth,Happiness|LoveAndRelationship|Mantra|Stuti
7BEYmt8EeX8,Shloka|Strotam|Wealth,Ashtakam|Diwali|Mantra|Shloka|Strotam|Success|Wealth
7jwEnIwT_kk,Katha|Wealth,Dussehra|Mantra
897iHQ6bPbU,Katha|Wealth,Dussehra|Katha
8YDJARGajec,Katha|Wealth,Katha|LoveAndRelationship
8hbV_LQKvv0,Shloka|Strotam|Wealth,Shloka|Strotam|Success|Wealth
8jff2wz3Hpk,Bhajan|GaneshJi|Katha|Wealth,Bhajan|GaneshChaturthi|GaneshJi
8sYK7lm3UKg,Peace,Mantra|Peace
8xvbnfVIJL4,Katha|Peace|Stuti|Wealth,MahaShivratri|Peace|Stuti
90Jg2ZI_RLo,Katha|Wealth,HanumanJayanti|Strotam
9IqAtf_DTb8,Katha|Ramji|Strotam|Wealth,RamNavami|Ramji|Strotam
9kCXXD5q_pU,Shloka|Wealth,LoveAndRelationship|Mantra
AETFvQonfV8,Chalisa|HanumanJi|Katha|Strength|Wealth,Chalisa|Dussehra|HanumanJayanti|RamNavami|Strength|Success
AK-fDVxDV6A,Katha|NahaneKeBaad|Wealth,Happiness|MahaShivratri|Mantra|NahaneKeBaad
Ab04UFqu-Qs,Katha|Wealth,GaneshChaturthi|Strotam
Asb3NCYzDnM,Shloka|Wealth,Happiness|Shloka|Success
B2Mbb_uUC8E,Knowledge|Mantra|Shloka|Wealth,Knowledge|LoveAndRelationship|Mantra
BBV0HQI3NB4,Katha|Strength|Strotam|Wealth,Happiness|Health|Mantra|Strength|Strotam|Success
BIK_VYd2RQw,Stuti|Wealth,Health|Stuti|Success
BL5lLnsLUrA,Katha|LakshmiJi|Wealth,Diwali|Katha|LakshmiJi
BhrCfQ0xyp8,Ashtakam|GaneshJi|Katha|Wealth,Ashtakam|GaneshChaturthi|GaneshJi
BugLdlv5EpQ,Katha|Wealth,HanumanJayanti|Strotam
BzPbfftJ8Ho,Katha|Strength|Wealth,HanumanJayanti|Strength|Strotam
C9EespXQCGE,Chalisa|Stuti|Wealth,Bhajan|Happiness|Health|Success
CA8RcKyO0Y4,Katha|Mantra|Ramji|Wealth,Dussehra|Mantra|RamNavami|Ramji
CIl1O1GwOfk,HanumanJi|Katha|Shloka|Stuti|Wealth,HanumanJayanti|Happiness|Health|Mantra|Shloka|Stuti|Success
DCkMeVhmiC4,Katha|KrishnaJi|Wealth,Janmashtami|Katha|KrishnaJi
DZkdEN1cf8o,Katha|Wealth,GaneshChaturthi|Strotam
Dlu4KGrnmZg,Bhajan|HanumanJi,Bhajan
DwFMQONuLhE,Shloka|Wealth,Health|Mantra
EMO1AT1UQf0,Aarti|Katha|KrishnaJi|Wealth,Aarti|Janmashtami|KrishnaJi
EWCkUAY-0OU,Strotam|Wealth,Health|Strotam
EiBdfBciDA0,Shloka|Wealth,Diwali|Stuti
EkAUXHqqaLk,Strotam|VishnuJi|Wealth,LoveAndRelationship|Strotam|VishnuJi
EvfGBluQkSk,Ashtakam|Katha|Peace|Ramji|Wealth,Ashtakam|Dussehra|Peace|RamNavami|Ramji
EvzntcbyjFU,Katha|Shloka|Wealth,Diwali|Dussehra|Strotam
FEQubnAZXNg,Katha|Wealth,HanumanJayanti|Mantra
FOzo1SxVxAg,Shloka|Wealth,Health|Mantra
FUpzgvsWkL8,HanumanJi|Katha|Mantra|Shloka|Wealth,HanumanJayanti|HanumanJi|Health|Mantra|Shloka
GiUkwTxsaYA,Bhajan|GaneshJi|Katha|Wealth,Bhajan|GaneshChaturthi|GaneshJi
HH_a6aRO1TE,Ashtakam|Bhajan|HanumanJi|Katha|Strength|Strotam|Wealth,Ashtakam|Bhajan|HanumanJayanti|Strength|Strotam|Success
HHtMKIeMBAk,Katha|Wealth,Katha|MahaShivratri
HSmjdnH8gQs,Chalisa|Wealth,Bhajan|Success
HeqiNrjiCfk,LakshmiJi|Mantra|Shloka|Wealth,Diwali|LakshmiJi|Mantra|Wealth
I8nSdrQiSTM,Stuti|Wealth,Bhajan|LoveAndRelationship
IJfsaSWM7vg,HanumanJi|Katha,Katha
IKGvPex_NQM,Mantra|Shloka|Wealth,Mantra|Shloka|Success|Wealth
IPmuTHmizWo,Katha|Shloka|Wealth,Happiness|MahaShivratri|Mantra|Shloka
IfpaqbjwW6Y,HanumanJi|Katha,Katha
Ik_zhFLWVA0,Katha|VishnuJi|Wealth,Katha|LoveAndRelationship|VishnuJi
Im5TK-glA9M,Mantra|Peace|Stuti|VishnuJi|Wealth,Happiness|Health|LoveAndRelationship|Mantra|Peace|Stuti|Success|VishnuJi
IpnEpKR9Qrs,Shloka|Wealth,Happiness|Shloka
J6nx86MKzeA,Shloka|Wealth,Happiness|Shloka
JGi64RoqZ9g,HanumanJi|Katha|Wealth,HanumanJayanti|Katha
JSVctoNlPKs,Peace|Shloka|VishnuJi,Mantra|Peace|Shloka|VishnuJi
L1thhiT_Hq0,Katha|Wealth,Dussehra|Mantra
LJ2zEAAVQ3A,Katha|Wealth,Katha|LoveAndRelationship
LP86cJl-NGg,Katha|Wealth,HanumanJayanti|Mantra
LoGSKVXB2Ls,Strotam|Wealth,LoveAndRelationship|Strotam
LuWevgdKr9Q,Shloka|Wealth,LoveAndRelationship|Mantra
Ly_Md1OOyTE,Katha|Mantra|Shivji|Shloka|Wealth,LoveAndRelationship|MahaShivratri|Mantra|Shivji
MJwg2dRnBeQ,Shloka|Wealth,Health|Mantra|Shloka
MPCopbetzis,Katha|Wealth,Katha|LoveAndRelationship
MoJw2s6q4P0,Chalisa|Katha|Ramji|Strength|Wealth,Chalisa|RamNavami|Ramji|Strength
MtbVsknZP-A,Katha|Ramji|Wealth,Dussehra|Katha|Ramji
MwqOns-5qN0,Stuti|Wealth,Bhajan|Health
NE3SWh9_vR4,Aarti|Katha|Shloka|Stuti|VishnuJi|Wealth,Aarti|Diwali|Dussehra|Health|Janmashtami|Stuti|Success|VishnuJi
NM9pHX6dqDc,Stuti|Wealth,Bhajan|LoveAndRelationship
Naruxgq6oMU,GaneshJi|Katha|Knowledge|Mantra|Peace|Shloka|Wealth,Diwali|GaneshChaturthi|GaneshJi|Happiness|Knowledge|Mantra|Peace|Success
Njc1Hu6WPDU,Peace|Stuti|Wealth,Happiness|Health|LoveAndRelationship|Peace|Stuti|Success
Nod_i0EKVRw,Stuti|Wealth,Happiness|Health|Stuti|Success
OC7LQxuhQUU,LakshmiJi|Shloka|Strotam|Wealth,Diwali|LakshmiJi|Mantra|Strotam|Stuti|Wealth
OKRVaXU01kI,DurjaJi|Mantra|Shloka|Wealth,DurjaJi|Health|Mantra|Shloka
OLWnCrUl6yA,Katha|Wealth,Janmashtami|Mantra
OOS-Pcovi-4,Katha|Knowledge|Stuti|Wealth,HanumanJayanti|Knowledge|Mantra|Stuti
OV9LXGOXjgs,Katha|Mantra|Peace|Shivji|Shloka|Strength|Wealth,Happiness|Health|MahaShivratri|Mantra|Peace|Shivji|Shloka|Strength|Strotam
OVWlwCHMr-I,Strotam|Wealth,Health|Strotam
OvimStyyQWI,LakshmiJi|Shloka|Strotam|Wealth,Diwali|LakshmiJi|Strotam
P1R6Bk0C_BM,Katha|Wealth,Bhajan|Janmashtami
PT1CwFIoc98,Bhajan|Katha|Ramji|Shloka|Wealth,Bhajan|Diwali|Dussehra|Ramji
PlIoHp6v3LI,Katha|Wealth,Bhajan|MahaShivratri
PvdeDNeCiQc,Ashtakam|KrishnaJi|Peace|Strotam|Wealth,Ashtakam|KrishnaJi|LoveAndRelationship|Peace|Strotam
Q4O3nI0bEWo,Peace,Mantra|Peace
QUw-FAmmaGw,Katha|Wealth,Janmashtami
QgkBIoUeAa0,Katha|Wealth,MahaShivratri|Strotam
Qvu09XysxWw,Katha|Wealth,GaneshChaturthi|Mantra
RCCYorPLJmQ,Katha|Wealth,Bhajan|GaneshChaturthi
RIYVVqu2XY4,Katha|Stuti|Wealth,Bhajan|Happiness|Janmashtami
RlNJspksnbg,Ramji|Stuti|Wealth,LoveAndRelationship|Ramji|Stuti
RsBjj-D9yNA,Katha|Wealth,Janmashtami|Katha
S6HFRZmZrTI,Katha|Wealth,Bhajan|MahaShivratri
S980-z1qx3g,Katha|Shivji|Strength|Strotam|Wealth,MahaShivratri|Shivji|Strength|Strotam
SVvds0DcG9o,Strotam|Wealth,LoveAndRelationship|Strotam
Tssx17scqO4,GaneshJi|Katha|Strotam|Wealth,GaneshChaturthi|GaneshJi|Strotam
U5XZNBFMFm4,Katha|Wealth,Janmashtami|Mantra
U6GsNZbJoCg,Stuti|Wealth,LoveAndRelationship|Stuti
UHtAU58ELkE,Shloka|Wealth,LoveAndRelationship|Mantra
UkT5eHWOIjQ,Strotam|Wealth,LoveAndRelationship|Strotam|Wealth
V5bvJlR38xE,Katha|Wealth,Diwali|Katha
VpkLjMDcucg,Strotam|Wealth,Health|Strotam
Vwyo62x9yC4,Peace,Mantra|Peace
WCcW1Efq3W4,Shloka|Wealth,Shloka|Success|Wealth
WawKv8E20KA,Katha|Wealth,GaneshChaturthi|Mantra
WocBegF7_p0,Stuti|Wealth,Bhajan|Health
WqiKUywr55o,Katha|KrishnaJi|Mantra|Wealth,Janmashtami|KrishnaJi|Mantra
WyHFSjN0miU,Chalisa|GaneshJi|Katha|Strength|Wealth,Chalisa|GaneshChaturthi|GaneshJi|Strength|Success|Wealth
XAxNnRPoyiU,Knowledge|Shloka|Stuti|VishnuJi|Wealth,Diwali|Knowledge|Mantra|Stuti|VishnuJi
XIOhPTccsJQ,Katha|Wealth,HanumanJayanti|Strotam
XJqKbDxAa3U,Bhajan|Katha|KrishnaJi|Wealth,Bhajan|Janmashtami|KrishnaJi
XtTG7iT7H3g,Stuti|Wealth,Bhajan|Happiness|LoveAndRelationship
XznbEuVKbnM,Shloka|Wealth,Health|Shloka
XzqJUoSDHZU,Bhajan|Katha|KrishnaJi|Stuti|Wealth,Bhajan|Happiness|Janmashtami|KrishnaJi
Yafs12RHYqw,HanumanJi|Katha,Katha
Yof1Vrh5TK0,DurjaJi|Mantra|Stuti|Wealth,DurjaJi|Health|Mantra|Stuti|Success
Yuex2EnsGiY,Aarti|GaneshJi|Katha|Shloka|Wealth,Aarti|Bhajan|Diwali|GaneshJi|Janmashtami
Z6qY7bZI3jk,Shloka|Wealth,Happiness|Shloka
ZSdGIRPRca0,Katha|Wealth,GaneshChaturthi|Strotam
Zagf46kv7p8,Katha|Shloka|Wealth,HanumanJayanti|Happiness|Mantra|Success
Zdcth9NndEA,Katha|KrishnaJi|Mantra|Peace|Wealth,Happiness|Janmashtami|KrishnaJi|Mantra|Peace
ZkKStVgGEJY,Bhajan|Katha|Ramji|Wealth,Bhajan|Dussehra|RamNavami|Ramji
_35QngzzdEQ,HanumanJi|Katha,Katha
_zWa1AjW_C4,Katha|Wealth,Katha|LoveAndRelationship
aLKLcvJZ2Hc,Chalisa|LakshmiJi|Shloka|Strength|Wealth,Chalisa|Diwali|LakshmiJi|Strength|Success
aT9TP5CrLJg,Stuti|Wealth,Bhajan|Happiness
aTFeZxXkL78,GaneshJi|Katha|Strotam|Wealth,GaneshChaturthi|GaneshJi|Health|Strotam|Success|Wealth
agqwzb3YzQ0,Katha|Stuti|Wealth,GaneshChaturthi|Happiness|Health|LoveAndRelationship|Mantra|Stuti|Success
ap8oVmjD3xY,Katha|Wealth,Katha|LoveAndRelationship
av3Vf23CRqc,HanumanJi|Katha,Katha
av9FFShVYBU,GaneshJi|Katha|Strotam|Wealth,GaneshChaturthi|GaneshJi|Strotam
awGyMNeThgQ,Katha|Wealth,Bhajan|MahaShivratri
b-NuoK3gfuc,Shloka|Wealth,Shloka|Success
bUzIW_KDJ5Y,Katha|Wealth,HanumanJayanti|Katha
bZ-Zrc-GPoc,Bhajan|Katha|Ramji|Wealth,Bhajan|Dussehra|RamNavami|Ramji
bc1obsjb58c,Mantra|Peace|Shivji|Shloka|Strength|Wealth,LoveAndRelationship|Mantra|Peace|Shivji|Strength
bcs4geISuy0,Katha|LakshmiJi|Mantra|Peace|Shloka|Wealth,Diwali|Happiness|LakshmiJi|Mantra|Peace|Success|Wealth
bo62sjQ0CmE,Aarti|GaneshJi|Katha|Wealth,Aarti|Bhajan|GaneshChaturthi|GaneshJi
c0J1WntPaDg,Aarti|Shloka|Wealth,Aarti|Diwali|Wealth
cNvPNnhiSo8,Katha|Wealth,MahaShivratri|Strotam
cidhzMLBUPQ,GaneshJi|Katha|Mantra|Wealth,GaneshChaturthi|GaneshJi|Mantra
d-jNUB84poM,Chalisa|Wealth,Bhajan|Success
dHaorYzhsMQ,Shloka|Wealth,Diwali|Katha
dUJG4REgj8o,Katha|Wealth,Janmashtami
dUtIRqj23YQ,Stuti|Wealth,LoveAndRelationship|Stuti
dVTUUtOHUCA,Aarti|DurjaJi|Katha|Wealth,Aarti|DurjaJi|Dussehra|Strotam
dkVlpm1mKFI,GaneshJi|Katha|Mantra|Shloka|Wealth,Diwali|GaneshChaturthi|GaneshJi|Mantra
dnCE-kSHES0,Chalisa|Katha|Stuti|Wealth,Bhajan|Happiness|Janmashtami|LoveAndRelationship|Success
e3tWzWydNeY,Katha|Wealth,Katha|LoveAndRelationship
e7KzbCXk1lE,Shloka|Wealth,Health|Mantra
eH89BxWg9P4,Bhajan|HanumanJi|Katha|Wealth,Bhajan|HanumanJayanti
enalr0CvqVM,Bhajan|GaneshJi|Katha|Wealth,Bhajan|GaneshChaturthi|GaneshJi
evTvChlKhwU,Peace,Mantra|Peace
fGShWlmiDyE,Shloka|Wealth,Happiness|Shloka|Success
fV8WIzEHD-E,Bhajan|GaneshJi|Katha|Wealth,Bhajan|GaneshChaturthi|GaneshJi
f_tCqLX6GNU,Knowledge|Peace|Stuti|Wealth,Happiness|Knowledge|LoveAndRelationship|Peace|Stuti
faCtr2ajTuE,HanumanJi|Shloka,Shloka
felGgBmnx-I,Katha|KrishnaJi|Mantra|Shloka|Wealth,Janmashtami|KrishnaJi|Mantra|Success
fsMzgFMMGxA,Chalisa|DurjaJi|Strength|Wealth,Chalisa|DurjaJi|Strength|Success
ftb-pobLDDM,Katha|Wealth,Bhajan|GaneshChaturthi
g7rBhaAT04A,Shloka|Wealth,Health|Mantra
gFr5p5AyuD0,Aarti|GaneshJi|Katha|Wealth,Aarti|Bhajan|GaneshChaturthi|GaneshJi
gZ8YH3LuJRc,Katha|Wealth,Bhajan|GaneshChaturthi
gaJR15qWTDA,Katha|Wealth,Bhajan|MahaShivratri
gujH1r4nS6M,Katha|Wealth,HanumanJayanti|Strotam
gyLT2Yz_yHo,KrishnaJi|Strotam|Stuti|Wealth,KrishnaJi|LoveAndRelationship|Strotam|Stuti
h1lT6cxwsPw,Katha|Strength|Strotam|Wealth,Dussehra|HanumanJayanti|Strength|Strotam|Stuti|Success
hGMBqByQYjc,Shloka|Wealth,Happiness|Shloka
hn6Im7ZMoG0,Katha|Wealth,Bhajan|RamNavami
hy_UKySqiNo,Bhajan|HanumanJi,Bhajan
iEAPaA9Yf1s,Katha|Mantra|Shivji|Wealth,MahaShivratri|Mantra|Shivji
iR8cieM-CFs,Katha|Wealth,Bhajan|MahaShivratri
iRVIbOMymj0,BhojanSePehle|Katha|Mantra|Peace|Shloka|Wealth,BhojanSePehle|Happiness|Mantra|Peace|Shloka
iWd6VAWduZg,HanumanJi|Katha|Mantra|Shloka|Strength|Stuti|Wealth,HanumanJayanti|HanumanJi|Happiness|LoveAndRelationship|Mantra|Shloka|Strength|Stuti
invPCYDaWUE,Katha|Ramji|Strength|Strotam|Wealth,Dussehra|Health|RamNavami|Ramji|Strength|Strotam|Success
iuBOevhL-bU,Katha|Wealth,HanumanJayanti|Stuti
j8l2aX86Ouk,Shloka|Wealth,Health|Mantra|Shloka
jB4aaP2X7S4,DurjaJi|Katha|Mantra|Peace|Strength|Wealth,DurjaJi|Dussehra|Mantra|Peace|Strength
jRjRip7JyjM,Chalisa|Wealth,Chalisa|Success
kEKE8ZotzAM,Stuti|Wealth,Bhajan|LoveAndRelationship
kEqrQNWUVR0,Peace,Mantra|Peace
kLsTGj_BrzA,Chalisa|Wealth,Bhajan|Success
kOgaTaFcgjU,Knowledge|Mantra|Shloka|Wealth,Knowledge|Mantra|Success
kR4LMcp_AFI,Katha|Wealth,Bhajan|MahaShivratri
kbMinfmC3E0,Chalisa|Stuti|Wealth,Bhajan|Happiness|Health|Success
leVoi6kkp3o,Katha|Knowledge|Peace|Shloka|Stuti|Wealth,Aarti|Bhajan|Diwali|Dussehra|Happiness|Health|Knowledge|Peace|RamNavami|Stuti|Success
ln8em1Dc5Zs,Katha|Wealth,Katha|LoveAndRelationship
log_B4nMkH0,Knowledge|Strotam|Wealth,Knowledge|Strotam|Success
m0VD0vSXNXQ,KrishnaJi|Shloka|Wealth,KrishnaJi|Shloka|Success
mAsyg8JA6Ss,Stuti|Wealth,Bhajan|LoveAndRelationship
mGhfk_LKRjg,Katha|Wealth,GaneshChaturthi|Strotam
mZjySBOJj10,Katha|Wealth,Bhajan|Dussehra
mhK03kecgr0,Chalisa|Wealth,Bhajan|Success
mj8aJ-MkKrI,Katha|Wealth,Katha|LoveAndRelationship
mmVbmowFswQ,Katha|KrishnaJi|Wealth,Janmashtami|Katha|KrishnaJi
mzC2BCNNjv8,Stuti|Wealth,Bhajan|LoveAndRelationship
n4fZknyZlsk,Bhajan|HanumanJi|Katha|Stuti|Wealth,Bhajan|HanumanJayanti|Health
nD43xuZB9xs,Strotam|Wealth,LoveAndRelationship|Strotam
nLUmRxc6140,Bhajan|GaneshJi|Katha|Wealth,Bhajan|GaneshChaturthi|GaneshJi
nViaKp1JhsE,Katha|Wealth,Bhajan|HanumanJayanti
n_DeYZEy4Y4,Katha|Mantra|Ramji|Wealth,Mantra|RamNavami|Ramji
nbfyD78Dke0,GaneshJi|Katha|Shloka|Wealth,GaneshChaturthi|GaneshJi|Mantra|Shloka
ne3Mjg1M-Uo,Katha|Wealth,Janmashtami|Mantra
ngn4Rfu1ZJU,Shloka|Wealth,Health|Shloka
ntpeQR7K0PI,Katha|Mantra|Peace|Wealth,Happiness|Mantra|Peace
nwRoHC83wx0,Katha|Knowledge|Mantra|Peace|Shloka|Wealth,Diwali|Happiness|Health|Knowledge|Mantra|Peace|Shloka|Success
qGki_RZf2a8,Katha|Wealth,Mantra|RamNavami
qaWHPvFHMTQ,Shloka|Wealth,Health|Shloka
qcaAso2kHqU,Katha|Wealth,HanumanJayanti|Stuti
r7GJ8GoGSD8,Aarti|HanumanJi|Katha|Wealth,Aarti|Dussehra
rNSfDMxWHG8,Katha|Wealth,Bhajan|MahaShivratri
rPUuIMR7IJg,Katha|Wealth,Bhajan|Dussehra|HanumanJayanti
rtuZZ6pqlW8,Shloka|Wealth,Health|Shloka
s6eY3KmckxM,Katha|Wealth,Janmashtami|Katha
s9o8JD8PU6w,Katha|Wealth,MahaShivratri|Strotam
sDhrWWWBQLI,Bhajan|HanumanJi|Katha|Wealth,Bhajan|Dussehra|HanumanJayanti
sRjLbmFjjQ0,Katha|Mantra|Ramji|Wealth,Dussehra|Mantra|Ramji
sdZpM8paUnM,Ashtakam|Katha|Peace|Strotam|Wealth,Ashtakam|Janmashtami|LoveAndRelationship|Mantra|Peace|Strotam|Stuti
snRINfVgunw,Katha|Wealth,Dussehra|Mantra|RamNavami
tH93lLehjCs,Katha|Wealth,Bhajan|RamNavami
tj6yKxSPQZQ,Katha|Wealth,Diwali|Katha
uCiRodyfM_8,Shloka|Wealth,Happiness|Health|Shloka
uPv-8-Dslos,Katha|Wealth,Bhajan|HanumanJayanti
uZeqfUN1JQ0,Peace,Mantra|Peace
ukq70I4YDP8,Katha|Wealth,Bhajan|Dussehra
vYFOV9nj-_w,Ashtakam|GaneshJi|Katha|Knowledge|Strotam|Wealth,Ashtakam|GaneshChaturthi|GaneshJi|Knowledge|Strotam
vfzibQrVPoM,Peace|Shloka|Wealth,Peace|Shloka|Success
vgu91Z4kXpk,Strotam|Wealth,Health|Strotam
vlc0vWvSrOM,Katha|Wealth,Dussehra|HanumanJayanti|MahaShivratri|Mantra
vyukL1WLoIs,Katha|Wealth,Katha|LoveAndRelationship
w33Iznz_KsI,Strotam|Wealth,LoveAndRelationship|Strotam
w7HbgKcQS_w,Bhajan|Katha|Shivji|Stuti|Wealth,Bhajan|Health|MahaShivratri|Shivji
w8piP6I3VS0,Stuti|Wealth,Bhajan|Happiness
wiIJr3qihaQ,Bhajan|GaneshJi|Katha|Wealth,Bhajan|GaneshChaturthi|GaneshJi
x59vh8Wga9A,Shloka|Wealth,LoveAndRelationship|Mantra
xFvfdjw2eno,Katha|Wealth,MahaShivratri|Strotam
xaKaZvgkKm8,Katha|Wealth,MahaShivratri|Strotam
xpH5zFWvg1s,Katha|Wealth,Bhajan|RamNavami
xvaY6-PgNyY,HanumanJi|Shloka,Shloka
y-Xv63obhKI,Katha|Mantra|Ramji|Shloka|Strength|Strotam|Wealth,Dussehra|Health|Mantra|RamNavami|Ramji|Shloka|Strength|Strotam|Success|Wealth
yWTN6bsDWN4,Bhajan|KrishnaJi|Stuti|Wealth,Bhajan|KrishnaJi|LoveAndRelationship
yfYUZ6juevk,Stuti|Wealth,Health|LoveAndRelationship|Stuti|Success
ytV08faCJwg,Katha|Mantra|Shivji|Wealth,MahaShivratri|Mantra|Shivji
yzwVyns93nc,Katha|KrishnaJi|Mantra|Wealth,Janmashtami|KrishnaJi|Mantra
zdZ67AM47u8,Aarti|Shloka|Wealth,Aarti|Diwali|Wealth
zkUxRCOUWVo,Katha|Wealth,Bhajan|MahaShivratri
zukqadAe9N8,Katha|Peace|Strotam|Wealth,MahaShivratri|Peace|Strotam|Stuti
