youtube_video_id,tags,occurrence_count,unique_url_count,sample_url,line_numbers,titles
-1udu-1LpOo,Mantra|Peace|RamNavami|Ramji,3,1,https://youtu.be/-1udu-1LpOo?si=pmbGDDSFyq5uJhX0,387|749|1489,राम मंत्र | विजय मंत्र | श्री राम जय राम जय जय राम
-2zGr9Q91DI,GaneshJi|Katha,1,1,https://youtu.be/-2zGr9Q91DI?si=gMHKwO6c9ve5z6m4,511,कौनसा श्राप मिला चंद्रदेव को श्री गणेशजी द्वारा ?
-AXtzS1ytAc,Katha|KrishnaJi,1,1,https://youtu.be/-AXtzS1ytAc?si=5FAkilAIp3wx-dXp,584,माखन चोरी लीला
-AbMZAESCQI,Katha|LoveAndRelationship,1,1,https://youtu.be/-AbMZAESCQI?si=de-o6-JvfKhPqhZn,1041,रुक्मिणी हरण कथा
-F8zV3pMZA0,DurjaJi|Stuti,1,1,https://youtu.be/-F8zV3pMZA0?si=dvF2Hygp_GMOwI5C,630,शैलपुत्री स्तुति (नवदुर्गा की प्रथम स्तुति)
-FvHYW5-fYM,Mantra|RamNavami,1,1,https://youtu.be/-FvHYW5-fYM?si=opkQTKdooyDA3-Yb,1490,राम गायत्री मंत्र
-JYk923PASE,Bhajan|VishnuJi,1,1,https://youtu.be/-JYk923PASE?si=wruS-9FuWwzEb6X5,269,सारे जहाँ के मालिक तेरा ही आसरा है
-NqX8zOZ62w,Diwali|Knowledge|Mantra|Peace|Success,4,2,https://youtu.be/-NqX8zOZ62w?si=DWcjvgR9t3KYkz-D,739|872|1184|1265,नवग्रह सरस्वती | सरस्वती मंत्र
-YVDlWff_5o,Mantra|RamNavami|Ramji,2,2,https://youtu.be/-YVDlWff_5o?si=NnLptGoA8ty1GuGv,386|1492,शांति मंत्र | ॐ राम रामाय नमः
-ZrQZp2y3PQ,GaneshJi|Stuti,1,1,https://youtu.be/-ZrQZp2y3PQ?si=hCx7LtL3gBXFjUBg,184,सिद्धिविनायक स्तुति
-fUdc_XQ_r8,Katha|KrishnaJi,1,1,https://youtu.be/-fUdc_XQ_r8?si=KKo6QkS23XZzJqmh,587,द्रोपदी चीर हरण एक दर्दनाक सत्य कहानी
-mUoM-sSzkc,Chalisa|Shivji|Strength,2,1,https://youtu.be/-mUoM-sSzkc?si=a3TP0d2Z_b5S-kCr,36|846,शिव चालीसा
-pr1RUnmvyI,LoveAndRelationship|Strotam,1,1,https://youtu.be/-pr1RUnmvyI?si=2PVjdNGq0NJo_38s,999,अर्धनारीश्वर स्तोत्र
-rKAOaS7Q3I,Aarti|DurjaJi,1,1,https://youtu.be/-rKAOaS7Q3I?si=l89QDnB3pqc2rsJx,634,"जय अम्बे गौरी, मैया जय श्यामा गौरी (सबसे प्रसिद्ध)"
-y4wvehWSOM,Peace|Shloka,1,1,https://youtu.be/-y4wvehWSOM?si=ZvRpcq948PJcGRIX,791,गीता (अध्याय 6)
01mE3zDTifE,DurjaJi|Mantra,1,1,https://youtu.be/01mE3zDTifE?si=SoXuQjej3MBXv8AX,603,दुर्गा गायत्री
03goUB9QgHw,Peace|Stuti,1,1,https://youtu.be/03goUB9QgHw?si=HmTzxNfNMtTs68Vp,780,अपराध क्षमापन स्तुति
081bLdQKX-Q,Ashtakam|Shivji,1,1,https://youtu.be/081bLdQKX-Q?si=msq2vM1Qng2BQD9H,40,श्री रुद्राष्टकम् (संक्षिप्त अंश - तुलसीदास रचित)
0J1aNK16sFM,Aarti|LakshmiJi,1,1,https://youtu.be/0J1aNK16sFM?si=CSef8Vdgn6PlSsmM,317,ॐ जय लक्ष्मी माता
0KRtx2CxXo8,Ashtakam|Strength,1,1,https://youtu.be/0KRtx2CxXo8?si=ABjvz1r2s-Yy7cTA,831,सुदर्शन अष्टकम
0RuobL60yXw,Mantra|Peace,1,1,https://youtu.be/0RuobL60yXw?si=YucAR53psxKFia7Z,745,सो-हम मंत्र
0VO5vBiYG6I,Health|Strotam,1,1,https://youtu.be/0VO5vBiYG6I?si=17_Cg59qnta9EBNI,1128,धन्वंतरि स्तोत्र
0grOjMCVG_w,Janmashtami|Mantra,1,1,https://youtu.be/0grOjMCVG_w?si=Hnt_Ffu39XgFWHSn,1310,गोविंद मंत्र
0l0Kf_JdzGA,KrishnaJi|Stuti,1,1,https://youtu.be/0l0Kf_JdzGA?si=sub1fmI9QPj7Pvfy,546,बाल मुकुंद स्तुति
0pSbpQcCBNc,KrishnaJi|Strotam,1,1,https://youtu.be/0pSbpQcCBNc?si=uR5GGoDtiu4sh4nB,534,ब्रह्म संहिता
0rWQi2OWezo,Bhajan|Dussehra|RamNavami,2,1,https://youtu.be/0rWQi2OWezo?si=B6lBpLuUPknXnb2D,1379|1510,मंगल भवन अमंगल हारी
0xcCWDE1x5c,Chalisa|Strength,1,1,https://youtu.be/0xcCWDE1x5c?si=VxRFyOl2j6ed7niq,853,कार्तिकेय चालीसा
1AOgbhmP0ig,KrishnaJi|Shloka|VishnuJi,2,2,https://youtu.be/1AOgbhmP0ig?si=41xOtRemY_fBbdT2,260|564,यदा यदा ही धर्मस्य | यदा यदा ही धर्मस्य ग्लानिर्भवति भारत। अभ्युत्थानमधर्मस्य तदात्मानं सृजाम्यहम्॥
1B048qCYGJY,Bhajan|Happiness,1,1,https://youtu.be/1B048qCYGJY?si=vGtXpybJT19itVNr,1085,किशोरी कुछ ऐसा इंतजाम
1_u-Koe8aog,Bhajan|RamNavami,1,1,https://youtu.be/1_u-Koe8aog?si=JSm4ddAy1-X8oO5a,1512,सजा दो घर को गुलशन सा
1kskWmG_u5Q,Happiness|LoveAndRelationship|Mantra|Stuti|Success,3,1,https://youtu.be/1kskWmG_u5Q?si=NtjDNiRY45StpS88,1016|1075|1189,दुर्गा मंत्र | दुर्गा स्तुति
1mCkCzBIvDo,Bhajan|Diwali|GaneshChaturthi|Happiness|Mantra|Shloka|Success,5,1,https://youtube.com/shorts/1mCkCzBIvDo?si=gbomNeAXomyRR6Xw,1099|1244|1263|1450|1479,गणेश श्लोक | निर्विघ्न मंत्र | वक्रतुण्ड महाकाय
1y2tRqtND1Y,Happiness|Janmashtami|KrishnaJi|Mantra|Peace,4,3,https://youtu.be/1y2tRqtND1Y?si=Oc1VslQStdIS9Z13,523|750|1063|1309,कृष्ण शरणम | शरण मंत्र | श्री कृष्णाय शरणं मम
1z4ohQ5wjVQ,BhojanKeBaad,1,1,https://youtube.com/shorts/1z4ohQ5wjVQ?si=qFSjLi160P6jWR1Q,702,चरणामृत मंत्र
25jTq5q9xTg,Mantra|Peace,1,1,https://youtu.be/25jTq5q9xTg?si=vzbCaQs5brOhmYv9,748,अहं ब्रह्मास्मि
280OQORjOWE,Knowledge|Stuti,1,1,https://youtu.be/280OQORjOWE?si=iEGVbkNeKDcS6Tma,901,गायत्री स्तुति
2GQ7t3b3PIM,GaneshJi|Stuti,2,2,https://youtu.be/2GQ7t3b3PIM?si=LoDVda5DZZXnfd-B,185|482,नमामि ते गजाननं | श्री गणेश स्तुति
2XpXPwJYoQ8,Bhajan|DurjaJi,1,1,https://youtu.be/2XpXPwJYoQ8?si=_vr7sS1wOceTQRuV,653,नंगे नंगे पांव चला आ गया री मैया
2dv4rUhuBEg,SoneSePehle,1,1,https://youtu.be/2dv4rUhuBEg?si=uTSd8zAclqdT1YTC,718,हनुमान मंत्र
2hUQyXzKgOo,Katha|Shivji,1,1,https://youtu.be/2hUQyXzKgOo?si=dvtDXcOirPxrEizn,69,नंदी कैसे बने शिवजी के सवारी
2nGciKbBAMY,ShaniiDevJi|Stuti,1,1,https://youtu.be/2nGciKbBAMY?si=-h41UQYsN1Tn89Ox,358,शनि वंदना:
32TGOFRIVmE,Health|Strotam,1,1,https://youtu.be/32TGOFRIVmE?si=LwFbGvQnd3VmykMC,1134,सूर्य मंडल स्तोत्र
3AwodovEc0k,DurjaJi|Stuti,1,1,https://youtu.be/3AwodovEc0k?si=9W4WxeT0tqcjxqYF,627,दुर्गा क्षमा प्रार्थना:
3EnLaJKhO2A,Bhajan|Health|Success,2,1,https://youtu.be/3EnLaJKhO2A?si=7gCDpVLnLz5KZhbG,1159|1229,इतनी शक्ति हमें देना दाता
3H_zLywdgvE,DurjaJi|Katha,1,1,https://youtu.be/3H_zLywdgvE?si=eWQbQtfcA4zP25oc,667,वैष्णो देवी की कथा:
3HwifzYsSeA,Bhajan|MahaShivratri,1,1,https://youtu.be/3HwifzYsSeA?si=3-gdKJEEngGEIV6f,1427,सत्यम शिवम सुंदरम
3Y1JGvieOBk,LakshmiJi|Strotam|Wealth,2,2,https://youtu.be/3Y1JGvieOBk?si=-Vziy6rODds0zN_H,297|937,कनकधारा स्तोत्र | कनकधारा स्तोत्र:
3_8Z1uqPWZ0,Shivji|Strotam,1,1,https://youtu.be/3_8Z1uqPWZ0?si=2Vlmkq5w0gw_xDCZ,29,वेदसार शिव स्तोत्रम्
3_QR2HxO3N4,Aarti|Dussehra,1,1,https://youtu.be/3_QR2HxO3N4?si=Yits6lNC08jSD5UK,1360,आरती कीजै रामलला की
3dmYdRgJsJ4,Strotam|VishnuJi,1,1,https://youtu.be/3dmYdRgJsJ4?si=G1IqQRXpQdgix2Pr,234,गजेन्द्र मोक्ष स्तोत्र:
3hNchYO61N0,DurjaJi|Shloka,1,1,https://youtu.be/3hNchYO61N0?si=6cEKmQN6_sHFHNOp,645,या देवी सर्वभूतेषु शक्तिरूपेण संस्थिता। नमस्तस्यै नमस्तस्यै नमस्तस्यै नमो नमः॥
3rJ4HVA9cII,Shivji|Strotam|Success,2,1,https://youtu.be/3rJ4HVA9cII?si=euKFMGNZX2c0rt5p,21|1202,शिव पंचाक्षर स्तोत्र | शिव पंचाक्षर स्तोत्रम्:
3ucCEjXS9n8,Aarti|KrishnaJi,1,1,https://youtu.be/3ucCEjXS9n8?si=xmxtRMfp2MqjYvJP,558,जय जगदीश हरे
3yczGKnskts,Bhajan|Diwali|Happiness|Health|Janmashtami|KrishnaJi|LoveAndRelationship|Mantra|Peace|Stuti|Success|VishnuJi,10,3,https://youtu.be/3yczGKnskts?si=--z5nTrp4XW8mSRd,266|570|753|1025|1081|1156|1236|1287|1312|1325,अच्युतम केशवम | अच्युतम केशवम कृष्ण दामोदरम
4-XRc7ofCkM,LoveAndRelationship|Mantra|Wealth,2,2,https://youtu.be/4-XRc7ofCkM?si=X27vyybJleAeslG2,930|988,विष्णु लक्ष्मी मंत्र | विष्णु-लक्ष्मी मंत्र
45obOMbjQmA,Mantra|Strength,1,1,https://youtu.be/45obOMbjQmA?si=rFwfcxRCwRVFAbRY,816,गरुड़ शक्ति मंत्र
4CKpFcQdJXk,DurjaJi|Strength|Strotam,2,2,https://youtu.be/4CKpFcQdJXk?si=2OkdCoCBxDs78Tcv,614|829,महिषासुर मर्दिनी | महिषासुरमर्दिनी स्तोत्र
4PZzUru94JY,Shloka,1,1,https://youtu.be/4PZzUru94JY?si=unI0BALTYhAIdzmS,121,बुद्धिर्बलं यशो धैर्यं निर्भयत्वमरोगता।
4VqeqbzJxbc,Bhajan|Dussehra,1,1,https://youtu.be/4VqeqbzJxbc?si=0n0edKyje9U0o6le,1381,सुख के सब साथी
4lokTkaO9xs,Katha|Shivji,1,1,https://youtu.be/4lokTkaO9xs?si=C19AkxnlrW3NFtQ2,70,आखिर क्यों शिवपार्वती ने लिया था अर्धनारीश्वर रूप ?
4n1L6AQJe9w,Bhajan|LoveAndRelationship,1,1,https://youtu.be/4n1L6AQJe9w?si=hJNCIVTpZW79gT8h,1027,मीठे रस से भरयो री
5FU1Zb4oXc8,KrishnaJi|Stuti,1,1,https://youtu.be/5FU1Zb4oXc8?si=iLU2g9Q85rMkbpD_,548,श्री द्वारकाधीशजी की शयन स्तुति
5JMFiNOxejY,Bhajan|LakshmiJi,1,1,https://youtu.be/5JMFiNOxejY?si=owu81CB4a7qNA6-m,324,मेरे घर आओ मां लक्ष्मी
5arZWUzAQ2U,Mantra|Strength|Success,2,1,https://youtu.be/5arZWUzAQ2U?si=t1dIPuKyuZOw08Cb,814|1188,कार्तिकेय मंत्र
5fSrgIFS_EM,PoojaKeBaad,1,1,https://youtube.com/shorts/5fSrgIFS_EM?si=URx57pYNWGu7fTip,715,प्रदक्षिणा मंत्र
5hPQUvaahhg,DurjaJi|Strength|Strotam,2,2,https://youtu.be/5hPQUvaahhg?si=cqtLDH7VLQkac6QA,608|824,कीलक स्तोत्रम
5kYzdHgQ0Sc,LoveAndRelationship|Mantra,1,1,https://youtu.be/5kYzdHgQ0Sc?si=0oKvROBFY-KkJgc3,987,गौरी-शंकर मंत्र
61EGpAy4Ids,Bhajan|Happiness|LoveAndRelationship,2,1,https://youtu.be/61EGpAy4Ids?si=N2hWEO1airA1nztA,1024|1082,राधे राधे बरसाने वाली
62P8Q14nU0A,LoveAndRelationship|Strotam,1,1,https://youtu.be/62P8Q14nU0A?si=qD2LqxbE7pEEMdRw,1005,उमा महेश्वर स्तोत्र
6BJR_j4FHz4,Bhajan|Dussehra|Happiness|Health|RamNavami|Ramji|Success,6,1,https://youtu.be/6BJR_j4FHz4?si=hRLU-bLSvuuKWHgs,434|1087|1158|1230|1387|1518,राम नाम के हीरे मोती
6D1FdZczNXI,MahaShivratri|Strotam,1,1,https://youtu.be/6D1FdZczNXI?si=HhkiWFaq0I_CSFs-,1412,लिंगाष्टकम
6Jteav3K_NE,Bhajan|RamNavami,1,1,https://youtu.be/6Jteav3K_NE?si=dZWllCjfv1QFeiWq,1511,भए प्रगट कृपाला दीनदयाला
6LO2PRgbutc,Aarti|Bhajan|Janmashtami|KrishnaJi|RamNavami,3,3,https://youtu.be/6LO2PRgbutc?si=5jlVXHicQQJxmGEG,554|1318|1517,आरती श्री बांके बिहारी तेरी आरती गाऊं | बांके बिहारी की आरती | रघुबर तेरी आरती गाऊं
6Ncyh3vwtQI,Mantra|VishnuJi,1,1,https://youtu.be/6Ncyh3vwtQI?si=JS1uUNm_AsCNqZUZ,229,ॐ अचुताय नमः
6PfjQNc3J8M,GaneshJi|Katha,1,1,https://youtu.be/6PfjQNc3J8M?si=G20iarXyjqTOP0wI,213,महाभारत कैसे लिखी गई ?
6YC07U56lEE,Happiness|LoveAndRelationship|Mantra|Stuti,2,1,https://youtu.be/6YC07U56lEE?si=yMIUoQan-D0osO7O,985|1076,कात्यायनी मंत्र | कात्यायनी स्तुति
6em96KXH2uY,Aarti|KrishnaJi,1,1,https://youtu.be/6em96KXH2uY?si=3lnyN7ceeQdMOk9s,557,आरती जुगल किशोर की
6fl5JFL-SoA,GaneshJi|Knowledge|Shloka|Stuti,2,2,https://youtu.be/6fl5JFL-SoA?si=q5d9ZR9bNuB-cEot,196|894,गजाननं भूतगणादिसेवितं कपित्थजम्बूफलचारुभक्षणम्। उमासुतं शोकविनाशकारकं नमामि विघ्नेश्वरपादपंकजम्॥ | गणेश स्तुति (गजाननं भूत..)
6w3wN89oLfo,KrishnaJi|Mantra,1,1,https://youtu.be/6w3wN89oLfo?si=heaJxtbjFicJCK7E,527,गोवल्लभाय स्वाहा
7AOJUIx9dLE,GaneshJi|Strotam,1,1,https://youtu.be/7AOJUIx9dLE?si=iiZJAYQrRCv1tpsQ,465,गणेश कवच
7BEYmt8EeX8,Ashtakam|Diwali|Mantra|Shloka|Strotam|Success|Wealth,4,1,https://youtube.com/shorts/7BEYmt8EeX8?si=kqi58ODFW_qjBs1A,967|1196|1267|1280,नमो नमस्तेऽस्तु महामाये श्रीपीठे सुरपूजिते | महालक्ष्मी अष्टकम
7MhfQOgWMyc,Bhajan|ShaniiDevJi,1,1,https://youtu.be/7MhfQOgWMyc?si=9-sfsnHXgLJw40qt,369,शनैश्वरा शनैश्वरा
7P7XuN_D2nQ,Ashtakam|LakshmiJi,1,1,https://youtu.be/7P7XuN_D2nQ?si=H9rP6H9jO-grHqXC,309,महालक्ष्म्यष्टकम्
7TMeGrAiYXg,Aarti|DurjaJi,1,1,https://youtu.be/7TMeGrAiYXg?si=trZ1yP_Ejvtw9smG,639,जय वैष्णव माता आरती
7VCiJ2N-1EA,KrishnaJi|Stuti,1,1,https://youtu.be/7VCiJ2N-1EA?si=Twq1UgJi0jETyqeg,547,राधा-कृष्ण युगल स्तुति
7_YKhtWKfX8,Katha|VishnuJi,1,1,https://youtu.be/7_YKhtWKfX8?si=AWwS-7AgfKFaduT9,280,गुरुवार व्रत कथा
7hpt3DFGsgk,Ashtakam|DurjaJi,1,1,https://youtu.be/7hpt3DFGsgk?si=45BB1NayOe2rS_lH,622,श्री दुर्गा अष्टकम्
7jwEnIwT_kk,Dussehra|Mantra,1,1,https://youtu.be/7jwEnIwT_kk?si=Mm_qCEbi9iNrHK62,1355,राम गायत्री मंत्र
7wsmGmotCIE,Strength|Strotam,1,1,https://youtu.be/7wsmGmotCIE?si=wo9dJcGTmbVuH9CG,838,महाकाली स्तोत्र
8-qBFaUbKfs,Knowledge|Shloka|Wealth,2,2,https://youtube.com/shorts/8-qBFaUbKfs?si=3v_PngXwBsh9bHST,916|974,कर्मण्येवाधिकारस्ते मा फलेषु कदाचन | गीता श्लोक 2
897iHQ6bPbU,Dussehra|Katha,1,1,https://youtu.be/897iHQ6bPbU?si=yutaXaaJ0l7YzH9U,1392,महिषासुर मर्दन
8HTkpFKRqbw,Knowledge|Mantra|Shloka,2,2,https://youtube.com/shorts/8HTkpFKRqbw?si=gXDWT4gUuB1QS0Sj,867|913,विद्या प्राप्ति मंत्र | सरस्वती श्लोक
8SdAQcExa0E,DurjaJi|Katha,1,1,https://youtu.be/8SdAQcExa0E?si=ts9zw3Z2pRUl_coi,665,माता सती और 51 शक्तिपीठ की कथा
8YDJARGajec,Katha|LoveAndRelationship,1,1,https://youtu.be/8YDJARGajec?si=iem_4YeFPsUqCp1l,1038,राधा-कृष्ण प्रेम कथा
8hbV_LQKvv0,Shloka|Strotam|Success|Wealth,2,1,https://youtube.com/shorts/8hbV_LQKvv0?si=k4cFAIlX83ys0rDI,968|1198,धनं धान्यं पशुं बहुपुत्रलाभं शतसंवत्सरं दीर्घमायुः | श्री सूक्तम
8jff2wz3Hpk,Bhajan|GaneshChaturthi|GaneshJi,2,2,https://youtu.be/8jff2wz3Hpk?si=QNsZeRhwDjGRQ5Hs,500|1476,मौर्य रे बाप्पा मौर्य रे | मौर्या रे बाप्पा मौर्या रे
8l77GDrFq-k,Katha|ShaniiDevJi,1,1,https://youtu.be/8l77GDrFq-k?si=9Z4rz10EH1DVrmgH,378,शनिदेव और हनुमान जी की कथा |
8rXQPg2o2NI,Peace|Shloka,1,1,https://youtube.com/shorts/8rXQPg2o2NI?si=qxUb07QrdaPiXCPZ,795,संतुलन श्लोक
8sYK7lm3UKg,Mantra|Peace,1,1,https://youtu.be/8sYK7lm3UKg?si=KT8XY7gMP0pyZAwq,729,ओम चैंटिंग
8xvbnfVIJL4,MahaShivratri|Peace|Stuti,2,2,https://youtu.be/8xvbnfVIJL4?si=_w4OfD0T9j_4Ro1r,775|1411,शिव रुद्राष्टकम | शिव रुद्राष्टकम स्तुति
90Jg2ZI_RLo,HanumanJayanti|Strotam,1,1,https://youtu.be/90Jg2ZI_RLo?si=YIdpJ3jOCE_8ukk4,1541,श्री हनुमत् स्तवन
98tKisf10-I,DurjaJi|Stuti,1,1,https://youtu.be/98tKisf10-I?si=f1PmcHWoeyC0xT7A,628,देवी स्तुति:
9IqAtf_DTb8,RamNavami|Ramji|Strotam,2,1,https://youtu.be/9IqAtf_DTb8?si=7qKSbxov-_kWaUeO,398|1503,नाम रामायणम्
9Y6wrYQ9l9M,GaneshJi|Katha,1,1,https://youtu.be/9Y6wrYQ9l9M?si=ob2XoW3B-NceWETE,509,संकष्टी चतुर्थी व्रत कथा
9kCXXD5q_pU,LoveAndRelationship|Mantra,1,1,https://youtu.be/9kCXXD5q_pU?si=_RY68kIVPMHzXFvS,984,कामदेव गायत्री
9w9SVujBfxo,Bhajan|DurjaJi,1,1,https://youtu.be/9w9SVujBfxo?si=AtgSefqNs0QBxKeN,658,मैया तेरी जय जयकार
9wUtZFEmaLM,Mantra|Wealth,1,1,https://youtu.be/9wUtZFEmaLM?si=mnP_uX0SYbSi1G4F,932,व्यापार वृद्धि मंत्र
A01Ms9WILjA,SubahUthteHi,1,1,https://youtube.com/shorts/A01Ms9WILjA?si=KGdLKpQz4FqoFG9l,678,नवग्रह प्रभात मंत्र
A4WW9ezwazc,Aarti|DurjaJi,1,1,https://youtu.be/A4WW9ezwazc?si=8R3ZrJ_Yn27l_iQS,641,भोर भई दिन चढ़ गया मेरी अम्बे
AB2sbXuL9kQ,Katha|KrishnaJi,1,1,https://youtu.be/AB2sbXuL9kQ?si=MElc9dj-urTPQgvo,582,कालिया नाग मर्दन
ABNYMP9z8qk,Bhajan|VishnuJi,1,1,https://youtu.be/ABNYMP9z8qk?si=EkfBRWlZWFeDBGaz,268,नमो नमो श्री नारायण जय बैकुण्ड बिहारी
AETFvQonfV8,Chalisa|Dussehra|HanumanJayanti|RamNavami|Strength|Success,6,1,https://youtu.be/AETFvQonfV8?si=YezmW2nYi76Eoi6Q,107|844|1221|1371|1504|1536,श्री हनुमान चालीसा | हनुमान चालीसा
AK-fDVxDV6A,Happiness|MahaShivratri|Mantra|NahaneKeBaad,3,1,https://youtube.com/shorts/AK-fDVxDV6A?si=hJqXBNcFgGpUmF7A,690|1060|1399,पंचाक्षरी मंत्र | शिव पंचाक्षर
APztwI6m1KI,Bhajan|DurjaJi,1,1,https://youtu.be/APztwI6m1KI?si=6ZVQo_B3b2opJ6nP,659,लली लली लाल चुनरिया
AQc1UVfxpY0,Strength,1,1,https://youtu.be/AQc1UVfxpY0?si=BYDIeeQL-JBS_CpL,839,कार्तिकेय कवच
AXDLxXIbxAs,HanumanJi|Mantra|Shloka,2,2,https://youtu.be/AXDLxXIbxAs?si=61Ag66LJRXixtINz,80|123,हनुमान गायत्री | हनुमान गायत्री मंत्र:
AafMDVg6W94,Strength,1,1,https://youtu.be/AafMDVg6W94?si=f4-0vp9yvV0pyLGk,834,नृसिंह कवच
Ab04UFqu-Qs,GaneshChaturthi|Strotam,1,1,https://youtu.be/Ab04UFqu-Qs?si=Y71l_1lC5QwtYyiq,1463,गणपति गकार स्तोत्र
AibLZNQcHq4,GaneshJi|Mantra,1,1,https://youtu.be/AibLZNQcHq4?si=LjeojdU2vyn6oW8m,456,ॐ विघ्ननाशनाय नमः
AjCLVm6gKQc,HanumanJi|Strotam,1,1,https://youtu.be/AjCLVm6gKQc?si=acKj8AiCXoLASvM8,96,श्री हनुमान तांडव स्तोत्र
AkCYiUsdArw,KrishnaJi|Shloka,1,1,https://youtu.be/AkCYiUsdArw?si=jLgaTztsiNDDIvg5,563,मूकं करोति वाचालं पंगुं लंघयते गिरिम्। यत्कृपा तमहं वन्दे परमानन्द माधवम्॥
ApZoQJ8UK_8,DurjaJi|Katha,1,1,https://youtu.be/ApZoQJ8UK_8?si=BGN6jaJOsMmfcwqb,668,रक्तबीज वध की कथा:
Asb3NCYzDnM,Happiness|Shloka|Success,2,1,https://youtube.com/shorts/Asb3NCYzDnM?si=2Ip-bhoGeriuglXN,1102|1246,विद्या श्लोक | सरस्वती श्लोक
B2Mbb_uUC8E,Knowledge|LoveAndRelationship|Mantra,2,1,https://youtu.be/B2Mbb_uUC8E?si=9o3n9FgDqedN50LH,865|992,माँ सरस्वती मंत्र | सरस्वती बीज मंत्र
B2lrRky9eE4,Chalisa|Strength,1,1,https://youtu.be/B2lrRky9eE4?si=nQgH9JmWN6iBVbGk,855,बगलामुखी चालीसा
BBV0HQI3NB4,Happiness|Health|Mantra|Strength|Strotam|Success,4,2,https://youtu.be/BBV0HQI3NB4?si=LjPC9hE-1m_fAsBa,828|1064|1135|1201,नारायण कवच | नारायण मंत्र
BIK_VYd2RQw,Health|Stuti|Success,2,1,https://youtu.be/BIK_VYd2RQw?si=XrxIX1rsAAm4V_V9,1141|1213,आदित्य स्तुति | सूर्य स्तुति
BL5lLnsLUrA,Diwali|Katha|LakshmiJi,2,2,https://youtu.be/BL5lLnsLUrA?si=gbst_MpkoyNGs-vd,331|1296,माता लक्ष्मी का अवतार | लक्ष्मी जी की अवतार कथा |
BLVWder8V9I,GaneshJi|Mantra,1,1,https://youtu.be/BLVWder8V9I?si=ZzhUqV7dwH-dI-sP,454,ॐ विकटाय नमः
BLn-f2DZN4Y,Mantra|Peace|VishnuJi,2,1,https://youtu.be/BLn-f2DZN4Y?si=tdz0GGjNGQIWYzX4,220|751,नारायण मंत्र | ॐ नमो नारायणाय
BMHSi1dzXzs,Bhajan|GaneshJi,1,1,https://youtu.be/BMHSi1dzXzs?si=rn151FPk0nrcDwwa,205,हे गौरी नंदन तुमको वन्दन
BYDOl5Sm-HE,HanumanJi|Mantra,1,1,https://youtu.be/BYDOl5Sm-HE?si=80FQdV8AYyPkhQOY,86,रुद्रावतार हनुमान मंत्र (मूल मंत्र:)
BhrCfQ0xyp8,Ashtakam|GaneshChaturthi|GaneshJi,2,1,https://youtu.be/BhrCfQ0xyp8?si=Y8ihF6eLhRKE0QZ1,474|1461,गणेश अष्टकम
BhwOproElxU,Aarti|Shivji,1,1,https://youtu.be/BhwOproElxU?si=hlOKkSda3B3Cka2O,47,ॐ जय शिव ओंकारा
BjvVJOS7xPE,HanumanJi|Strotam,1,1,https://youtu.be/BjvVJOS7xPE?si=NtPLuZzAbGNbe6gO,101,श्री आञ्जनेय द्वादशनाम स्तोत्रम्
BmoR0Wdw62Y,DurjaJi|Mantra,1,1,https://youtu.be/BmoR0Wdw62Y?si=XrxETRzByga49y4q,602,सृष्टिस्थितिविनाशानां शक्तिभूते सनातनि। गुणाश्रये गुणमये नारायणि नमोऽस्तुते॥
BsEqI1NZA-E,Ashtakam|Strength,1,1,https://youtu.be/BsEqI1NZA-E?si=BvvWKg3Y9kURK_Uu,826,कालभैरव अष्टकम
BugLdlv5EpQ,HanumanJayanti|Strotam,1,1,https://youtu.be/BugLdlv5EpQ?si=8ecd3j02yZo22upS,1543,एकमुखी हनुमत् कवच
BzPbfftJ8Ho,HanumanJayanti|Strength|Strotam,2,2,https://youtu.be/BzPbfftJ8Ho?si=D5a89g51GA88L_N_,822|1544,पंचमुखी हनुमान कवच
BzUBWzgXJnc,Ramji|Shloka,1,1,https://youtu.be/BzUBWzgXJnc?si=VOpDb7Yr370nkHUN,422,लोकाभिरामं रणरंगधीरं राजीवनेत्रं रघुवंशनाथम्। कारुण्यरूपं करुणाकरं तं श्रीरामचन्द्रं शरणं प्रपद्ये॥
C9EespXQCGE,Bhajan|Happiness|Health|Success,3,1,https://youtu.be/C9EespXQCGE?si=IyEpmHHsEOLzOuXF,1092|1155|1233,मेरा आपकी कृपा से
CA8RcKyO0Y4,Dussehra|Mantra|RamNavami|Ramji,3,1,https://youtu.be/CA8RcKyO0Y4?si=lQGTY9Ov96Uhu8JI,385|1349|1488,राम मूल मंत्र | विजय मंत्र | ॐ रामाय नमः
CAc9h7oTjrM,PoojaKeSamay|Shloka|VishnuJi,2,2,https://youtu.be/CAc9h7oTjrM?si=VVFbSow3YEgGraj0,261|709,अर्पण मंत्र | कायेन वाचा
CIl1O1GwOfk,HanumanJayanti|Happiness|Health|Mantra|Shloka|Stuti|Success,6,3,https://youtu.be/CIl1O1GwOfk?si=0PLRHfGike1eIJPN,114|129|1074|1140|1210|1531,"अतुलित बल मंत्र | अतुलितबलधामं हेमशैलाभदेहं, | अतुलितबलधामं हेमशैलाभदेहं, अनुजवनकृशानुं ज्ञानिनामग्रगण्यम्। सकलगुणनिधानं वानराणामधीशं, रघुपतिप्रियभक्तं वातजातं नमामि। | हनुमान स्तुति"
CY0le0A1spY,BhojanSePehle,1,1,https://youtu.be/CY0le0A1spY?si=FnNo2p4vCGM_2sQi,695,ब्रह्मार्पण मंत्र
Cn_MBUfZSQo,DurjaJi|Strotam,1,1,https://youtu.be/Cn_MBUfZSQo?si=RyVPFTFe6tGrNzAX,606,दुर्गा सप्तशती:
D46fCp06EfE,Mantra|Peace,1,1,https://youtu.be/D46fCp06EfE?si=5_BNw_uMCsqb0prg,740,हनुमान मंत्र
DCkMeVhmiC4,Janmashtami|Katha|KrishnaJi,2,2,https://youtu.be/DCkMeVhmiC4?si=jcdhcguIvw6rcsQE,581|1337,श्री कृष्ण का जन्म | श्री कृष्ण जन्म कथा:
DF8jiXHJlRA,Katha|Ramji,1,1,https://youtu.be/DF8jiXHJlRA?si=LwvO4OoiAxaNRpDV,442,भरत राम मिलाप - कथा
DZkdEN1cf8o,GaneshChaturthi|Strotam,1,1,https://youtu.be/DZkdEN1cf8o?si=AtgM9TK_H5Acd7yX,1465,लम्बोदर स्तोत्र
DdnIrdIyXPk,KrishnaJi|Shloka,1,1,https://youtu.be/DdnIrdIyXPk?si=J0UsLQg_mLhBHqx8,562,वसुदेवसुतं देवं कंसचाणूरमर्दनम्। देवकीपरमानन्दं कृष्णं वन्दे जगद्गुरुम्॥
DkoN-b0YrAs,SoneSePehle,1,1,https://youtu.be/DkoN-b0YrAs?si=7Oa0wGZzVspJfpt9,719,रक्षा मंत्र
Dlu4KGrnmZg,Bhajan,1,1,https://youtu.be/Dlu4KGrnmZg?si=uNHWa9x_7eYIABar,137,वीर हनुमाना अति बलवाना
DnPBZvI1YCg,NahaneKeBaad,1,1,https://youtube.com/shorts/DnPBZvI1YCg?si=2O3c1NfZk4fj_OzH,689,गायत्री मंत्र
DwFMQONuLhE,Health|Mantra,1,1,https://youtu.be/DwFMQONuLhE?si=uBOqcwcFYUeGy5XH,1122,नारायण कवच अंश
EFbGj-F1vpA,Strotam|Wealth,1,1,https://youtu.be/EFbGj-F1vpA?si=FXDu5q3EIA-7EOXe,947,शुभ-लाभ स्तोत्र
EJufdp0WS0Q,Chalisa|KrishnaJi,1,1,https://youtu.be/EJufdp0WS0Q?si=fLbrGiYjPfMbjZp1,539,कृष्णा चालीसा
EMO1AT1UQf0,Aarti|Janmashtami|KrishnaJi,2,2,https://youtu.be/EMO1AT1UQf0?si=MkZfeLJzerN3VqU3,552|1316,आरती कुंज बिहारी की | आरती कुंजबिहारी की
EMeSTcffrEI,Strength|Strotam,1,1,https://youtu.be/EMeSTcffrEI?si=Le3PQ2ZAfKVecpc4,821,राम रक्षा स्तोत्र
EWCkUAY-0OU,Health|Strotam,1,1,https://youtu.be/EWCkUAY-0OU?si=rSwJp2NDWgWtLUZB,1133,हनुमान बाहुक
Eadz0b0AK4M,Aarti|KrishnaJi,1,1,https://youtu.be/Eadz0b0AK4M?si=PDjr0UDP8HdWcMPs,559,द्वारकाधीश आरती
EeGBRq880uU,PoojaKeSamay,1,1,https://youtu.be/EeGBRq880uU?si=5C-5VPQu7MQKBmTM,710,आचमन मंत्र
EiBdfBciDA0,Diwali|Stuti,1,1,https://youtu.be/EiBdfBciDA0?si=nmwSs611cJ-RuV8D,1282,श्री राम चंद्र कृपालु भजु मन
EkAUXHqqaLk,LoveAndRelationship|Strotam|VishnuJi,2,2,https://youtu.be/EkAUXHqqaLk?si=b2ZaLaeUWX9IOTP5,235|1002,लक्ष्मी नारायण स्तोत्र
EnbppB9t2Lg,Aarti|GaneshJi,1,1,https://youtu.be/EnbppB9t2Lg?si=53RDlB0vlkr02pCQ,487,"सुख करता दुखहर्ता, वार्ता विघ्नाची नूर्वी पूर्वी प्रेम कृपा जयाची"
EvfGBluQkSk,Ashtakam|Dussehra|Peace|RamNavami|Ramji,4,2,https://youtu.be/EvfGBluQkSk?si=6DRbdUZBZsWzEX86,406|766|1373|1502,राम अष्टकम | श्री राम अष्टकम
EvzntcbyjFU,Diwali|Dussehra|Strotam,2,1,https://youtu.be/EvzntcbyjFU?si=hm8jdvkNsk7IYzFJ,1290|1372,विष्णु सहस्रनाम
EwTppFPdFV4,Knowledge|Strotam,1,1,https://youtu.be/EwTppFPdFV4?si=ER3GE0FWkeR8dZXB,888,मेधा सूक्त स्तोत्र
FCbDRLU0Myo,DurjaJi|Stuti,1,1,https://youtu.be/FCbDRLU0Myo?si=IoI0iDvLF12CGPQt,629,ब्रह्माकृत देवी स्तुति
FEQubnAZXNg,HanumanJayanti|Mantra,1,1,https://youtu.be/FEQubnAZXNg?si=wgGHeAtzk-LuOioV,1530,राम-दूत मंत्र
FOzo1SxVxAg,Health|Mantra,1,1,https://youtu.be/FOzo1SxVxAg?si=dVlzuPfVGyDEcJtC,1114,सूर्य आरोग्य मंत्र
FUpzgvsWkL8,HanumanJayanti|HanumanJi|Health|Mantra|Shloka,4,3,https://youtu.be/FUpzgvsWkL8?si=IR8jegQlpVL8NtTl,88|1117|1168|1529,प्रमुख मंत्र: | स्वास्थ्य मंत्र | हनुमान स्वास्थ्य | हनुमान स्वास्थ्य मंत्र
FVdX-ZhTR4w,Aarti|Ramji,1,1,https://youtu.be/FVdX-ZhTR4w?si=4dtkjJ7jPjADBS8i,415,आरती श्री रामायण जी की
FkDW6dXWO28,Knowledge|Shloka,1,1,https://youtu.be/FkDW6dXWO28?si=-CWnd9BTactQtoaP,908,विद्या श्लोक
G-LD7NIP8Vs,SoneSePehle,1,1,https://youtube.com/shorts/G-LD7NIP8Vs?si=spLFLTo06gHTTYLv,722,विष्णु स्मरण
GHBynIok2Lo,DurjaJi|Mantra|Strength,2,1,https://youtu.be/GHBynIok2Lo?si=uHYmAAtpv22yQ64n,597|808,दुर्गा दुःस्वप्न निवारण | ॐ ह्रीं दुं दुर्गायै नमः
GM-1L-Hglnw,DurjaJi|Katha,1,1,https://youtu.be/GM-1L-Hglnw?si=_teScPV7tR8KzYXg,662,महिषासुर वध की कथा:
GiUkwTxsaYA,Bhajan|GaneshChaturthi|GaneshJi,2,2,https://youtu.be/GiUkwTxsaYA?si=cScu8MSnQaP0GaX3,504|1481,"गणपति बप्पा मोरया (Title) | मेरे मन मंदिर में तुम भगवान रहे,"
Gtfufkz68KM,Bhajan|Ramji,1,1,https://youtu.be/Gtfufkz68KM?si=exIeaIdkt21gExXk,429,रघुपति राघव राजा राम
H2r9M66CQPk,Bhajan|LakshmiJi,1,1,https://youtu.be/H2r9M66CQPk?si=VK7SngiMM1nMQ2hZ,326,घर में पधारो लक्ष्मी मैया
HH_a6aRO1TE,Ashtakam|Bhajan|HanumanJayanti|Strength|Strotam|Success,5,4,https://youtu.be/HH_a6aRO1TE?si=k0J6WxtRY4t4yhi1,111|135|836|1203|1538,संकट मोचन नाम तिहारो | संकट मोचन हनुमानाष्टक | संकटमोचन हनुमान अष्टक | हनुमान अष्टक | हनुमान अष्टकम
HHtMKIeMBAk,Katha|MahaShivratri,1,1,https://youtu.be/HHtMKIeMBAk?si=eUWok9Kg2Onxu6Il,1437,शिव पार्वती विवाह की संपूर्ण कथा
HPHadXO2MGY,Knowledge|Shloka,1,1,https://youtu.be/HPHadXO2MGY?si=iKiM45I8JobFPtp2,915,सुभाषित 2
HSmjdnH8gQs,Bhajan|Success,1,1,https://youtu.be/HSmjdnH8gQs?si=o6UWgxSp3h1GflBN,1238,जय हनुमान ज्ञान गुन सागर
HaRSDKZPQ3I,LakshmiJi|Strotam,1,1,https://youtu.be/HaRSDKZPQ3I?si=H1izhPc-mXQi_vT1,301,सर्वदेव कृत लक्ष्मी स्तोत्र
HblVEP-ecEo,Knowledge|Peace|Stuti,2,1,https://youtu.be/HblVEP-ecEo?si=XaU9U-v4WoR7-NDE,777|896,शिव मानस स्तुति
Hcljk3ygbVc,Ramji|Shloka,1,1,https://youtu.be/Hcljk3ygbVc?si=oQ__JrPUy6l5dJrn,421,रामाय रामभद्राय रामचन्द्राय वेधसे। रघुनाथाय नाथाय सीतायाः पतये नमः॥
HdFD5S7pdtw,Shivji|Shloka,1,1,https://youtu.be/HdFD5S7pdtw?si=LGbLbPv5GY_tE3Ab,54,ध्यान श्लोक (पूजा हेतु)
HeqiNrjiCfk,Diwali|LakshmiJi|Mantra|Wealth,3,2,https://youtu.be/HeqiNrjiCfk?si=EyUBWgbK16-rLLp0,288|931|1264,महालक्ष्मी गायत्री | लक्ष्मी गायत्री | लक्ष्मी गायत्री मंत्र
HhLUl36i2gs,Katha|VishnuJi,1,1,https://youtu.be/HhLUl36i2gs?si=Qbhw_Rvjr7barqml,276,नरसिंह अवतार और प्रह्लाद की कथा
Hi1sTa68g7o,Chalisa|Strength,1,1,https://youtu.be/Hi1sTa68g7o?si=RZw4weog997o8jQH,849,नृसिंह चालीसा
HkdHyXjagiU,LakshmiJi|Mantra,1,1,https://youtu.be/HkdHyXjagiU?si=4GOKIUcqQY6_aHZB,290,ॐ धनाय नमो नमः
I8nSdrQiSTM,Bhajan|LoveAndRelationship,1,1,https://youtu.be/I8nSdrQiSTM?si=oMwUWlaloJ60zBpr,1034,हरि बिन कोई न तेरा
IHyTxAR51Ow,Bhajan|DurjaJi,1,1,https://youtu.be/IHyTxAR51Ow?si=s3YaBX3DMcnlWt3a,655,मैया का चोला है रंगला
IJfsaSWM7vg,Katha,1,1,https://youtu.be/IJfsaSWM7vg?si=dEF6K1qP5r5Mh6vZ,142,भगवान श्री राम और हनुमान जी का प्रथम मिलाप
IKGvPex_NQM,Mantra|Shloka|Success|Wealth,3,3,https://youtu.be/IKGvPex_NQM?si=1DrV4jmYl-n-B0rm,925|973|1190,कुबेर मंत्र | यक्षाय कुबेराय वैश्रवणाय धनधान्याधिपतये
IMtvmQr5o5I,GaneshJi|Stuti,1,1,https://youtu.be/IMtvmQr5o5I?si=l3Ya9JbkB2GCi9RB,477,श्री गणेश पञ्चरत्न
IPmuTHmizWo,Happiness|MahaShivratri|Mantra|Shloka,2,1,https://youtube.com/shorts/IPmuTHmizWo?si=XZ2PxqPnPCnTi9QR,1100|1403,करपूर गौरं मंत्र | शिव श्लोक
ISURgmavEAc,Aarti|Wealth,1,1,https://youtu.be/ISURgmavEAc?si=Ytk5EqWInYj2tffi,962,माँ अन्नपूर्णा आरती
IXIA0ua2WDs,BhojanKeBaad,1,1,https://youtube.com/shorts/IXIA0ua2WDs?si=4cKvCmZ8Ew4lFZnq,700,अगस्त्य मंत्र
IfpaqbjwW6Y,Katha,1,1,https://youtu.be/IfpaqbjwW6Y?si=0Q_-WTElzyLcpNwT,140,हनुमान जन्म कथा
IhBouQi3D9Q,Mantra|VishnuJi,1,1,https://www.youtube.com/live/IhBouQi3D9Q?si=jENRpKbSc3oDZxDg,223,ॐ ह्रीं कार्तवीर्यार्जुनो नाम राजा बाहु सहस्रवान। यस्य स्मरेण मात्रेण हृतं नष्टं च लभ्यते॥
Ik_zhFLWVA0,Katha|LoveAndRelationship|VishnuJi,2,2,https://youtu.be/Ik_zhFLWVA0?si=VDJeXDG4eTL8qrcf,279|1047,तुलसी-शालिग्राम | शालिग्राम बनने की कथा
Im5TK-glA9M,Happiness|Health|LoveAndRelationship|Mantra|Peace|Stuti|Success|VishnuJi,6,2,https://youtu.be/Im5TK-glA9M?si=9nkexVkWvXGF3cUA,227|776|1017|1072|1145|1215,नारायण स्तुति | शान्ताकारं भुजगशयनं पद्मनाभं सुरेशं
IpnEpKR9Qrs,Happiness|Shloka,1,1,https://youtube.com/shorts/IpnEpKR9Qrs?si=oblu0Y1NfxniQt1B,1104,मंगल श्लोक
Is7xRqhvlvU,SubahUthteHi,1,1,https://youtube.com/shorts/Is7xRqhvlvU?si=qARyNsuIj0WI9zTT,677,पृथ्वी क्षमा प्रार्थना
J5cllhBiAV0,Aarti|Ramji,1,1,https://youtu.be/J5cllhBiAV0?si=eZFJ95kTQoYeJ4UH,413,श्री रामचंद्र जी की आरती:
J6nx86MKzeA,Happiness|Shloka,1,1,https://youtube.com/shorts/J6nx86MKzeA?si=Ma4-zWFrTo-M-52R,1098,समर्पण श्लोक
JCU2B7718PY,Katha|VishnuJi,1,1,https://youtu.be/JCU2B7718PY?si=YHivudgRSSDMI3uY,273,सत्यनारायण व्रत कथा:
JGi64RoqZ9g,HanumanJayanti|Katha,2,2,https://youtu.be/JGi64RoqZ9g?si=LzuKJAoqe1TsPcav,143|1558,हनुमान जनम कथा | हनुमान जन्म कथा
JIazMEU8_mA,GaneshJi|Katha,1,1,https://youtu.be/JIazMEU8_mA?si=RL-ZsSegD_ZJq3ni,513,"जानिये कैसे जन्म हुआ देवी रिद्धि-सिद्धि का, कैसे हुआ श्री गणेश से विवाह"
JSVctoNlPKs,Mantra|Peace|Shloka|VishnuJi,2,1,https://youtu.be/JSVctoNlPKs?si=W7kvcuUvTsv_KM5A,263|752,त्वमेव माता च पिता त्वमेव
JfXPpBVPkcU,Shivji|Stuti,1,1,https://youtu.be/JfXPpBVPkcU?si=fMvP8aJMsyMYOHU3,43,शिव स्तुति
K3oE-h8Lgxk,KrishnaJi|Strotam,1,1,https://youtu.be/K3oE-h8Lgxk?si=H2NeiSvZDFyeitvU,533,श्री कृष्ण अष्टोत्तर शतनाम स्तोत्र (108 नाम)
KHQGmOCP7hQ,Ashtakam|DurjaJi,1,1,https://youtu.be/KHQGmOCP7hQ?si=L4kZDdZJP8wnbERN,624,भवानी अष्टकम
KI03fvJNUTk,GaneshJi|Shloka,1,1,https://youtu.be/KI03fvJNUTk?si=D9xeAlbhH0zw2l0M,495,सुमुखश्चैकदन्तश्च कपिलो गजकर्णकः ।लम्बोदरश्च विकटो विघ्ननाशो विनायकः ॥
KP_dAI4k1Dg,Bhajan|GaneshJi,1,1,https://youtu.be/KP_dAI4k1Dg?si=ssSVFPUldb97cxGY,206,गजानन कर दो बेड़ा पार
Kdz0DzHoh_c,GaneshJi|Mantra,1,1,https://youtu.be/Kdz0DzHoh_c?si=c_D5ejrJH2mP4nDv,453,ॐ लम्बोदराय नमः
L1thhiT_Hq0,Dussehra|Mantra,1,1,https://youtu.be/L1thhiT_Hq0?si=p77WkcVu8MRuE5Mk,1350,अपराजिता मंत्र
LG28JZIvNsc,Shloka|VishnuJi,1,1,https://youtu.be/LG28JZIvNsc?si=aHLn3k0UYaxwBxWH,259,नमोऽस्त्वनन्ताय
LJ2zEAAVQ3A,Katha|LoveAndRelationship,1,1,https://youtu.be/LJ2zEAAVQ3A?si=inoRE1raZrjW1xQH,1042,नल-दमयंती कथा
LNrQLgfTGJA,Knowledge|Peace|Strotam,2,1,https://youtu.be/LNrQLgfTGJA?si=Ny6Y5AKVVghnbuXG,765|884,दक्षिणमूर्ति स्तोत्र | दक्षिणमूर्ति स्तोत्रम
LP86cJl-NGg,HanumanJayanti|Mantra,1,1,https://youtu.be/LP86cJl-NGg?si=A2Y5o-h90odc3XN9,1528,सुरक्षा मंत्र
LUzsbfl93Q4,DurjaJi|Katha,1,1,https://youtu.be/LUzsbfl93Q4?si=JYCRHHaA6P3eVuyU,669,माता पार्वती का कठिन तप और शिव से विवाह
LhByftvSUow,Knowledge|Shloka,1,1,https://youtu.be/LhByftvSUow?si=Tnq0jdsaK_eHfMPv,914,चाणक्य नीति 2
Lhb-kwZNjhw,Knowledge|Mantra,1,1,https://youtu.be/Lhb-kwZNjhw?si=GpSsGq599D-WIcwS,869,गुरु मंत्र
LoGSKVXB2Ls,LoveAndRelationship|Strotam,1,1,https://youtu.be/LoGSKVXB2Ls?si=2Su-HweMiKrZ9_Fb,1000,जानकी स्तोत्र
LuWevgdKr9Q,LoveAndRelationship|Mantra,1,1,https://youtu.be/LuWevgdKr9Q?si=HhnO6BMkATAi6ph8,986,पत्नी प्राप्ति मंत्र
Ly_Md1OOyTE,LoveAndRelationship|MahaShivratri|Mantra|Shivji,3,2,https://youtu.be/Ly_Md1OOyTE?si=nCT-_G7dkRiPuF7QQ,9|989|1406,कार्य सिद्धि मंत्र | शिव शक्ति मंत्र | शिव स्तुति मंत्र
M0E506vc8r0,Bhajan|DurjaJi,1,1,https://youtu.be/M0E506vc8r0?si=JsUayaaeFsxPeJfO,657,प्यारा सजा है तेरा द्वार भवानी
MJ14wONWjWg,Chalisa|ShaniiDevJi|Strength,2,1,https://youtu.be/MJ14wONWjWg?si=DEpgPZC7NuC6rPgX,351|850,शनि चालीसा
MJwg2dRnBeQ,Health|Mantra|Shloka,2,2,https://youtu.be/MJwg2dRnBeQ?si=fQFON7tpoz66jfCP,1116|1171,रोग नाशक मंत्र | रोग निवारण
MMVH6vPr2mo,LakshmiJi|Stuti,1,1,https://youtu.be/MMVH6vPr2mo?si=jIy2ahvcXaIKa1xJ,312,महा लक्ष्मी स्तुति
MPCopbetzis,Katha|LoveAndRelationship,1,1,https://youtu.be/MPCopbetzis?si=13kpUoLdLfBEG4Ba,1044,सत्यभामा-कृष्ण कथा
MSx6PEo6egQ,GaneshJi|Katha,1,1,https://youtu.be/MSx6PEo6egQ?si=M3Ja4Dll3sYeFwXf,512,महाभारत का लेखन किसने किया था
MoJw2s6q4P0,Chalisa|RamNavami|Ramji|Strength,3,1,https://youtu.be/MoJw2s6q4P0?si=R2XibwgmtcN1lazL,403|851|1505,राम चालीसा | श्री राम चालीसा
MsuWbBoSwX8,DurjaJi|Katha,1,1,https://youtu.be/MsuWbBoSwX8?si=IFfR6QCJJe2EqkWh,666,नवदुर्गा के 9 रूपों की कथा:
MtbVsknZP-A,Dussehra|Katha|Ramji,2,2,https://youtu.be/MtbVsknZP-A?si=EpGnCXoRWCCtKUhi,444|1391,रावण वध | विजयादशमी - राम रावण अंतिम युद्ध की सम्पूर्ण कथा |
MuVrsDfgwI0,Bhajan|Mantra|VishnuJi,2,2,https://youtu.be/MuVrsDfgwI0?si=TpM7uKaIrn00Acbk,221|267,श्रीमन नारायण नारायण हरी हरी
MwqOns-5qN0,Bhajan|Health,1,1,https://youtu.be/MwqOns-5qN0?si=t1dRusMdyzjIqXAz,1153,नाम है तेरा तारणहारा
My9aRwekYGk,Katha|Shivji,1,1,https://youtu.be/My9aRwekYGk?si=jbP4Jiv89W7Ij-D7,72,12 ज्योतिर्लिंग की कथाएँ क्या है?
N1tQ2zK4aYk,GaneshJi|Shloka,1,1,https://youtu.be/N1tQ2zK4aYk?si=DZOejLlpJrA5r6aD,494,अगजानन पद्मार्कं गजानन अहर्निशम् ।अनेकदन्तं भक्तानां एकदन्त उपास्महे ॥
NE3SWh9_vR4,Aarti|Diwali|Dussehra|Health|Janmashtami|Stuti|Success|VishnuJi,6,2,https://youtu.be/NE3SWh9_vR4?si=oJOVnsbkOB7Qxw5b,256|1146|1217|1275|1319|1363,ओम जय जगदीश हरे | विष्णु स्तुति
NM9pHX6dqDc,Bhajan|LoveAndRelationship,1,1,https://youtu.be/NM9pHX6dqDc?si=yD0O5B6BDILeMxT8,1031,श्याम तेरी बंसी
NShJA3v8maI,Chalisa|Strength,1,1,https://youtu.be/NShJA3v8maI?si=iLTtoEvIsqk36avk,854,बगलामुखी चालीसा
NYakpChmUb0,Ramji|Strotam,1,1,https://youtu.be/NYakpChmUb0?si=JIAUkjQRaibfhJsE,394,श्री राम रक्षा स्तोत्र:
Naruxgq6oMU,Diwali|GaneshChaturthi|GaneshJi|Happiness|Knowledge|Mantra|Peace|Success,9,2,https://youtu.be/Naruxgq6oMU?si=FcMrbfkDJoW6MNjX,151|450|735|754|868|1058|1181|1266|1446,गणेश बीज | गणेश मंत्र | गणेश मूल मंत्र | गणेश विद्या मंत्र | बीज मंत्र
Njc1Hu6WPDU,Happiness|Health|LoveAndRelationship|Peace|Stuti|Success,5,1,https://youtu.be/Njc1Hu6WPDU?si=2e_xq2AoGxLJomUg,778|1018|1073|1148|1211,सरस्वती स्तुति
NoX2I_mdzA8,Aarti|KrishnaJi,1,1,https://youtu.be/NoX2I_mdzA8?si=83tsDkr6saVzcOu3,553,ॐ जय श्री कृष्ण हरे
Nod_i0EKVRw,Happiness|Health|Stuti|Success,3,1,https://youtu.be/Nod_i0EKVRw?si=dnGltyIGNaTvUMWF,1070|1139|1214,शिव आरोग्य स्तुति | शिव स्तुति
NqVQbkZNb3k,ShaniiDevJi|Strotam,1,1,https://youtu.be/NqVQbkZNb3k?si=up8I1tLPXOTVEQFt,346,दशरथकृत शनि स्तोत्र
O0dGIsqbMsw,DurjaJi|Mantra|Shloka,2,2,https://youtu.be/O0dGIsqbMsw?si=YMDdBnbEnw14QNiR,600|648,शरणागत दीनार्त परित्राण परायणे। सर्वस्यार्तिहरे देवि नारायणि नमोऽस्तुते॥ | शरणागतदीनार्तपरित्राणपरायणे। सर्वस्यार्तिहरे देवि नारायणि नमोऽस्तु ते॥
OC7LQxuhQUU,Diwali|LakshmiJi|Mantra|Strotam|Stuti|Wealth,4,1,https://youtu.be/OC7LQxuhQUU?si=Dk4q0uGOrbCSfm7I,295|938|1262|1281,श्री सूक्तम | श्री सूक्तम:
OKRVaXU01kI,DurjaJi|Health|Mantra|Shloka,4,4,https://youtu.be/OKRVaXU01kI?si=3YMdFbLtHjcGJ4sE,599|647|1119|1165,आरोग्य श्लोक | दुर्गा आरोग्य मंत्र | देहि सौभाग्यमारोग्यं देहि मे परमं सुखम्। रूपं देहि जयं देहि यशो देहि द्विषो जहि॥ | सौभाग्य प्राप्ति हेतु
OLWnCrUl6yA,Janmashtami|Mantra,1,1,https://youtu.be/OLWnCrUl6yA?si=yTdHh02DhHtKHuLe,1308,क्लेश नाशक मंत्र
OOS-Pcovi-4,HanumanJayanti|Knowledge|Mantra|Stuti,2,2,https://youtu.be/OOS-Pcovi-4?si=SyvUORCDLtjdVH2F,897|1532,बुद्धि प्रदायक मंत्र | हनुमान बुद्धि स्तुति
OV9LXGOXjgs,Happiness|Health|MahaShivratri|Mantra|Peace|Shivji|Shloka|Strength|Strotam,8,2,https://youtu.be/OV9LXGOXjgs?si=0izGm1eYkmBS0343,6|732|812|1056|1113|1167|1400|1419,महामृत्युंजय | महामृत्युंजय मंत्र | महामृत्युंजय स्तोत्र
OVWlwCHMr-I,Health|Strotam,1,1,https://youtu.be/OVWlwCHMr-I?si=NYeN8K3tAw9sLKXY,1127,वैद्यनाथ स्तोत्र
OhF0O9nb5t8,HanumanJi|Mantra,1,1,https://youtu.be/OhF0O9nb5t8?si=FNJNYprwyEwqcGsC,87,आंजनेय मंत्र
OruIDUg1jgE,Chalisa|Wealth,1,1,https://youtu.be/OruIDUg1jgE?si=pnWArCGpZsJFDKiE,955,महालक्ष्मी चालीसा
OvimStyyQWI,Diwali|LakshmiJi|Strotam,2,1,https://youtu.be/OvimStyyQWI?si=SwrQDOQ7f47RApTT,299|1289,महालक्ष्मी कवच
P1R6Bk0C_BM,Bhajan|Janmashtami,1,1,https://youtu.be/P1R6Bk0C_BM?si=inh8vmHBJW8J7oYN,1330,मेरे बांके बिहारी लाल
PHYOoKN1eRA,GaneshJi|Stuti,1,1,https://youtu.be/PHYOoKN1eRA?si=ss-wUy5JBBGT5IWO,183,तुलसीदास कृत श्री गणेश स्तुति
PT1CwFIoc98,Bhajan|Diwali|Dussehra|Ramji,3,2,https://youtu.be/PT1CwFIoc98?si=Il-i74wqg1etBqxF,427|1288|1383,ठुमक चलत रामचंद्र | ठुमक चलत रामचंद्र बाजत पैंजनिया
PYhoZ9zUFNA,Katha|LakshmiJi,1,1,https://youtu.be/PYhoZ9zUFNA?si=BZ6-5dOq0gfaUpBH,333,दीपावली की कथा:
PZ7q-Lbz11M,Ashtakam|ShaniiDevJi,1,1,https://youtu.be/PZ7q-Lbz11M?si=K4-Sr6N-X3CejQJN,354,श्री शनि अष्टकम्
PeYGaeORoOY,GaneshJi|Mantra,2,2,https://youtu.be/PeYGaeORoOY?si=Czecw7q3IkVzA55C,156|455,ॐ विनायकाय नमः
PlIoHp6v3LI,Bhajan|MahaShivratri,1,1,https://youtu.be/PlIoHp6v3LI?si=5OhUwGm9BeenQ6AQ,1425,शिव कैलाशों के वासी
PvdeDNeCiQc,Ashtakam|KrishnaJi|LoveAndRelationship|Peace|Strotam,3,2,https://youtu.be/PvdeDNeCiQc?si=GEiACiPyXCFv9oen,543|768|1004,कृष्ण अष्टकम
PzjSJIswc6s,HanumanJi|Strotam,1,1,https://youtu.be/PzjSJIswc6s?si=VeKkvGCYklpFQt0d,103,पंचमुखी हनुमान स्तोत्र
Q4O3nI0bEWo,Mantra|Peace,1,1,https://youtu.be/Q4O3nI0bEWo?si=_xW_NCBXUyH3J6Em,747,रा मा दा सा
QI_N_P6aZ7s,LakshmiJi|Mantra,1,1,https://youtu.be/QI_N_P6aZ7s?si=liGVZcINpHYs6PdJ,291,सर्वबाधा निवारण मंत्र
QUw-FAmmaGw,Janmashtami,1,1,https://youtu.be/QUw-FAmmaGw?si=EXBCGPVYhs5y2T4D,1327,गोविन्द बोलो हरि गोपाल बोलो
QgkBIoUeAa0,MahaShivratri|Strotam,1,1,https://youtu.be/QgkBIoUeAa0?si=etWL2dCG7qHJW8UX,1414,द्वादश ज्योतिर्लिंग स्तोत्र
QiWkw-7QdfA,GaneshJi|Katha,1,1,https://youtu.be/QiWkw-7QdfA?si=bJLHJe2-Y4ZfMgmJ,507,श्री गणेश जन्म कथा
QtwtvLgJFzQ,Bhajan|ShaniiDevJi,1,1,https://youtu.be/QtwtvLgJFzQ?si=pEGCwBUmI0YlEnb0,374,शनिदेव तेरा जग में अजब नजारा है
Qvu09XysxWw,GaneshChaturthi|Mantra,1,1,https://youtu.be/Qvu09XysxWw?si=2rCzQ7OWozkWCYhx,1451,ऋद्धि-सिद्धि मंत्र
R-DMV8NHR3g,NahaneKeBaad,1,1,https://youtube.com/shorts/R-DMV8NHR3g?si=EIPgctHvzEgL2I5Q,688,सूर्य अर्घ्य
R-QTna2MvME,ShaniiDevJi|Strotam,1,1,https://youtu.be/R-QTna2MvME?si=okZ5YcA6gTSonATR,347,महाकाल शनि मृत्युञ्जय स्तोत्र
R15QXx7yRUo,Knowledge|Strotam|Stuti,2,2,https://youtu.be/R15QXx7yRUo?si=F8f5-iFv9tBh6OJx,885|903,बृहस्पति स्तुति | बृहस्पति स्तोत्र
R2uDzusTCHg,Mantra|Strength,1,1,https://youtu.be/R2uDzusTCHg?si=5KitqlvfCYwUfIju,813,सुदर्शन मंत्र
RCCYorPLJmQ,Bhajan|GaneshChaturthi,1,1,https://youtu.be/RCCYorPLJmQ?si=BSLfeZMLzDux3CZE,1470,देवा श्री गणेशा
RDWtngDhknA,LakshmiJi|Shloka|Strotam|Wealth,2,2,https://youtu.be/RDWtngDhknA?si=6BoczvScrpmaOros,320|939,नमस्तेऽस्तु महामाये श्रीपीठे सुरपूजिते। शङ्खचक्रगदाहस्ते महालक्ष्मि नमोऽस्तु ते | महालक्ष्मी अष्टकम
RIYVVqu2XY4,Bhajan|Happiness|Janmashtami,2,1,https://youtu.be/RIYVVqu2XY4?si=zZcShWvTzV_kAWCQ,1086|1326,यशोमती मैया से बोले | यशोमती मैया से बोले नंदलाला
RLNrZUy6Ydo,Strength|Strotam,1,1,https://youtu.be/RLNrZUy6Ydo?si=lEGDZ8CTRcLnTbWK,825,नृसिंह स्तोत्रम
RM8VZu4aFFA,BhojanSePehle,1,1,https://youtube.com/shorts/RM8VZu4aFFA?si=hcKNCncaQbr3yGl6,696,अन्नपूर्णा स्तुति
RYqJ5w-GrfM,Bhajan|GaneshJi,1,1,https://youtu.be/RYqJ5w-GrfM?si=7iTLrOhIb63mpAAA,499,देवा श्री गणेशा
RjhWu8pb7DQ,Knowledge|Stuti,1,1,https://youtu.be/RjhWu8pb7DQ?si=S6kq1SUlsBfnVw3G,898,ब्रह्मा स्तुति
RlNJspksnbg,LoveAndRelationship|Ramji|Stuti,2,2,https://youtu.be/RlNJspksnbg?si=RCael-63gpq5zKU4,410|1012,जानकी स्तुति | सीता स्तुति
RqWyAbDZkxg,BhojanKeBaad,1,1,https://youtu.be/RqWyAbDZkxg?si=FTezx_rtvlQGO4hP,701,कृतज्ञता
RsBjj-D9yNA,Janmashtami|Katha,1,1,https://youtu.be/RsBjj-D9yNA?si=V-Ft5Yq0hG1iLEl7,1340,कालिया नाग मर्दन
S6HFRZmZrTI,Bhajan|MahaShivratri,1,1,https://youtu.be/S6HFRZmZrTI?si=l6hw1fGuaYEXLM0K,1426,मन मेरा मंदिर शिव मेरी पूजा
S980-z1qx3g,MahaShivratri|Shivji|Strength|Strotam,3,2,https://youtu.be/S980-z1qx3g?si=mdxNJBopqX3nNpBz,12|833|1410,शिव तांडव स्तोत्र | शिव तांडव स्तोत्रम (संक्षिप्त अंश - रावण रचित) [1] | शिव ताण्डव स्तोत्र
SMBeENVIFjk,Bhajan|KrishnaJi,1,1,https://youtu.be/SMBeENVIFjk?si=WUZ0mVEySHXROaQ2,578,मीठे रस से भरयोड़ी राधारानी लागे
SQcX9sUnkP4,Katha|ShaniiDevJi,1,1,https://youtu.be/SQcX9sUnkP4?si=qSFF_V0Drj9D7Iyx,377,शनिदेव के जन्म की महान कथा
SQlglZOlZVI,Mantra|Strength,1,1,https://youtu.be/SQlglZOlZVI?si=LyMXWu1-GYr77UH0,815,बगलामुखी बीज मंत्र
SVO3zWQVbIQ,Aarti|DurjaJi,1,1,https://youtu.be/SVO3zWQVbIQ?si=g0bAIqtMwdXLbBew,638,आरती शीतला माता की
SVvds0DcG9o,LoveAndRelationship|Strotam,1,1,https://youtu.be/SVvds0DcG9o?si=MMDOAIQtFUGfmMbP,1001,पार्वती स्तोत्र
TTVAyS9wOV4,Aarti|DurjaJi,1,1,https://youtu.be/TTVAyS9wOV4?si=lwrEOKvRzRWGLKkD,636,जय सरस्वती माता
TXXioV0_9-o,Shivji|Strotam,1,1,https://youtu.be/TXXioV0_9-o?si=wEaulnEEeYWdA4C5,25,शिव महिम्न स्तोत्र:
TplRlUULXz8,Bhajan|Shivji,1,1,https://youtu.be/TplRlUULXz8?si=w-ebBCmQx88smeOh,59,सुबह सुबह ले शिव का नाम
Tssx17scqO4,GaneshChaturthi|GaneshJi|Strotam,3,3,https://youtu.be/Tssx17scqO4?si=WWEOC-sAGbJPwWoB,164|462|1458,गणेश अथर्वशीर्ष | गणेश अथर्वशीर्ष:
U2Eoov4alUA,Katha|KrishnaJi,1,1,https://youtu.be/U2Eoov4alUA?si=ac_jo8SuW3a-_23H,586,सुदामा चरित्र
U5XZNBFMFm4,Janmashtami|Mantra,1,1,https://youtube.com/shorts/U5XZNBFMFm4?si=ZQOWvCHdZfFJKL7h,1306,संतान गोपाल मंत्र
U6GsNZbJoCg,LoveAndRelationship|Stuti,1,1,https://youtu.be/U6GsNZbJoCg?si=scgaeQU6MLSYdZNJ,1011,राधा स्तुति
U7WIOZyTEaQ,Mantra|VishnuJi,1,1,https://youtu.be/U7WIOZyTEaQ?si=sdZ_Z-n3qy3JFTNU,222,ॐ विष्णवे नमः
U88tnB0H1xI,GaneshJi|Mantra,1,1,https://youtu.be/U88tnB0H1xI?si=2-HbuGny0YDj6tfC,452,ॐ हस्ति पिशाचि लिख स्वाहा
UH-qlhvW7A4,Katha|LakshmiJi,1,1,https://youtu.be/UH-qlhvW7A4?si=Ua4KCJHZXkykQOJt,332,वैभव लक्ष्मी व्रत कथा
UHtAU58ELkE,LoveAndRelationship|Mantra,1,1,https://youtu.be/UHtAU58ELkE?si=yxeapbxaw_kJ1bNd,983,क्लीं बीज मंत्र
UIvpNrP4WQs,Bhajan|DurjaJi,1,1,https://youtu.be/UIvpNrP4WQs?si=TYg6D7vN9AGO-z1B,652,"चलो बुलावा आया है, माता ने बुलाया है"
UJZZyryDK00,Peace|Stuti|SubahUthteHi,2,2,https://youtu.be/UJZZyryDK00?si=pS4DwK9XFn84QOnQ,676|773,कर दर्शन स्तुति | करादर्शनम्
URoRSBBZFgg,Katha|VishnuJi,1,1,https://youtu.be/URoRSBBZFgg?si=T85HrSjmY0jyqqr3,275,दशावतार कथा:
UUAJFjov7Xo,Bhajan|DurjaJi,1,1,https://youtu.be/UUAJFjov7Xo?si=PVM9wcbMaKarr7VK,656,मन लेके आया माता रानी के भवन में
UbUKRuDcapk,Knowledge|Strotam,1,1,https://youtu.be/UbUKRuDcapk?si=-_8bpLLypMLurt3U,879,अगस्त्य रचित सरस्वती स्तोत्र
UdrEhU_jLyk,Knowledge|Shloka,1,1,https://youtu.be/UdrEhU_jLyk?si=QZ85FFVF-TgBfXdT,910,भगवद गीता
UkT5eHWOIjQ,LoveAndRelationship|Strotam|Wealth,2,2,https://youtu.be/UkT5eHWOIjQ?si=mbNXv4_wRxfFKtJ6,944|1006,अन्नपूर्णा स्तोत्र
UqQgZSu8bqg,Bhajan|ShaniiDevJi,1,1,https://youtu.be/UqQgZSu8bqg?si=_5Z7nj5e6baEJvaU,373,शनि देव तुम्हारे चरणों में
Uv2p2kTnlH8,Mantra|VishnuJi,1,1,https://youtu.be/Uv2p2kTnlH8?si=FYYRnfJoBZIy0LmR,226,तन्नो विष्णुः प्रचोदयात्॥
V1-7O0EPaJk,HanumanJi|Strotam,1,1,https://youtu.be/V1-7O0EPaJk?si=0-xX1NUeG-kZ76qS,94,मारुती स्तोत्र
V5bvJlR38xE,Diwali|Katha,1,1,https://youtu.be/V5bvJlR38xE?si=Cmm8uCXgEtB9CWux,1295,नरकासुर वध
V6bdNotAvpo,GaneshJi|Katha,1,1,https://youtu.be/V6bdNotAvpo?si=9hIdxzdEVzGvDDFg,510,गणेश जी ने कुबेर का घमंड कैसे तोडा
VYCZdEaHLCE,GaneshJi|Katha,1,1,https://youtu.be/VYCZdEaHLCE?si=VW3FFZDKm2dzI8oX,212,सबसे पहले गणेश भगवान् की पूजा क्यों करते है
Vb06G2bDFkE,Mantra|VishnuJi,1,1,https://youtu.be/Vb06G2bDFkE?si=mxsOg_3XgD0DSJQi,219,द्वादशाक्षर मंत्र
Vowqo1DSL8g,Chalisa|Strength,1,1,https://youtu.be/Vowqo1DSL8g?si=0nF5g06RFXpeDbUV,847,काली चालीसा
VpkLjMDcucg,Health|Strotam,1,1,https://youtu.be/VpkLjMDcucg?si=2-MzQkTgTAUVFDs-,1132,दुर्गा आपदुद्धारक स्तोत्र
Vwyo62x9yC4,Mantra|Peace,1,1,https://youtu.be/Vwyo62x9yC4?si=M6kkN6Ue85KVUV8i,741,असतो मा
W8_pcfb0Mgk,SoneSePehle,1,1,https://youtube.com/shorts/W8_pcfb0Mgk?si=Nb9rTpxGI6TMzTDo,720,शयन मंत्र
W9GywBEmin0,Katha|LakshmiJi,1,1,https://youtu.be/W9GywBEmin0?si=Y8MZZLmQalTE_osa,334,माँ लक्ष्मी और राजा बलि की कथा
WCcW1Efq3W4,Shloka|Success|Wealth,2,1,https://youtu.be/WCcW1Efq3W4?si=-ql30mOBC_JbYjXP,972|1247,उद्यमेन हि सिध्यन्ति कार्याणि न मनोरथैः | संकल्प श्लोक
WFBpMrcaxXA,Bhajan|GaneshJi,1,1,https://youtu.be/WFBpMrcaxXA?si=XJBNsWCipgSiL04x,502,सुनो गणपति बाप्पा मौर्या
Wa0K7gf7BUs,Aarti|DurjaJi,1,1,https://youtu.be/Wa0K7gf7BUs?si=NHJofs11z4hjbs9d,637,आरती विन्ध्येश्वरी माता की
WawKv8E20KA,GaneshChaturthi|Mantra,1,1,https://youtu.be/WawKv8E20KA?si=x3wVEkjdEi04Isk0,1448,सिद्धि विनायक मंत्र
Wc3Ng3y4KL0,KrishnaJi|Stuti,1,1,https://youtu.be/Wc3Ng3y4KL0?si=Udob2a9WMS6kOpua,549,कुन्ती स्तुति
WcwEhTTriss,Knowledge|Shloka,1,1,https://www.youtube.com/live/WcwEhTTriss?si=Dh9sO1uTln8j1gZz,911,सुभाषित
WocBegF7_p0,Bhajan|Health,1,1,https://youtu.be/WocBegF7_p0?si=LcPrq90-IixgpXKt,1154,कितना प्यारा है श्रृंगार
WqiKUywr55o,Janmashtami|KrishnaJi|Mantra,2,1,https://youtu.be/WqiKUywr55o?si=sx_88WGHIxnkZoNM,524|1307,कृष्ण बीज मंत्र | ॐ क्लीं कृष्णाय नमः
WyHFSjN0miU,Chalisa|GaneshChaturthi|GaneshJi|Strength|Success|Wealth,6,2,https://youtu.be/WyHFSjN0miU?si=C2PbbebEskn6KqLR,176|471|856|953|1222|1460,गणेश चालीसा | श्री गणेश चालीसा
X6rKpVJoxaQ,Aarti|DurjaJi,1,1,https://youtu.be/X6rKpVJoxaQ?si=4bKv512qTO2pl7fJ,640,माता चामुंडा देवी जी की आरती
XAxNnRPoyiU,Diwali|Knowledge|Mantra|Stuti|VishnuJi,3,1,https://youtu.be/XAxNnRPoyiU?si=SzEsaZlOfS48Hd-b,252|899|1268,विष्णु वंदना | विष्णु स्तुति (शान्ताकारं..) | श्री विष्णु स्तुति
XIOhPTccsJQ,HanumanJayanti|Strotam,1,1,https://youtu.be/XIOhPTccsJQ?si=TaveHhRToZourDau,1542,मारुति स्तोत्र
XJqKbDxAa3U,Bhajan|Janmashtami|KrishnaJi,2,1,https://youtu.be/XJqKbDxAa3U?si=8QX2YAec4EyoDiPP,573|1331,श्याम तेरी बंसी पुकारे राधा नाम
XhxvcnExPNQ,GaneshJi|Strotam,2,2,https://youtu.be/XhxvcnExPNQ?si=nfh___BHqMxP2wv1,172|464,गणेश अष्टोत्तर शतनाम स्तोत्र | गणेश अष्टोत्तर शतनाम स्तोत्र:
XiMzBSu9l6U,ShaniiDevJi|Strotam,1,1,https://youtu.be/XiMzBSu9l6U?si=jFA_091ue8XvG4Ck,348,शनि पीडाहर स्तोत्र
XtTG7iT7H3g,Bhajan|Happiness|LoveAndRelationship,2,1,https://youtu.be/XtTG7iT7H3g?si=QwuObktBmdhoY9ZT,1026|1088,श्यामा आन बसो
Xx1Cn67LaEE,Bhajan|DurjaJi,1,1,https://youtu.be/Xx1Cn67LaEE?si=FGsgWDyBnyKTM23T,654,भेजा है बुलावा तूने शेरावालिये
XznbEuVKbnM,Health|Shloka,1,1,https://youtu.be/XznbEuVKbnM?si=LcYYZQU9j-q5szJI,1166,धन्वंतरि श्लोक
XzqJUoSDHZU,Bhajan|Happiness|Janmashtami|KrishnaJi,3,1,https://youtu.be/XzqJUoSDHZU?si=8-LAQkUg8tq7ov6T,572|1093|1329,छोटी छोटी गईया | छोटी छोटी गईया छोटे छोटे ग्वाल
YD0eXOX6gbo,DurjaJi|Strength|Strotam,2,1,https://youtu.be/YD0eXOX6gbo?si=imwcbkJIn2dnyT97,607|832,अर्गला स्तोत्र | श्री अर्गला स्तोत्रम
Yafs12RHYqw,Katha,1,1,https://youtu.be/Yafs12RHYqw?si=DFgZFimu47Z3K-Ye,144,हनुमान जी रक्षा कैसे करते हैं ?
YdGV6Y91a1Q,Knowledge|Mantra,1,1,https://youtu.be/YdGV6Y91a1Q?si=SgK661pEhKb9OUBe,873,प्रज्ञा वर्धन मंत्र
YdLl-NUNFfU,GaneshJi|Katha,1,1,https://youtu.be/YdLl-NUNFfU?si=t6rZyAy36jBLB7J9,514,श्री गणेश के एकदंत अवतार की कहानी ।
Ylxbl767w_w,Bhajan|VishnuJi,1,1,https://youtu.be/Ylxbl767w_w?si=2tEunpeyYL5Rxs1d,270,हरी आ जाओ एक बार
Yof1Vrh5TK0,DurjaJi|Health|Mantra|Stuti|Success,3,1,https://youtu.be/Yof1Vrh5TK0?si=s3diaEG-5Tn4r_2c,596|1142|1216,दुर्गा स्तुति | सर्वमंगल मांगल्ये शिवे सर्वार्थ साधिके। शरण्ये त्र्यम्बके गौरी नारायणि नमोऽस्तुते॥
Yuex2EnsGiY,Aarti|Bhajan|Diwali|GaneshJi|Janmashtami,5,2,https://youtu.be/Yuex2EnsGiY?si=0_Pq00ZXiWo3JeVx,188|486|1274|1284|1317,जय गणेश जय गणेश देवा | जय गणेश देवा | श्री गणेश जी की आरती
Z6qY7bZI3jk,Happiness|Shloka,1,1,https://youtube.com/shorts/Z6qY7bZI3jk?si=dLnC6mUncXWL2P2K,1105,भक्ति श्लोक
Z9JLAy20J2M,Knowledge|Shloka,1,1,https://youtu.be/Z9JLAy20J2M?si=LYnXlNrvxAd7pEoO,917,वैदिक मंत्र
ZKfNOYMKXI0,Mantra|Wealth,1,1,https://youtu.be/ZKfNOYMKXI0?si=zYx2HfGOp3vV5N5M,929,कनकधारा बीज मंत्र
ZSdGIRPRca0,GaneshChaturthi|Strotam,1,1,https://youtu.be/ZSdGIRPRca0?si=JCfj8Mp_WSFKabzU,1462,ऋणमोचन गणेश स्तोत्र
ZTs6tcgm0lE,KrishnaJi|Strotam,1,1,https://youtu.be/ZTs6tcgm0lE?si=zJdwNIS-eYe8GMet,532,मुकुंद माला स्तोत्र
Zagf46kv7p8,HanumanJayanti|Happiness|Mantra|Success,3,1,https://youtu.be/Zagf46kv7p8?si=adpqwJ6tLsIAHHr0,1062|1185|1525,हनुमान मंत्र | हनुमान मूल मंत्र
ZdBVEV5u2To,DurjaJi|Shloka|Wealth,2,1,https://youtu.be/ZdBVEV5u2To?si=em-5O2iYoV9z50BF,644|975,सर्वमङ्गलमाङ्गल्ये शिवे सर्वार्थसाधिके | सर्वमङ्गलमाङ्गल्ये शिवे सर्वार्थसाधिके। शरण्ये त्र्यम्बके गौरि नारायणि नमोऽस्तु ते॥
Zdcth9NndEA,Happiness|Janmashtami|KrishnaJi|Mantra|Peace,4,1,https://youtu.be/Zdcth9NndEA?si=cBoFKjOpIFF2NbjP,522|734|1057|1304,महामंत्र | हरे कृष्ण महामंत्र
ZibumRoU-J8,Peace|Shloka,1,1,https://youtu.be/ZibumRoU-J8?si=DNHUdgTSuJi_9UCH,790,ईशावास्य उपनिषद
ZkKStVgGEJY,Bhajan|Dussehra|RamNavami|Ramji,3,2,https://youtu.be/ZkKStVgGEJY?si=3ByfjplaH0mUbK5v,431|1378|1509,नगरी हो अयोध्या सी
ZswQ9qUMDTs,Bhajan|GaneshJi,1,1,https://youtu.be/ZswQ9qUMDTs?si=JCy5lg1H5mtQ_5JL,203,संकट हर लो मंगल कर दो
ZxAZksjaUUU,Bhajan|Shivji,1,1,https://youtu.be/ZxAZksjaUUU?si=pFBqlNlDgtv6Qwxu,63,शंकर तेरी जटा में बहती है गंगधारा
_35QngzzdEQ,Katha,1,1,https://youtu.be/_35QngzzdEQ?si=l9SidSRJ4C7GTyks,141,"शक्ति, भक्ति और बुद्धि के देव हनुमान जी को समझिए |"
_7gdZWrPQX8,GaneshJi|Shloka,1,1,https://youtu.be/_7gdZWrPQX8?si=FCARIs6d0jt8PzT0,493,"गजाननं भूत गणादि सेवितं, कपित्थ जम्बू फल चारू भक्षणम् । उमासुतं शोक विनाशकारकम्, नमामि विघ्नेश्वर पाद पंकजम् ॥"
_97POkIQ_kQ,HanumanJi|Mantra,1,1,https://youtu.be/_97POkIQ_kQ?si=2Nyp0GAVtCXv1eOf,89,रक्षा कवच मंत्र:
_9mbammZPdU,Katha|Ramji,1,1,https://youtu.be/_9mbammZPdU?si=n-ByLRdXdeMlpmHp,438,श्री राम जन्म कथा:
_A4sg_F1Za4,DurjaJi|Stuti,1,1,https://youtu.be/_A4sg_F1Za4?si=ha8pQ_NJgTiJwJvV,631,सिद्धिदात्री स्तुति
_NgJw_JU0N0,Aarti|GaneshJi,1,1,https://youtu.be/_NgJw_JU0N0?si=xxET0DfzB9lul_dc,191,जय देव जय देव जय मंगलमूर्ती
_TGfTsdHi0c,Shloka|VishnuJi,1,1,https://youtu.be/_TGfTsdHi0c?si=S1p1qdhJL2vCsEl6,262,सशंखचक्रं सकिरीटकुण्डलं
_fGRay5SF5k,NahaneKeBaad,1,1,https://youtube.com/shorts/_fGRay5SF5k?si=NRI8iKUB1ASVK3nK,692,तुलसी प्रार्थना
_oOQ5UYKAKo,Aarti|GaneshJi,1,1,https://youtu.be/_oOQ5UYKAKo?si=LHHmXG1Si_5d1Gky,192,आरती सिद्धिविनायक जी की
_zWa1AjW_C4,Katha|LoveAndRelationship,1,1,https://youtu.be/_zWa1AjW_C4?si=iIy5LCzFbQXUxqlq,1040,राम-सीता वनवास कथा
a5qd1rCqkvI,GaneshJi|Mantra,1,1,https://youtu.be/a5qd1rCqkvI?si=s5oYDC9M7BF8gZIn,157,ॐ लम्बोदराय नमः
a8mYn1pQFME,Chalisa|Strength,1,1,https://youtu.be/a8mYn1pQFME?si=-IMBK_e91qYazf_B,848,भैरव चालीसा
aH2ipOQ1_bU,GaneshJi|Strotam,2,2,https://youtu.be/aH2ipOQ1_bU?si=O2s_vctg1Roye0xu,168|463,ऋणहर्ता गणेश स्तोत्र | ऋणहर्ता गणेश स्तोत्र:
aLKLcvJZ2Hc,Chalisa|Diwali|LakshmiJi|Strength|Success,4,1,https://youtu.be/aLKLcvJZ2Hc?si=LghSz9KgBnH3YqXK,305|858|1223|1285,लक्ष्मी चालीसा | श्री लक्ष्मी चालीसा
aOHRIfSBjwY,SubahUthteHi,1,1,https://youtube.com/shorts/aOHRIfSBjwY?si=zMFYh2Zdz7XqFqEC,679,मंगल स्मरण मंत्र
aR1g92A_5gQ,Mantra|Ramji,1,1,https://youtu.be/aR1g92A_5gQ?si=Ae8UK15_LC0l8fX3,390,राम रामेति रामेति रमे रामे मनोरमे। सहस्त्रनाम तत्सुल्यं रामनाम वरानने॥
aRHDmzWFPdo,Bhajan|LakshmiJi,1,1,https://youtu.be/aRHDmzWFPdo?si=rRwqcCmyV9MQrXkS,328,शुभ लाभ धन वैभव दाता जय
aT9TP5CrLJg,Bhajan|Happiness,1,1,https://youtu.be/aT9TP5CrLJg?si=3F3TthXHK_-4sHAJ,1090,भर दे रे श्याम झोली
aTFeZxXkL78,GaneshChaturthi|GaneshJi|Health|Strotam|Success|Wealth,6,5,https://youtu.be/aTFeZxXkL78?si=HFj5YBPqHTqebgZi,162|460|943|1130|1195|1457,गणेश संकटनाशन स्तोत्र | भक्तावासं स्मरेन्नित्यं आयुःकामार्थसिद्धये | श्री संकटनाशन गणेश स्तोत्र | संकट नाशन गणेश स्तोत्र | संकटनाशन गणेश स्तोत्र
adxlvgEH10Y,Katha|KrishnaJi,1,1,https://youtu.be/adxlvgEH10Y?si=REKtFgT6xzkRzPjN,585,श्रीकृष्ण ने किया कंस का वध
agqwzb3YzQ0,GaneshChaturthi|Happiness|Health|LoveAndRelationship|Mantra|Stuti|Success,5,1,https://youtu.be/agqwzb3YzQ0?si=XnSUpCXTo4pmEzDK,1020|1071|1144|1208|1453,गजानन मंत्र | गणेश स्तुति
ap8oVmjD3xY,Katha|LoveAndRelationship,1,1,https://youtu.be/ap8oVmjD3xY?si=9uYb0-Hyab8tDv9-,1045,उषा-अनिरुद्ध कथा
auyzyuKCpL0,Chalisa|Wealth,1,1,https://youtu.be/auyzyuKCpL0?si=E_RDoIahVN6_-lTw,952,कुबेर चालीसा
av3Vf23CRqc,Katha,1,1,https://youtu.be/av3Vf23CRqc?si=hRrw_iHsdMJ8WfIw,145,जब हनुमान जी चले लंका माता जानकी को खोजने |
av9FFShVYBU,GaneshChaturthi|GaneshJi|Strotam,2,2,https://youtu.be/av9FFShVYBU?si=Ad06fEsAnohtH32q,170|1464,गणेश कवच | श्री गणेश कवच:
awGyMNeThgQ,Bhajan|MahaShivratri,1,1,https://youtu.be/awGyMNeThgQ?si=ADmIyULOAZL2gy7C,1428,नगर में जोगी आया
ayj0Gm6RTg8,GaneshJi|Stuti,1,1,https://youtu.be/ayj0Gm6RTg8?si=JCPQw6jvbztxQbwn,479,गजाननं भूत गणादि सेवितं
b-NuoK3gfuc,Shloka|Success,1,1,https://youtube.com/shorts/b-NuoK3gfuc?si=PHObrCIYkVvrbSJ6,1243,विजय श्लोक
b5T-oidQLAM,KrishnaJi|Mantra,1,1,https://youtu.be/b5T-oidQLAM?si=JDp71GyzjmCfIrCP,528,ॐ क्लीं ग्लौं क्लीं श्यामलांगाय नमः
bHVtLb9ulLI,DurjaJi|Strotam,1,1,https://youtu.be/bHVtLb9ulLI?si=QSFicf7SbPqwDAj0,615,देव्यपराधक्षमापन स्तोत्र
bQrYmTfw59Q,GaneshJi|Shloka,1,1,https://youtu.be/bQrYmTfw59Q?si=h7eoNNv6DhDZhGuT,197,अगजानन पद्मार्कं गजाननमहर्निशम्। अनेकदन्तं भक्तानां एकदन्तमुपास्महे॥
bUzIW_KDJ5Y,HanumanJayanti|Katha,1,1,https://youtu.be/bUzIW_KDJ5Y?si=Ar0hLSyd5OzOyU-Q,1559,हनुमान जयंती कथा
bZ-Zrc-GPoc,Bhajan|Dussehra|RamNavami|Ramji,3,3,https://youtu.be/bZ-Zrc-GPoc?si=b8J0Kore8Q3bJWmI,432|1382|1513,राम जी की निकली सवारी
bc1obsjb58c,LoveAndRelationship|Mantra|Peace|Shivji|Strength,4,1,https://youtu.be/bc1obsjb58c?si=oQIb1G1Fx1wOJ8Gw,5|733|817|990,पंचाक्षरी मन्त्र | रुद्र मंत्र | शिव मंत्र | सर्व सुरक्षा मंत्र
bcs4geISuy0,Diwali|Happiness|LakshmiJi|Mantra|Peace|Success|Wealth,7,2,https://youtu.be/bcs4geISuy0?si=-BYP11FJGKAQ7fk3,286|744|924|1061|1182|1260|1261,कुबेर मंत्र | महालक्ष्मी बीज मंत्र | महालक्ष्मी मंत्र | लक्ष्मी बीज मंत्र | लक्ष्मी मंत्र
bhJ8_EqziNY,Bhajan|Ramji,1,1,https://youtu.be/bhJ8_EqziNY?si=FKZ8NHKTs6R1lRUW,433,भजमन राम चरण सुखदाई
bo62sjQ0CmE,Aarti|Bhajan|GaneshChaturthi|GaneshJi,2,2,https://youtu.be/bo62sjQ0CmE?si=0zcZrViLINirsSiD,190|1478,शेंदूर लाल चढ़ायो अच्छा गजमुख को | सिंदूर लाल चढ़ायो
bwTk15-oRys,Strength|Strotam,1,1,https://youtu.be/bwTk15-oRys?si=f4hVOcSw7hJxd58b,823,दुर्गा सप्तश्लोकी
c0J1WntPaDg,Aarti|Diwali|Wealth,2,2,https://youtu.be/c0J1WntPaDg?si=MKuPTGQBJ6wKVF5s,961|1276,कुबेर जी की आरती | श्री कुबेर आरती
c6NhHI-nOW0,Bhajan|GaneshJi,1,1,https://youtu.be/c6NhHI-nOW0?si=KvNW6DMPNdcX9kLy,207,गणपति पहला तुम्हे प्रणाम है
cArR7W_jJZo,Knowledge|Stuti,1,1,https://youtu.be/cArR7W_jJZo?si=z1WuUejVE4IlmvIW,893,सरस्वती वंदना (या कुन्देन्दु..)
cG3JrHzTFUo,Knowledge|Mantra,1,1,https://youtu.be/cG3JrHzTFUo?si=3xJWfMZDihEPRP59,871,बुध ग्रह मंत्र
cMhYGo0T2nY,Peace|Stuti,1,1,https://youtu.be/cMhYGo0T2nY?si=pRQzRi7ZNpSUe4nN,779,विष्णु मंगल स्तुति
cNL_XKugiMQ,Knowledge|Strotam,1,1,https://youtu.be/cNL_XKugiMQ?si=B_w8t1pnEnVIbajQ,887,सरस्वती द्वादश नाम स्तोत्र
cNvPNnhiSo8,MahaShivratri|Strotam,1,1,https://youtu.be/cNvPNnhiSo8?si=8xy43ALgaQcYsQV-,1418,वेदसार शिव स्तोत्र
cdc_bgVMkOs,Bhajan|KrishnaJi,1,1,https://youtu.be/cdc_bgVMkOs?si=iecRdyTDMAfElETW,575,कन्हैया ले चल परली पार
cdlS1XC3Gus,DurjaJi|Mantra,1,1,https://youtu.be/cdlS1XC3Gus?si=k-Ox-2oKGYu1DiOb,595,नवार्ण मंत्र
ceFwFtgdSmc,Peace|Shloka,1,1,https://youtu.be/ceFwFtgdSmc?si=7aiIUrGPwDm9uLT7,793,शांति पाठ
cidhzMLBUPQ,GaneshChaturthi|GaneshJi|Mantra,2,1,https://youtu.be/cidhzMLBUPQ?si=fXMWhEu5ZeeOpj3l,451|1447,विनायक मंत्र | ॐ वक्रतुण्डाय हुम्
cqzJBHFeI0Y,Ramji|Shloka,1,1,https://youtu.be/cqzJBHFeI0Y?si=ahqCNpljz7KMS64U,420,नीलाम्बुजश्यामलकोमलांगं सीतासमारोपितवामभागम्। पाणौ महासायकचारुचापं नमामि रामं रघुवंशनाथम्॥
cuSGy5SuVtA,Strotam|Wealth,1,1,https://youtu.be/cuSGy5SuVtA?si=A8nPscCPd5cXWYal,945,इन्द्राक्षी स्तोत्र
d-jNUB84poM,Bhajan|Success,1,1,https://youtu.be/d-jNUB84poM?si=9KzaBmCLsS10eoyb,1235,जग में सुंदर हैं दो नाम
d-zWzSTNOMo,Katha|Shivji,1,1,https://youtu.be/d-zWzSTNOMo?si=8Gtyc3crPXZxHvXM,66,सम्पूर्ण शिव पुराण सार
dHaorYzhsMQ,Diwali|Katha,1,1,https://youtu.be/dHaorYzhsMQ?si=-1r8kafoFsK3S4_k,1283,मैया लक्ष्मी जी की अमृतवाणी
dUJG4REgj8o,Janmashtami,1,1,https://youtu.be/dUJG4REgj8o?si=FEiQaZGLOw08y30s,1328,नंद के आनंद भयो जय कन्हैया लाल की
dUtIRqj23YQ,LoveAndRelationship|Stuti,1,1,https://youtu.be/dUtIRqj23YQ?si=a5BLdB6m1ACieT8D,1010,पार्वती स्तुति
dVTUUtOHUCA,Aarti|DurjaJi|Dussehra|Strotam,3,2,https://youtu.be/dVTUUtOHUCA?si=Kos_i0o8NA3VrmOj,635|1362|1370,"अम्बे तू है जगदम्बे काली | अम्बे तू है जगदम्बे काली, जय दुर्गे खप्पर वाली | महिषासुर मर्दिनी"
dheA6Pqjtm4,Bhajan|KrishnaJi,1,1,https://youtu.be/dheA6Pqjtm4?si=RiRbLmj8Bev2rpIx,577,बड़ी देर भई नन्दलाला
dkVlpm1mKFI,Diwali|GaneshChaturthi|GaneshJi|Mantra,4,2,https://youtu.be/dkVlpm1mKFI?si=crdKp9jnOOfpOZx7,154|457|1259|1449,गणेश गायत्री | गणेश गायत्री मंत्र
dnCE-kSHES0,Bhajan|Happiness|Janmashtami|LoveAndRelationship|Success,4,2,https://youtu.be/dnCE-kSHES0?si=cYpIjXtwIhaE19YB,1033|1083|1231|1333,ऐसी लागी लगन | ऐसी लागी लगन मीरा हो गई मगन
e3K3BREwxRQ,Bhajan|ShaniiDevJi,1,1,https://youtu.be/e3K3BREwxRQ?si=dfzljU4OEcbG3KLp,372,श्री शनिदेव अमृतवाणी
e3tWzWydNeY,Katha|LoveAndRelationship,1,1,https://youtu.be/e3tWzWydNeY?si=0XBD9T2ROK6zls0j,1048,हनुमान-राम भक्ति
e7KzbCXk1lE,Health|Mantra,1,1,https://youtu.be/e7KzbCXk1lE?si=giRiDC8Uht1ntqGk,1120,शिव आरोग्य मंत्र
eH89BxWg9P4,Bhajan|HanumanJayanti,2,2,https://youtu.be/eH89BxWg9P4?si=0zOcU8tr43L7aj2q,136|1550,बजरंग बली मेरी नाव चली
eXSq8m8CqGc,Bhajan|Ramji,1,1,https://youtu.be/eXSq8m8CqGc?si=3f43U1aXfPAM58Hi,435,मन में राम बसा ले
edDTogeyCbI,DurjaJi|Strotam,1,1,https://youtu.be/edDTogeyCbI?si=AOTg_gvIfbq5CZxC,611,देवी अथर्वशीर्ष
enalr0CvqVM,Bhajan|GaneshChaturthi|GaneshJi,2,2,https://youtu.be/enalr0CvqVM?si=WMYDWThqcqx9a4pP,204|1477,तेरी जय हो गणेश
erQ7OvBnfMY,Mantra|VishnuJi,1,1,https://youtu.be/erQ7OvBnfMY?si=6Tr4oodbqcuN7H97,224,ॐ लक्ष्मीपतये नमः
evTvChlKhwU,Mantra|Peace,1,1,https://youtu.be/evTvChlKhwU?si=wgMr2Xt6m0Iqp9nf,743,निर्वाण षटकम
fDzcm2RKM4s,Katha|VishnuJi,1,1,https://youtu.be/fDzcm2RKM4s?si=nQip96jtyul3SEsn,277,वामन अवतार और राजा बलि की कथा
fGShWlmiDyE,Happiness|Shloka|Success,2,1,https://youtube.com/shorts/fGShWlmiDyE?si=sHBTIs2BRo6Bf0Pj,1101|1249,गुरु कृपा | गुरु श्लोक
fOWk1A27pKQ,Bhajan|GaneshJi,1,1,https://youtu.be/fOWk1A27pKQ?si=1hsP5OkDsZwIELgh,208,गजानन महाराज पधारो
fV8WIzEHD-E,Bhajan|GaneshChaturthi|GaneshJi,2,2,https://youtu.be/fV8WIzEHD-E?si=27m-AHd4U1hn9Aq-,501|1474,गजानन श्री गणराया | गजानना श्री गणराया
f_dQkIQqdvs,Katha|Ramji,1,1,https://youtu.be/f_dQkIQqdvs?si=VW1LPoO0Ogb4h0pc,440,सीता स्वयंवर की अद्भुत कथा
f_tCqLX6GNU,Happiness|Knowledge|LoveAndRelationship|Peace|Stuti,4,1,https://youtu.be/f_tCqLX6GNU?si=g9esdPlr_XnbbTWa,781|902|1013|1077,कृष्ण स्तुति | कृष्ण स्तुति (कस्तूरी तिलकम..) | श्री कृष्ण स्तुति
faCtr2ajTuE,Shloka,1,1,https://youtu.be/faCtr2ajTuE?si=svKC2jHHd_23bpz4,127,कार्य सिद्धि
felGgBmnx-I,Janmashtami|KrishnaJi|Mantra|Success,3,1,https://youtu.be/felGgBmnx-I?si=YoB5C1tli8tX3Kpx,521|1187|1303,मुक्ति मंत्र | मूल मंत्र | विष्णु मंत्र
fsMzgFMMGxA,Chalisa|DurjaJi|Strength|Success,3,1,https://youtu.be/fsMzgFMMGxA?si=vMcngDgu3vYUf4te,619|845|1224,दुर्गा चालीसा | श्री दुर्गा चालीसा
ftb-pobLDDM,Bhajan|GaneshChaturthi,1,1,https://youtu.be/ftb-pobLDDM?si=LSvIGqH8yQzsJeRe,1480,देवा हो देवा गणपति देवा
g4iZhS7EvQc,Katha|Shivji,1,1,https://youtu.be/g4iZhS7EvQc?si=tajjxxWlYauvwgSt,67,शिव जी का जन्म कैसे हुआ
g7rBhaAT04A,Health|Mantra,1,1,https://youtu.be/g7rBhaAT04A?si=YFuq2iT7ASAzdrcz,1115,प्राण मुद्रा मंत्र
gFr5p5AyuD0,Aarti|Bhajan|GaneshChaturthi|GaneshJi,2,2,https://youtu.be/gFr5p5AyuD0?si=QD5VW5nRGb8TXEFJ,189|1471,सुखकर्ता दुखहर्ता | सुखकर्ता दुखहर्ता वार्ता विघ्नाची
gW-Cz2AIWOs,Ashtakam|Peace,1,1,https://youtu.be/gW-Cz2AIWOs?si=J6a3b6OtnI-WH5RG,760,लिंगाष्टकम
gZ8YH3LuJRc,Bhajan|GaneshChaturthi,1,1,https://youtu.be/gZ8YH3LuJRc?si=bCDFaHUgdYfKtW3f,1475,ओ माय फ्रेंड गणेशा
g_czAYo3MKQ,LakshmiJi|Mantra|Wealth,2,2,https://youtu.be/g_czAYo3MKQ?si=-LU0VBJs1MmgBg7t,287|927,लक्ष्मी मंत्र | ॐ श्री महालक्ष्म्यै नमः
gaJR15qWTDA,Bhajan|MahaShivratri,1,1,https://youtu.be/gaJR15qWTDA?si=YjZV_xqQyOwRcX-i,1424,मेरा भोला है भंडारी
gsHIPGDctJ0,Peace|Strotam|VishnuJi,2,2,https://youtu.be/gsHIPGDctJ0?si=0M-JKLTSQ47e8TaB,242|763,नारायण स्तोत्रम | श्री हरि स्तोत्रम्
gtP55rMID_4,Peace|Shloka,1,1,https://youtube.com/shorts/gtP55rMID_4?si=cyPJRDPUhifikHN2,796,ध्यान मूलम्
gujH1r4nS6M,HanumanJayanti|Strotam,1,1,https://youtu.be/gujH1r4nS6M?si=VGRsX029QeuN9HXL,1540,हनुमान बाहुक
gv8Q4rrkqWE,Bhajan|LakshmiJi,1,1,https://youtu.be/gv8Q4rrkqWE?si=_38Rpl582wr9YcG_,323,लक्ष्मी अमृतवाणी
gxbN66VZYg8,DurjaJi|Katha,1,1,https://youtu.be/gxbN66VZYg8?si=cQSq0GNZhJhrZq7H,663,शुम्भ-निशुम्भ वध की कथा
gy07mltqNRc,Ashtakam|VishnuJi,1,1,https://youtu.be/gy07mltqNRc?si=qzWa5TytleC7FSax,248,अच्युताष्टकम
gyLT2Yz_yHo,KrishnaJi|LoveAndRelationship|Strotam|Stuti,2,2,https://youtu.be/gyLT2Yz_yHo?si=6boX0E4ODR2nuxV9,536|1015,गोपाल स्तुति | संतान गोपाल स्तोत्र
gzd3cfS-SIE,NahaneKeBaad,1,1,https://youtube.com/shorts/gzd3cfS-SIE?si=LbgxNx5RT8Dak9i3,691,चंदन लगाने का मंत्र
h1lT6cxwsPw,Dussehra|HanumanJayanti|Strength|Strotam|Stuti|Success,4,1,https://youtu.be/h1lT6cxwsPw?si=KdhV4ABeZuxVKiuY,827|1199|1374|1537,बजरंग बाण
hA__sJZ_FOc,GaneshJi|Strotam,1,1,https://youtu.be/hA__sJZ_FOc?si=-goJ82D1uxHHIBdW,468,गणेश हृदय स्तोत्र
hGMBqByQYjc,Happiness|Shloka,1,1,https://youtube.com/shorts/hGMBqByQYjc?si=Q7qr-LXZlCVp8TGA,1103,प्रभात श्लोक
hStOYwuIrVE,Mantra|Strength,1,1,https://youtu.be/hStOYwuIrVE?si=BaMHjkK86-ctlaKr,805,काली मंत्र
hiBxKwtn08Q,DurjaJi|Mantra,1,1,https://youtu.be/hiBxKwtn08Q?si=2-hlooiVaBcLrIbb,598,या देवी सर्वभूतेषु शक्ति-रूपेण संस्थिता। नमस्तस्यै नमस्तस्यै नमस्तस्यै नमो नमः॥
hiZB_bwV0R4,Chalisa|KrishnaJi,1,1,https://youtu.be/hiZB_bwV0R4?si=NwWWTjZTLwZtJvLZ,540,गोपाल चालीसा
hn6Im7ZMoG0,Bhajan|RamNavami,1,1,https://youtu.be/hn6Im7ZMoG0?si=RBopgQJXl954NTbC,1516,ओ माँ मेरी झोपड़ी के भाग
hnxXdqarpKg,Mantra|Wealth,1,1,https://youtu.be/hnxXdqarpKg?si=ipN2Ak8MAnjCvke0,928,ऋण मोचन मंत्र
hy_UKySqiNo,Bhajan,1,1,https://youtu.be/hy_UKySqiNo?si=WO1ouxTrWAya94GP,134,छम छम नाचे वीर हनुमान
hzQqfRM-mtA,PoojaKeSamay,1,1,https://youtube.com/shorts/hzQqfRM-mtA?si=whkvJBQngpHbomLh,707,गणेश वंदना
i6rDYxNpubk,Bhajan|Shivji,1,1,https://youtu.be/i6rDYxNpubk?si=Z1cSGYW4UCmuEsd6,60,हे शम्भू बाबा मेरे भोले नाथ
i9qkRDJ0GVM,Knowledge|Strotam,1,1,https://youtu.be/i9qkRDJ0GVM?si=YzBpwHwPxkJHJVpO,883,विद्या लक्ष्मी स्तोत्र
iEAPaA9Yf1s,MahaShivratri|Mantra|Shivji,2,1,https://youtu.be/iEAPaA9Yf1s?si=lGmdeqXsCqtQQzx1,7|1405,रुद्र मंत्र
iEIJBAKx0wI,Katha|Shivji,1,1,https://youtu.be/iEIJBAKx0wI?si=bBiJfhIDY2Psljnj,71,क्यों मिला था चंद्रमा को श्राप ?
iGZk-Uu86lY,Mantra|Strength,1,1,https://youtu.be/iGZk-Uu86lY?si=BNjXLF1KydHWrOVV,806,नृसिंह गायत्री
iNgFM6NKDxQ,KrishnaJi|Shloka,1,1,https://youtu.be/iNgFM6NKDxQ?si=HeemCWcs6L3oteQQ,566,सर्वधर्मान्परित्यज्य मामेकं शरणं व्रज। अहं त्वां सर्वपापेभ्यो मोक्षयिष्यामि मा शुचः॥
iR8cieM-CFs,Bhajan|MahaShivratri,1,1,https://youtu.be/iR8cieM-CFs?si=p13R2NEb8EoWiSTR,1431,बम लहरी
iRVIbOMymj0,BhojanSePehle|Happiness|Mantra|Peace|Shloka,4,2,https://youtu.be/iRVIbOMymj0?si=cFBjMhHR-DcFq9_Y,697|731|792|1059,कठोपनिषद शांति | शांति मंत्र
iWd6VAWduZg,HanumanJayanti|HanumanJi|Happiness|LoveAndRelationship|Mantra|Shloka|Strength|Stuti,5,1,https://youtu.be/iWd6VAWduZg?si=qrMcv4ayCSmC3X_q,82|807|1019|1106|1527,मनोजवं मारुततुल्यवेगं मंत्र: | मनोजवम मंत्र | हनुमान श्लोक | हनुमान स्तुति | हनुमान स्तुति मंत्र
iZkxNZpqQ4s,Katha|VishnuJi,1,1,https://youtu.be/iZkxNZpqQ4s?si=8wxeb0gCobXxfiQH,278,विष्णु जी और माता लक्ष्मी के विवाह की कथा
ib4O0n3PH8o,Katha|VishnuJi,1,1,https://youtu.be/ib4O0n3PH8o?si=gM39DNbgDuWKfvFA,274,समुद्र मंथन की कथा:
ieHRNA7h-IA,Knowledge|Strotam,1,1,https://youtu.be/ieHRNA7h-IA?si=a9kAoSjvRcFZBjuP,880,हयग्रीव स्तोत्र
igJHuojQHeo,Ramji|Stuti,1,1,https://youtu.be/igJHuojQHeo?si=B6vk7vi5KYW6nhYO,409,श्री रामचंद्र कृपालु भजु मन:
invPCYDaWUE,Dussehra|Health|RamNavami|Ramji|Strength|Strotam|Success,6,2,https://youtu.be/invPCYDaWUE?si=-cwsyKTg-INmshaY,395|830|1126|1194|1368|1501,आदित्य हृदय स्तोत्र | आदित्य हृदय स्तोत्र:
iuBOevhL-bU,HanumanJayanti|Stuti,1,1,https://youtu.be/iuBOevhL-bU?si=pFvhpdkxJl612MBp,1545,हनुमान साठिका
j2sTr6JZdco,Mantra|ShaniiDevJi,1,1,https://youtu.be/j2sTr6JZdco?si=m6tpnX4rqpF7vLQE,342,शनि गायत्री मंत्र)
j8l2aX86Ouk,Health|Mantra|Shloka,2,2,https://youtu.be/j8l2aX86Ouk?si=1JGWEjb8YcyEDR9R,1118|1170,अश्विनी कुमार | अश्विनी कुमार मंत्र
jB4aaP2X7S4,DurjaJi|Dussehra|Mantra|Peace|Strength,4,2,https://youtu.be/jB4aaP2X7S4?si=fNw_s_3Ep9aH-uJZ,594|746|803|1352,दुर्गा बीज मंत्र | दुर्गा मंत्र | बीज मंत्र | शक्तिदायक मंत्र
jBIA9Ap-VR0,PoojaKeSamay,1,1,https://youtube.com/shorts/jBIA9Ap-VR0?si=3Gxj8KQQsu6h2icW,706,दीप मंत्र
jRjRip7JyjM,Chalisa|Success,1,1,https://youtu.be/jRjRip7JyjM?si=cMhmyBbA48bP47eA,1225,श्री सरस्वती चालीसा
jXPk7TnZC4c,Knowledge|Mantra|Peace|Shloka,2,1,https://youtu.be/jXPk7TnZC4c?si=3IMkISoz8uz7DN_R,742|907,गुरु मंत्र | गुरु श्लोक
juCRT87f9Vc,Peace|Shloka,1,1,https://youtu.be/juCRT87f9Vc?si=fp7SvU2CayUvWF5-,787,गीता (अध्याय 2)
jxgpE4o0zoM,Ramji|Strotam,1,1,https://youtu.be/jxgpE4o0zoM?si=7XCu8h1e7eQkvotb,400,जटायु कृत श्री राम स्तोत्र
jxtDNKTnmqY,Bhajan|Ramji,1,1,https://youtu.be/jxtDNKTnmqY?si=wElShzcNXxs7zp4R,428,श्री राम जानकी बैठे हैं मेरे सीने में
k6oKjApcd8k,KrishnaJi|Shloka,1,1,https://youtu.be/k6oKjApcd8k?si=iALtB1Cbee031oOL,567,हे कृष्ण करुणा सिन्धु दीन बन्धु जगत पते। गोपेश गोपिका कान्त राधा कान्त नमोस्तुते॥
k7kdm72nBjU,Katha|Ramji,1,1,https://youtu.be/k7kdm72nBjU?si=NJnOHq8FVwLrioHv,443,श्रीराम ने बाली को छुपकर क्यों मारा ?
kB0dFMBE7-g,Mantra|ShaniiDevJi,1,1,https://youtu.be/kB0dFMBE7-g?si=wlcGDLcwvs5ytuqk,339,ॐ शं शनैश्चराय नमः
kEKE8ZotzAM,Bhajan|LoveAndRelationship,1,1,https://youtu.be/kEKE8ZotzAM?si=ZkzllJn7JhsF2G3Y,1032,हमें राधा रानी तेरे नाम का सहारा
kE_3b_NaOAE,GaneshJi|Stuti,1,1,https://youtu.be/kE_3b_NaOAE?si=sHrTYnvs_Ht1N8E1,483,गणेश वंदना
kEqrQNWUVR0,Mantra|Peace,1,1,https://youtu.be/kEqrQNWUVR0?si=QM6gM9QnfS6W2hi6,738,लोका समस्ता
kJ3VkWj2BF8,Peace|Shloka,1,1,https://youtu.be/kJ3VkWj2BF8?si=qsvZFiwYJ-oIeLnj,788,गीता (अध्याय 6)
kLsTGj_BrzA,Bhajan|Success,1,1,https://youtu.be/kLsTGj_BrzA?si=ayltyP-BnUnCaP9h,1234,हमको मन की शक्ति देना
kOgaTaFcgjU,Knowledge|Mantra|Success,2,1,https://youtu.be/kOgaTaFcgjU?si=JDvMuvOFUXbD0Icu,874|1186,सूर्य प्रज्ञा मंत्र | सूर्य मंत्र
kQiH4Qk63d4,Bhajan|DurjaJi,1,1,https://youtu.be/kQiH4Qk63d4?si=xJ20b6pNl1tzb3WQ,651,तूने मुझे बुलाया शेरावालिये
kR4LMcp_AFI,Bhajan|MahaShivratri,1,1,https://youtu.be/kR4LMcp_AFI?si=fzx4iasop3dNiy4s,1432,शिव जी सत्य है
kS1Dn4VjUNk,ShaniiDevJi|Shloka,1,1,https://youtu.be/kS1Dn4VjUNk?si=ecGHHRZxmNLhUvxa,366,सूर्यपुत्रो दीर्घदेहो विशालाक्षः शिवप्रियः। मन्दचारः प्रसन्नात्मा पीडां हरतु मे शनिः॥
kbMinfmC3E0,Bhajan|Happiness|Health|Success,3,1,https://youtu.be/kbMinfmC3E0?si=EORk1j1UQxAqRLLu,1091|1157|1232,ओ पालनहारे
kgvV-TdtWJI,Mantra|ShaniiDevJi,1,1,https://youtu.be/kgvV-TdtWJI?si=Rv6I8CTy3sGjF2Ty,340,शनि बीज मंत्र
kt9-B0uUmRY,Strotam|VishnuJi,1,1,https://youtu.be/kt9-B0uUmRY?si=Or6uohC4Z_ZY7DZ5,237,विष्णु पंजर स्तोत्रम्
kxxhO92X8ro,GaneshJi|Mantra,1,1,https://youtu.be/kxxhO92X8ro?si=kI__HcFg2zNoXZn2,152,वक्रतुण्ड महाकाय सूर्यकोटि समप्रभ।
l-Ky7bRU7Ys,PoojaKeBaad,1,1,https://youtube.com/shorts/l-Ky7bRU7Ys?si=O7bu3zjBGyfRjwVm,714,पूर्णमदः मंत्र
lUqRs1ReVn8,Knowledge|Strotam,1,1,https://youtu.be/lUqRs1ReVn8?si=24q7NY4WBKO0Dg-R,886,बुध स्तोत्र
l_pV6jQdQ9c,GaneshJi|Stuti,1,1,https://youtu.be/l_pV6jQdQ9c?si=S4GL6AaK1Ph0w14l,478,प्रथम तुला वंदितो
lacNlWQ87Z8,Peace|Shloka,1,1,https://youtube.com/shorts/lacNlWQ87Z8?si=DoslwmmZPKqU9g_1,794,मन नियंत्रण (गीता)
leVoi6kkp3o,Aarti|Bhajan|Diwali|Dussehra|Happiness|Health|Knowledge|Peace|RamNavami|Stuti|Success,12,1,https://youtu.be/leVoi6kkp3o?si=v3atP52xIcpUEFs8,774|900|1069|1084|1143|1161|1209|1286|1359|1369|1498|1499,भए प्रगट कृपाला | राम स्तुति | राम स्तुति (श्री रामचन्द्र..) | श्री राम स्तुति | श्री रामचंद्र कृपालु
ln8em1Dc5Zs,Katha|LoveAndRelationship,1,1,https://youtu.be/ln8em1Dc5Zs?si=GN2klf1iS7VLEqzm,1039,शिव-पार्वती विवाह
lnoXCvbRetI,Katha|KrishnaJi,1,1,https://youtu.be/lnoXCvbRetI?si=VVTxM9JEQj9a8_Y7,588,नरकासुर वध कथा...
log_B4nMkH0,Knowledge|Strotam|Success,2,1,https://youtu.be/log_B4nMkH0?si=T7hhpGvgFFSaNdjq,882|1200,नील सरस्वती स्तोत्र | सरस्वती स्तोत्र
m0VD0vSXNXQ,KrishnaJi|Shloka|Success,2,1,https://youtu.be/m0VD0vSXNXQ?si=rYvcj8atb4ReJtxk,565|1242,कर्म श्लोक | कर्मण्येवाधिकारस्ते मा फलेषु कदाचन। मा कर्मफलहेतुर्भूर्मा ते सङ्गोऽस्त्वकर्मणि॥
m3P-UtGt3Ts,Bhajan|LakshmiJi,1,1,https://youtu.be/m3P-UtGt3Ts?si=wee1Hbb2XDZh_r50,327,लक्ष्मी मैया है तुमसे
m8hvtU9Lzzk,LakshmiJi|Mantra|Wealth,2,2,https://youtu.be/m8hvtU9Lzzk?si=1K9flqSsHLdbD1bx,289|926,महालक्ष्मी मूल मंत्र | श्री सिद्ध लक्ष्मी मंत्र
m8koxlMwZBQ,DurjaJi|Strotam,1,1,https://youtu.be/m8koxlMwZBQ?si=mh01vb9TnBQKXSA6,609,सिद्ध कुंजिका स्तोत्र:
mAsyg8JA6Ss,Bhajan|LoveAndRelationship,1,1,https://youtu.be/mAsyg8JA6Ss?si=nB6Q9x1tXuBrc2hN,1030,कन्हैया ले चल पार
mGhfk_LKRjg,GaneshChaturthi|Strotam,1,1,https://youtu.be/mGhfk_LKRjg?si=5ukbYBvhM7eSwtoS,1466,गणेश द्वादशनाम स्तोत्र
mKvxMv3XrWA,DurjaJi|Strotam,1,1,https://youtu.be/mKvxMv3XrWA?si=EvZPdf6e3LLIrBmF,616,दुर्गा कवच
mZjySBOJj10,Bhajan|Dussehra,1,1,https://youtu.be/mZjySBOJj10?si=hNqlQH7zayev0e3e,1386,कभी राम बनके कभी श्याम
mhK03kecgr0,Bhajan|Success,1,1,https://youtu.be/mhK03kecgr0?si=Sngj8gaqnxIXRDkx,1237,प्रभु जी तुम चंदन हम पानी
mj8aJ-MkKrI,Katha|LoveAndRelationship,1,1,https://youtu.be/mj8aJ-MkKrI?si=pOm1dpBVOCj_WZ59,1043,कामदेव-रति कथा
mmVbmowFswQ,Janmashtami|Katha|KrishnaJi,2,2,https://youtu.be/mmVbmowFswQ?si=4Pq4-LiYvLPJNzNH,583|1339,गोवर्धन जी कथा | गोवर्धन पर्वत की कथा
mrH_rSZnxdU,Aarti|Ramji,1,1,https://youtu.be/mrH_rSZnxdU?si=lYdSNjCKgNuKEo-j,414,जग जननी सीता माता की आरती
msKSippIeOE,GaneshJi|Katha,1,1,https://youtu.be/msKSippIeOE?si=RB6UilhxgjzXDxD7,508,पृथ्वी परिक्रमा कथा
mzC2BCNNjv8,Bhajan|LoveAndRelationship,1,1,https://youtu.be/mzC2BCNNjv8?si=zBzGv6XCc9R0tuPM,1029,सीताराम चरित पावन
n4fZknyZlsk,Bhajan|HanumanJayanti|Health,3,2,https://youtu.be/n4fZknyZlsk?si=5tj8RlXP-RerHJhG,133|1152|1554,हे दुख भंजन मारुति नंदन
nD43xuZB9xs,LoveAndRelationship|Strotam,1,1,https://youtu.be/nD43xuZB9xs?si=LMJtx3GY-6ANjWtb,996,राधा कृपा कटाक्ष
nLUmRxc6140,Bhajan|GaneshChaturthi|GaneshJi,2,2,https://youtu.be/nLUmRxc6140?si=TlXcstkGhRj6Ed0G,202|1472,घर में पधारो गजानंद जी मेरे घर में पधारो | घर में पधारो गजानन जी
nViaKp1JhsE,Bhajan|HanumanJayanti,1,1,https://youtu.be/nViaKp1JhsE?si=nSahD2_AP3FA4jr5,1551,बालाजी अच्छा लागे से
n_DeYZEy4Y4,Mantra|RamNavami|Ramji,2,2,https://youtu.be/n_DeYZEy4Y4?si=sUCnkqbCYX4M_5BL,388|1493,राम स्तुति मंत्र | ॐ श्री रामचन्द्राय नमः
nbfyD78Dke0,GaneshChaturthi|GaneshJi|Mantra|Shloka,2,1,https://youtu.be/nbfyD78Dke0?si=--jK-lqu9SvtXhzK,496|1452,लक्ष्मी-गणेश मंत्र | ॐ श्रीं गं सौभाग्य गणपतये वर्वर्द सर्वजन्म में वषमान्य स्वाहा
ne3Mjg1M-Uo,Janmashtami|Mantra,1,1,https://youtu.be/ne3Mjg1M-Uo?si=xT7OOKlB5SXv2bDf,1332,श्री कृष्ण गोविन्द हरे मुरारी
nfcB83GU-_A,DurjaJi|Katha,1,1,https://youtu.be/nfcB83GU-_A?si=zXSza_hbe-7mKa68,664,मधु-कैटभ वध की कथा
ngn4Rfu1ZJU,Health|Shloka,1,1,https://youtu.be/ngn4Rfu1ZJU?si=tAl2MMlPP8oVmFi7,1172,विष्णु हीलिंग
nkH47o7C8ew,Peace|Strotam,1,1,https://youtu.be/nkH47o7C8ew?si=9laW-JgmfyfmaMTO,759,निर्वाण षटकम
ntpeQR7K0PI,Happiness|Mantra|Peace,2,1,https://youtu.be/ntpeQR7K0PI?si=4_9jjQ1cbxYs7wRa,737|1065,बुद्ध मंत्र
nwRoHC83wx0,Diwali|Happiness|Health|Knowledge|Mantra|Peace|Shloka|Success,7,1,https://youtu.be/nwRoHC83wx0?si=f1Akd4C3BSvXNJaE,730|866|1055|1121|1183|1245|1269,गायत्री मंत्र | बुद्धि श्लोक
o5Uk1sxGBZU,HanumanJi|Mantra|Strength,2,1,https://youtu.be/o5Uk1sxGBZU?si=aIuPQqmzIrromxMt,79|804,हनुमान बीज मंत्र
o70xTR8t0H4,Bhajan|ShaniiDevJi,1,1,https://youtu.be/o70xTR8t0H4?si=HatQvVEQ9HPQgqLD,370,सच्चा शनिदेव तेरा दरबार
oI7nbhh9oBU,Mantra|ShaniiDevJi,1,1,https://youtu.be/oI7nbhh9oBU?si=Ln_Gw5XMwjb0sGQ3,341,ॐ नीलांजनसमाभासं रविपुत्रं यमाग्रजम्। छायामार्तण्डसंभूतं तं नमामि शनैश्चरम्॥
oa1tHpermgU,Katha|Shivji,1,1,https://youtu.be/oa1tHpermgU?si=VvSwaXWDjjjQ4FfT,73,शिव ने अपने ही पुत्र गणेश का सिर क्यों काटा?
oepDHcPHWwc,Bhajan|ShaniiDevJi,1,1,https://youtu.be/oepDHcPHWwc?si=QJr2Vv_RI9lN8rJ1,371,शनि जी करदो बेड़ा पार
onCk_r8OPe4,Aarti|Ramji,1,1,https://youtu.be/onCk_r8OPe4?si=IuxtvhlHTntByscC,416,आरती श्री रघुवर लाला की
otWnO-2pwuM,Chalisa|Wealth,1,1,https://youtu.be/otWnO-2pwuM?si=yXHgB1p63SthIoiC,951,लक्ष्मी चालीसा
p4jvHQz-fYQ,Chalisa|Strength,1,1,https://youtu.be/p4jvHQz-fYQ?si=9CimlzRjJ45DV_mj,852,विंध्येश्वरी चालीसा
pEM6eMIB6Y0,Peace|Stuti,1,1,https://youtu.be/pEM6eMIB6Y0?si=sO9q8icj2HNS2_8r,782,दुर्गा शांति स्तुति
pRjGwMSqjZo,Bhajan|Ramji,1,1,https://youtu.be/pRjGwMSqjZo?si=paIzNVFEfqMABUaj,426,पायो जी मैंने राम रतन धन पायो
pTcdxwTWstI,ShaniiDevJi|Strotam,1,1,https://youtu.be/pTcdxwTWstI?si=lyJbdwKdQI3eTfXv,345,शनि वज्र पंजर कवचम्
phOoGvDu_h4,LakshmiJi|Strotam|Wealth,2,1,https://youtu.be/phOoGvDu_h4?si=XKx4FvAb65DYm0Vv,298|942,लक्ष्मी हृदय स्तोत्र
psLJhxiQ85o,NahaneKeSamay,1,1,https://youtu.be/psLJhxiQ85o?si=2-SNh1BWmsciWde8,683,स्नान मंत्र
pv7ZiedzncE,Ashtakam|Peace,1,1,https://youtu.be/pv7ZiedzncE?si=qJEhamSNR06brz_v,764,गुरुवाष्टकम
q69QKmywlL8,Knowledge|Strotam,1,1,https://youtu.be/q69QKmywlL8?si=b_pwThhZjb1ce6Vx,881,शारदा भुजंग प्रयात स्तोत्र
qDt6N68WHy8,KrishnaJi|Mantra,1,1,https://youtu.be/qDt6N68WHy8?si=97ZxYRIXVb01K6_h,526,गोकुल नाथाय नमः
qGki_RZf2a8,Mantra|RamNavami,1,1,https://youtu.be/qGki_RZf2a8?si=T7hPvehLav4MGrsI,1494,हनुमत-राम मंत्र
qR-PxhTOZXY,LakshmiJi|Mantra,1,1,https://youtu.be/qR-PxhTOZXY?si=ZBtgkGLQ_x7io_NN,292,ॐ ह्रीं ह्रीं श्री लक्ष्मी वासुदेवाय नम:।
qaWHPvFHMTQ,Health|Shloka,1,1,https://youtu.be/qaWHPvFHMTQ?si=AB1sQ2t8QpP0RPjR,1173,प्राण श्लोक
qb5EuozSWA0,LakshmiJi|Strotam|Wealth,2,1,https://youtu.be/qb5EuozSWA0?si=1DOqyZO7j9BrmhKi,300|941,अष्टलक्ष्मी स्तोत्र
qcaAso2kHqU,HanumanJayanti|Stuti,1,1,https://youtu.be/qcaAso2kHqU?si=wYOye8u3iEC2gtQo,1539,सुंदरकांड
r-8-0OwqDjE,GaneshJi|Shloka,1,1,https://youtu.be/r-8-0OwqDjE?si=UMvZ1OKIqCgV3z5I,198,विघ्नेश्वराय वरदाय सुरप्रियाय लम्बोदराय सकलाय जगद्धिताय। नागाननाय श्रुतियज्ञविभूषिताय गौरीसुताय गणनाथ नमो नमस्ते॥
r4k-aM0MJ2w,SubahUthteHi,1,1,https://youtube.com/shorts/r4k-aM0MJ2w?si=Qjs577cDJd79KsFl,680,पंचकन्या स्मरण
r66ySZ7iipM,DurjaJi|Mantra|Shloka,2,2,https://youtu.be/r66ySZ7iipM?si=FM_yp5XcLh9cQ4q0,601|646,जयन्ती मङ्गला काली भद्रकाली कपालिनी। दुर्गा क्षमा शिवा धात्री स्वाहा स्वधा नमोऽस्तु ते॥ | ॐ जयन्ती मङ्गला काली भद्रकाली कपालिनी। दुर्गा क्षमा शिवा धात्री स्वाहा स्वधा नमोऽस्तुते॥
r7GJ8GoGSD8,Aarti|Dussehra,2,2,https://youtu.be/r7GJ8GoGSD8?si=5vKJpH3tM6QoFwzl,117|1361,आरती कीजै हनुमान लला की
rNSfDMxWHG8,Bhajan|MahaShivratri,1,1,https://youtu.be/rNSfDMxWHG8?si=6whX6JaH6V_vfSA4,1430,ऐसी सुबह ना आए
rPUuIMR7IJg,Bhajan|Dussehra|HanumanJayanti,2,2,https://youtu.be/rPUuIMR7IJg?si=Ih0RY7ld8sJvMgQ6,1385|1553,राम जी का नाम लेकर
rSKgqcv-eoc,Bhajan|KrishnaJi,1,1,https://youtu.be/rSKgqcv-eoc?si=ncBCgt4hMLfctP-G,576,नंद के आनंद भयो जय कन्हैया लाल की
rUmtjKs26dw,Ramji|Strotam,1,1,https://youtu.be/rUmtjKs26dw?si=JRofuERjRhU5rOtv,399,राम हृदय स्तोत्र
rZVj0e-KP2Y,Ashtakam|Peace,1,1,https://youtu.be/rZVj0e-KP2Y?si=3qFzBksINIHjQhL9,767,बिलवाष्टकम
raAgqGKgIU8,Bhajan|Ramji,1,1,https://youtu.be/raAgqGKgIU8?si=imd0TcZyq9jAJfNN,430,राम कहानी सुनो रे राम कहानी
rqgvyF9LBHk,Strength,1,1,https://youtu.be/rqgvyF9LBHk?si=Q2TMKsuJzBA3pvYX,835,देवी कवच
rtuZZ6pqlW8,Health|Shloka,1,1,https://youtu.be/rtuZZ6pqlW8?si=FtlMEVq6H4tdgQEQ,1174,भोजन आरोग्य
rzAm4kvEDbc,GaneshJi|Shloka,1,1,https://youtu.be/rzAm4kvEDbc?si=esY2jKOVx-Z2hH93,199,अभीप्सितार्थ सिद्धयर्थं पूजितो यः सुरासुरैः। सर्वविघ्नहरस्तस्मै गणाधिपतये नमः॥
s6eY3KmckxM,Janmashtami|Katha,1,1,https://youtu.be/s6eY3KmckxM?si=snJjDcySedBSkWXG,1338,पूतना वध की कथा
s9o8JD8PU6w,MahaShivratri|Strotam,1,1,https://youtu.be/s9o8JD8PU6w?si=NdbU-vNmPd5XXH0H,1416,बिल्वाष्टकम
sAmQN4pox2I,DurjaJi|Strotam,1,1,https://youtu.be/sAmQN4pox2I?si=J09EISlVTH8pxduh,612,दुर्गा अष्टोत्तर शतनाम स्तोत्र (108 नाम)
sDhrWWWBQLI,Bhajan|Dussehra|HanumanJayanti,3,3,https://youtu.be/sDhrWWWBQLI?si=08qM_PSgcxvPDebN,132|1384|1549,दुनिया चले न श्री राम के बिना | दुनिया चले ना श्री राम | दुनिया चले ना श्री राम के बिना
sHjD9ChjUsU,GaneshJi|Mantra,1,1,https://youtu.be/sHjD9ChjUsU?si=kj5RxANqbh9URRDf,155,संकट नाशक मंत्र
sIPwrMosN9k,LakshmiJi|Stuti,1,1,https://youtu.be/sIPwrMosN9k?si=3QzMTb-otB4uncz-,313,महालक्ष्मी स्तवनम्
sJ3Kg21bNrE,Aarti|ShaniiDevJi,1,1,https://youtu.be/sJ3Kg21bNrE?si=hohbJozyLHx2GFo5,363,आरती श्री शनि महाराज की
sNBJiXNxuZ0,Katha|ShaniiDevJi,1,1,https://youtu.be/sNBJiXNxuZ0?si=tBfa_WYc8KvWc3wn,379,शनिवार व्रत कथा
sRjLbmFjjQ0,Dussehra|Mantra|Ramji,2,1,https://youtu.be/sRjLbmFjjQ0?si=BflcnYp06jrhbI1r,389|1354,ग्रह दोष निवारण | ॐ नमो भगवते रामचंद्राय
sdZpM8paUnM,Ashtakam|Janmashtami|LoveAndRelationship|Mantra|Peace|Strotam|Stuti,4,1,https://youtu.be/sdZpM8paUnM?si=nAeAA34E_6X4S8uO,762|997|1311|1324,मधुराष्टकम | मधुराष्टकम (अधरं मधुरं)
sgniT3zYZGE,GaneshJi|Shloka,1,1,https://youtu.be/sgniT3zYZGE?si=BSxImt8-d3zA9-jK,492,वक्रतुण्ड महाकाय सूर्यकोटि समप्रभ।निर्विघ्नं कुरु मे देव सर्वकार्येषु सर्वदा॥
sjWftsKY17c,KrishnaJi|Strotam,1,1,https://youtu.be/sjWftsKY17c?si=mLCx34MI5E8Wd-Yo,531,गोपाल सहस्रनाम स्तोत्र
snRINfVgunw,Dussehra|Mantra|RamNavami,2,1,https://youtu.be/snRINfVgunw?si=OBhIF1xWjPyu43K6,1351|1491,भय नाशक मंत्र | विपत्ति नाशक मंत्र
sqyVe_kOEuQ,Aarti|ShaniiDevJi,1,1,https://youtu.be/sqyVe_kOEuQ?si=4JzKtqsmhTRMhR2W,362,जय जय श्री शनिदेव भक्तन हितकारी
tF0E-LA9nP8,Knowledge|Shloka,1,1,https://youtube.com/shorts/tF0E-LA9nP8?si=hJ-oqm05sw8P2cZ2,909,चाणक्य नीति
tH93lLehjCs,Bhajan|RamNavami,1,1,https://youtu.be/tH93lLehjCs?si=AAx3xXPsrKqDHpjq,1514,हम कथा सुनाते राम सकल
t_ULrM1Ei6k,Aarti|KrishnaJi,1,1,https://youtu.be/t_ULrM1Ei6k?si=1ZDLM8HZvDtov936,555,"जय कान्हा काला, प्रभु जय कान्हा काला"
tj6yKxSPQZQ,Diwali|Katha,1,1,https://youtu.be/tj6yKxSPQZQ?si=_x0KiFTx5Dwnc27J,1294,श्री राम का आगमन
tnwdmXa8Kcg,KrishnaJi|Mantra,1,1,https://youtu.be/tnwdmXa8Kcg?si=H4M-lZvX4nwDP-bn,520,बीज मंत्र
u0TbNGui5tI,Mantra|Strength,1,1,https://youtu.be/u0TbNGui5tI?si=qV_U-FAw_0SFg-0I,809,नृसिंह बीज मंत्र
uCiRodyfM_8,Happiness|Health|Shloka,2,1,https://youtube.com/shorts/uCiRodyfM_8?si=PN-Mn7CrHYKViZK_,1097|1169,शांति श्लोक
uPv-8-Dslos,Bhajan|HanumanJayanti,1,1,https://youtu.be/uPv-8-Dslos?si=MPWZdugdmWCu9HWS,1552,हनुमान जब चले
uY5YAvygOJs,Bhajan|Shivji,1,1,https://youtu.be/uY5YAvygOJs?si=8dBC9W82qOAvOxTd,61,चलो शिव शंकर के मंदिर में भक्तों
uZeqfUN1JQ0,Mantra|Peace,1,1,https://youtu.be/uZeqfUN1JQ0?si=Lb68rZWdE5QOk92U,736,सर्वेशम शांति
udRgk50LOuA,GaneshJi|Strotam,2,2,https://youtu.be/udRgk50LOuA?si=OnWHt9_jUWmMlIHv,173|466,मयूरेस्वर स्तोत्र | मयूरेस्वर स्तोत्र:
ukq70I4YDP8,Bhajan|Dussehra,1,1,https://youtu.be/ukq70I4YDP8?si=iYTlYHdKfxHOlv8_,1380,मेरे सरकार आए हैं
ut6AHW2stnk,Aarti|Ramji,1,1,https://youtu.be/ut6AHW2stnk?si=Ri_AUS3fsqwYS3Qb,417,आरती अवध बिहारी की
v5zWGRCJV6c,ShaniiDevJi|Stuti,1,1,https://youtu.be/v5zWGRCJV6c?si=ZLpqnNbRnZ52LKcJ,357,शनि स्तुति
vLP6gdiDbOU,Strotam|VishnuJi|Wealth,2,2,https://youtu.be/vLP6gdiDbOU?si=jO6MgHWC3vJEyRrd,238|946,नारायण सुक्तम | नारायण सूक्तम
vYFOV9nj-_w,Ashtakam|GaneshChaturthi|GaneshJi|Knowledge|Strotam,3,3,https://youtu.be/vYFOV9nj-_w?si=Fh10acxtqXypmgSV,179|889|1459,गणेश पंचरत्न स्तोत्र | श्री गणेश पञ्चरत्नम् | श्री गणेशपञ्चरत्नम्
vYcSZAYfzaM,PoojaKeSamay,1,1,https://youtube.com/shorts/vYcSZAYfzaM?si=x1ZVFUHW2SanoxGv,711,पुष्पाञ्जलि श्लोक
vcV_UjRl_OM,Katha|Ramji,1,1,https://youtu.be/vcV_UjRl_OM?si=FuwK91gx91kJVKGN,441,श्रीराम वनवास की कथा
vfzibQrVPoM,Peace|Shloka|Success,2,1,https://youtu.be/vfzibQrVPoM?si=y7xPU6cE7-JtCkvc,786|1248,उपनिषद शांति पाठ | शांति-विजय
vgu91Z4kXpk,Health|Strotam,1,1,https://youtu.be/vgu91Z4kXpk?si=iF5pe0X3rmAEvthK,1131,मृत्युंजय स्तोत्र
vheWrSxvQf8,KrishnaJi|Strotam,1,1,https://youtu.be/vheWrSxvQf8?si=WSd_Oh9eIu29WaY4,535,नारायणीयम्
vlc0vWvSrOM,Dussehra|HanumanJayanti|MahaShivratri|Mantra,3,2,https://youtu.be/vlc0vWvSrOM?si=fvKhdLJK61GyaAFD,1353|1404|1526,महाकाल मंत्र | सकंट मोचन मंत्र | सिद्धि मंत्र
vp2Wp1mtb7o,Knowledge|Peace|Shloka,2,2,https://youtube.com/shorts/vp2Wp1mtb7o?si=94qjGBD7qZDFoWA3,797|912,अध्यात्म श्लोक | वैदिक विद्या
vyukL1WLoIs,Katha|LoveAndRelationship,1,1,https://youtu.be/vyukL1WLoIs?si=wbOWNri_5mDOH6-D,1046,सुभद्रा-अर्जुन विवाह
w19sRwFqbwY,Chalisa|Strength|Wealth,2,1,https://youtu.be/w19sRwFqbwY?si=gQYxs5wL-HxhsoAF,857|954,सरस्वती चालीसा
w33Iznz_KsI,LoveAndRelationship|Strotam,1,1,https://youtu.be/w33Iznz_KsI?si=uYFHFSDCIwF4os7W,998,कामदेव स्तोत्र
w7HbgKcQS_w,Bhajan|Health|MahaShivratri|Shivji,3,2,https://youtu.be/w7HbgKcQS_w?si=9LtJV_tRsaENcyyg,58|1160|1423,शिव शंकर को जिसने पूजा
w8piP6I3VS0,Bhajan|Happiness,1,1,https://youtu.be/w8piP6I3VS0?si=wbezH3AAc4y4WBwb,1089,मीठे रस से भरयो री
w9vGn5lQMxU,Bhajan|LakshmiJi,1,1,https://youtu.be/w9vGn5lQMxU?si=y2-tmAbRLU_U2xLE,325,मइया लक्ष्मी देती धन धान है
wiIJr3qihaQ,Bhajan|GaneshChaturthi|GaneshJi,2,2,https://youtu.be/wiIJr3qihaQ?si=-f9FdXR6zpC7iHDa,503|1473,गणपति अपने गाँव चले | गणपति अपने गांव चले
wm-3ncCBg04,GaneshJi|Katha,1,1,https://youtu.be/wm-3ncCBg04?si=5Aihv_vmNlN4pzYT,515,हुआ इतना भयंकर युद्ध के परशुराम जी गणेशजी का दांत तोड़ दिया
x0n-mk-_OHg,GaneshJi|Shloka,1,1,https://youtu.be/x0n-mk-_OHg?si=qBZDhZeI421iS3TG,195,वक्रतुण्ड महाकाय सूर्यकोटि समप्रभ। निर्विघ्नं कुरु मे देव सर्वकार्येषु सर्वदा॥
x3jGb2bWVww,Knowledge|Mantra,1,1,https://youtu.be/x3jGb2bWVww?si=lNNVf_rDpkw1WCO6,870,हनुमान बुद्धि मंत्र
x4xwzv7zKms,Aarti|GaneshJi,1,1,https://youtu.be/x4xwzv7zKms?si=N__XDkVXQXgqL8HK,488,ॐ शेंदुर लाल चढ़ायो अच्छा गजमुख को
x59vh8Wga9A,LoveAndRelationship|Mantra,1,1,https://youtu.be/x59vh8Wga9A?si=yJ0p8EUrHmBJleRO,991,अर्धनारीश्वर मंत्र
x795jwrP6sY,Katha|Ramji,1,1,https://youtu.be/x795jwrP6sY?si=Yx3aq_swuDsuga3X,439,श्री राम ने कैसे किया माँ अहल्या का उद्धार
xD_nK8TBYUQ,NahaneKeSamay,1,1,https://youtu.be/xD_nK8TBYUQ?si=TjCJDoV0_CM_-6Xh,684,वरुण मंत्र
xFvfdjw2eno,MahaShivratri|Strotam,1,1,https://youtu.be/xFvfdjw2eno?si=d8Bz_map05AF4Ekj,1415,शिव पंचाक्षर स्तोत्र
xaKaZvgkKm8,MahaShivratri|Strotam,1,1,https://youtu.be/xaKaZvgkKm8?si=S78-0Gmt-ZokKrpm,1417,शिव महिम्न स्तोत्र
xlaAaxz_tpQ,Aarti|KrishnaJi,1,1,https://youtu.be/xlaAaxz_tpQ?si=2ky0i3tyEWSaLvi0,556,आरती श्री बाल कृष्ण जी की
xpH5zFWvg1s,Bhajan|RamNavami,1,1,https://youtu.be/xpH5zFWvg1s?si=1eo0ik3s4y8o5a6b,1515,सुख के सब साथी दुःख में ना कोई
xvaY6-PgNyY,Shloka,1,1,https://youtu.be/xvaY6-PgNyY?si=1wxv0hpaEyvvF4jN,125,मर्कटेश महोत्साह सर्वशोक विनाशन।
y-Xv63obhKI,Dussehra|Health|Mantra|RamNavami|Ramji|Shloka|Strength|Strotam|Success|Wealth,7,1,https://youtu.be/y-Xv63obhKI?si=M5eZNo40oYpESgJA,423|811|976|1129|1197|1367|1500,आपदामपहर्तारं दातारं सर्वसंपदाम् | आपदामपहर्तारं दातारं सर्वसंपदाम्। लोकाभिरामं श्रीरामं भूयो भूयो नमाम्यहम्॥ | राम रक्षा कवच मंत्र | राम रक्षा स्तोत्र
y9Py0BBVHpQ,Aarti|Wealth,1,1,https://youtu.be/y9Py0BBVHpQ?si=-NbQ4ysBoYNJS-3Y,963,माँ वैभव लक्ष्मी आरती
yPiSJP34-QM,Chalisa|VishnuJi,1,1,https://youtu.be/yPiSJP34-QM?si=YnJXYPnTNuwpbv0L,245,विष्णु चालीसा
yWTN6bsDWN4,Bhajan|KrishnaJi|LoveAndRelationship,2,2,https://youtu.be/yWTN6bsDWN4?si=Lzw6_QbV5g85uOt9,574|1028,यशमति मैया से बोले नंदलाला | यशोमती मैया से बोले
yXymIcFJVTY,PoojaKeSamay,1,1,https://youtu.be/yXymIcFJVTY?si=E3QSPPbXbaayLBXy,705,आसन मंत्र
yaw7T0GnNr0,Bhajan|KrishnaJi,1,1,https://youtu.be/yaw7T0GnNr0?si=h1dYb9144M_yWkUP,571,सांवली सूरत पे मोहन दिल दीवाना हो गया
ycvqpPFyQSU,Knowledge|PoojaKeSamay|Stuti,2,1,https://youtube.com/shorts/ycvqpPFyQSU?si=tJjnZm6QMTDBoMPY,708|895,गुरु वंदना | गुरु वंदना (गुरुर्ब्रह्मा..)
yeWPihxDQvA,Ramji|Strotam,1,1,https://youtu.be/yeWPihxDQvA?si=5TDCOox2vWBbCJzB,396,श्री राम सहस्रनाम स्तोत्र
yfYUZ6juevk,Health|LoveAndRelationship|Stuti|Success,3,1,https://youtu.be/yfYUZ6juevk?si=txXjqTklefjUdFv9,1014|1147|1212,महालक्ष्मी स्तुति | लक्ष्मी आरोग्य स्तुति | लक्ष्मी स्तुति
yqzr0_-2XbQ,GaneshJi|Katha,1,1,https://youtu.be/yqzr0_-2XbQ?si=KaaBH4Ke-TxOb1ih,211,श्री गणेश जन्म कथा
ytV08faCJwg,MahaShivratri|Mantra|Shivji,3,2,https://youtu.be/ytV08faCJwg?si=5OYB2QhpM3Jyjw28,8|1401|1402,रुद्र गायत्री मंत्र | शिव गायत्री मंत्र
yx_Koe1uOdI,Strotam|VishnuJi,1,1,https://youtu.be/yx_Koe1uOdI?si=AHlai-OftkIyeKnG,240,विष्णु भुजंग प्रयात स्तोत्र
yzwVyns93nc,Janmashtami|KrishnaJi|Mantra,2,1,https://youtu.be/yzwVyns93nc?si=UqzAJ3pjM1DUhsI7,525|1305,कृष्ण गायत्री
zKC17254flc,Strength|Strotam|VishnuJi,2,2,https://youtu.be/zKC17254flc?si=1RLal5iLIRaiuuMb,232|840,विष्णु सहस्रनाम | विष्णु सहस्रनाम स्तोत्रम्:
zM3ML2Exxlo,SoneSePehle,1,1,https://youtu.be/zM3ML2Exxlo?si=YJtOX3Gvds7hHr85,721,क्षमा याचना
zOtUr7eqq-Q,Mantra|Wealth,1,1,https://youtu.be/zOtUr7eqq-Q?si=6Xk-u7lMCxPw1Bef,933,धन प्रदा मंत्र
zUFVftjjHGo,Mantra|Ramji,1,1,https://youtu.be/zUFVftjjHGo?si=ooN4CxSSSJsBs-aP,391,आपदामपहर्तारं दातारं सर्वसंपदाम्। लोकाभिरामं श्रीरामं भूयो भूयो नमाम्यहम्॥
zUdp2fQJemw,Katha|Shivji,1,1,https://youtu.be/zUdp2fQJemw?si=jdzUfbtXHLEoG4OC,68,सम्पूर्ण गाथा नीलकंठ की
zdZ67AM47u8,Aarti|Diwali|Wealth,2,1,https://youtu.be/zdZ67AM47u8?si=Ff03RfC0f0Fll-oI,960|1273,ओम जय लक्ष्मी माता | लक्ष्मी जी की आरती
zfhnJkZbtB0,Bhajan|Shivji,1,1,https://youtu.be/zfhnJkZbtB0?si=J0cNKvR_xcs-AdL7,62,भोले भंडारी सबके ही भंडार भरे
zkUxRCOUWVo,Bhajan|MahaShivratri,1,1,https://youtu.be/zkUxRCOUWVo?si=iB21dUCzH49ADVXn,1429,भोले ओ भोले
zolakx_rOSQ,Shloka|Wealth,1,1,https://youtube.com/shorts/zolakx_rOSQ?si=Vp--jZEZzZ9vBkXI,971,यत्र योगेश्वरः कृष्णो यत्र पार्थो धनुर्धरः
ztcH7tkeLhs,Strotam|Wealth,1,1,https://youtu.be/ztcH7tkeLhs?si=C0V9hG-DwmGJeZjj,940,ऋण मोचन मंगल स्तोत्र
zukqadAe9N8,MahaShivratri|Peace|Strotam|Stuti,2,2,https://youtu.be/zukqadAe9N8?si=M1D-iNfUXiTaOKDm,761|1413,शिव मानस पूजा
