youtube_url,youtube_video_id,tags,occurrence_count,line_numbers,titles
https://www.youtube.com/live/IhBouQi3D9Q?si=jENRpKbSc3oDZxDg,IhBouQi3D9Q,Mantra|VishnuJi,1,223,ॐ ह्रीं कार्तवीर्यार्जुनो नाम राजा बाहु सहस्रवान। यस्य स्मरेण मात्रेण हृतं नष्टं च लभ्यते॥
https://www.youtube.com/live/WcwEhTTriss?si=Dh9sO1uTln8j1gZz,WcwEhTTriss,Knowledge|Shloka,1,911,सुभाषित
https://youtu.be/-1udu-1LpOo?si=pmbGDDSFyq5uJhX0,-1udu-1LpOo,Katha|Mantra|Peace|Ramji|Wealth,3,387|749|1489,राम मंत्र | विजय मंत्र | श्री राम जय राम जय जय राम
https://youtu.be/-2zGr9Q91DI?si=gMHKwO6c9ve5z6m4,-2zGr9Q91DI,GaneshJi|Katha,1,511,कौनसा श्राप मिला चंद्रदेव को श्री गणेशजी द्वारा ?
https://youtu.be/-AXtzS1ytAc?si=5FAkilAIp3wx-dXp,-AXtzS1ytAc,Katha|KrishnaJi,1,584,माखन चोरी लीला
https://youtu.be/-AbMZAESCQI?si=de-o6-JvfKhPqhZn,-AbMZAESCQI,Katha|Wealth,1,1041,रुक्मिणी हरण कथा
https://youtu.be/-F8zV3pMZA0?si=dvF2Hygp_GMOwI5C,-F8zV3pMZA0,DurjaJi|Stuti,1,630,शैलपुत्री स्तुति (नवदुर्गा की प्रथम स्तुति)
https://youtu.be/-FvHYW5-fYM?si=opkQTKdooyDA3-Yb,-FvHYW5-fYM,Katha|Wealth,1,1490,राम गायत्री मंत्र
https://youtu.be/-JYk923PASE?si=wruS-9FuWwzEb6X5,-JYk923PASE,Bhajan|VishnuJi,1,269,सारे जहाँ के मालिक तेरा ही आसरा है
https://youtu.be/-NqX8zOZ62w?si=DWcjvgR9t3KYkz-D,-NqX8zOZ62w,Mantra|Peace|Shloka|Wealth,3,739|1184|1265,सरस्वती मंत्र
https://youtu.be/-NqX8zOZ62w?si=Gama0RD6ZBaBqVBt,-NqX8zOZ62w,Knowledge,1,872,नवग्रह सरस्वती
https://youtu.be/-YVDlWff_5o?si=NnLptGoA8ty1GuGv,-YVDlWff_5o,Katha|Wealth,1,1492,शांति मंत्र
https://youtu.be/-YVDlWff_5o?si=gNU9ViaghJWwBl-E,-YVDlWff_5o,Mantra|Ramji,1,386,ॐ राम रामाय नमः
https://youtu.be/-ZrQZp2y3PQ?si=hCx7LtL3gBXFjUBg,-ZrQZp2y3PQ,GaneshJi|Stuti,1,184,सिद्धिविनायक स्तुति
https://youtu.be/-fUdc_XQ_r8?si=KKo6QkS23XZzJqmh,-fUdc_XQ_r8,Katha|KrishnaJi,1,587,द्रोपदी चीर हरण एक दर्दनाक सत्य कहानी
https://youtu.be/-mUoM-sSzkc?si=a3TP0d2Z_b5S-kCr,-mUoM-sSzkc,Chalisa|Shivji|Strength,2,36|846,शिव चालीसा
https://youtu.be/-pr1RUnmvyI?si=2PVjdNGq0NJo_38s,-pr1RUnmvyI,Strotam|Wealth,1,999,अर्धनारीश्वर स्तोत्र
https://youtu.be/-rKAOaS7Q3I?si=l89QDnB3pqc2rsJx,-rKAOaS7Q3I,Aarti|DurjaJi,1,634,"जय अम्बे गौरी, मैया जय श्यामा गौरी (सबसे प्रसिद्ध)"
https://youtu.be/-y4wvehWSOM?si=ZvRpcq948PJcGRIX,-y4wvehWSOM,Peace|Shloka,1,791,गीता (अध्याय 6)
https://youtu.be/01mE3zDTifE?si=SoXuQjej3MBXv8AX,01mE3zDTifE,DurjaJi|Mantra,1,603,दुर्गा गायत्री
https://youtu.be/03goUB9QgHw?si=HmTzxNfNMtTs68Vp,03goUB9QgHw,Peace|Stuti,1,780,अपराध क्षमापन स्तुति
https://youtu.be/081bLdQKX-Q?si=msq2vM1Qng2BQD9H,081bLdQKX-Q,Ashtakam|Shivji,1,40,श्री रुद्राष्टकम् (संक्षिप्त अंश - तुलसीदास रचित)
https://youtu.be/0J1aNK16sFM?si=CSef8Vdgn6PlSsmM,0J1aNK16sFM,Aarti|LakshmiJi,1,317,ॐ जय लक्ष्मी माता
https://youtu.be/0KRtx2CxXo8?si=ABjvz1r2s-Yy7cTA,0KRtx2CxXo8,Ashtakam|Strength,1,831,सुदर्शन अष्टकम
https://youtu.be/0RuobL60yXw?si=YucAR53psxKFia7Z,0RuobL60yXw,Mantra|Peace,1,745,सो-हम मंत्र
https://youtu.be/0VO5vBiYG6I?si=17_Cg59qnta9EBNI,0VO5vBiYG6I,Strotam|Wealth,1,1128,धन्वंतरि स्तोत्र
https://youtu.be/0grOjMCVG_w?si=Hnt_Ffu39XgFWHSn,0grOjMCVG_w,Katha|Wealth,1,1310,गोविंद मंत्र
https://youtu.be/0l0Kf_JdzGA?si=sub1fmI9QPj7Pvfy,0l0Kf_JdzGA,KrishnaJi|Stuti,1,546,बाल मुकुंद स्तुति
https://youtu.be/0pSbpQcCBNc?si=uR5GGoDtiu4sh4nB,0pSbpQcCBNc,KrishnaJi|Strotam,1,534,ब्रह्म संहिता
https://youtu.be/0rWQi2OWezo?si=B6lBpLuUPknXnb2D,0rWQi2OWezo,Katha|Wealth,2,1379|1510,मंगल भवन अमंगल हारी
https://youtu.be/0xcCWDE1x5c?si=VxRFyOl2j6ed7niq,0xcCWDE1x5c,Chalisa|Strength,1,853,कार्तिकेय चालीसा
https://youtu.be/1AOgbhmP0ig?si=41xOtRemY_fBbdT2,1AOgbhmP0ig,Shloka|VishnuJi,1,260,यदा यदा ही धर्मस्य
https://youtu.be/1AOgbhmP0ig?si=HztCRx46d8XXa16m,1AOgbhmP0ig,KrishnaJi|Shloka,1,564,यदा यदा ही धर्मस्य ग्लानिर्भवति भारत। अभ्युत्थानमधर्मस्य तदात्मानं सृजाम्यहम्॥
https://youtu.be/1B048qCYGJY?si=vGtXpybJT19itVNr,1B048qCYGJY,Stuti|Wealth,1,1085,किशोरी कुछ ऐसा इंतजाम
https://youtu.be/1_u-Koe8aog?si=JSm4ddAy1-X8oO5a,1_u-Koe8aog,Katha|Wealth,1,1512,सजा दो घर को गुलशन सा
https://youtu.be/1kskWmG_u5Q?si=NtjDNiRY45StpS88,1kskWmG_u5Q,Shloka|Stuti|Wealth,3,1016|1075|1189,दुर्गा मंत्र | दुर्गा स्तुति
https://youtu.be/1y2tRqtND1Y?si=Oc1VslQStdIS9Z13,1y2tRqtND1Y,KrishnaJi|Mantra,1,523,श्री कृष्णाय शरणं मम
https://youtu.be/1y2tRqtND1Y?si=j1s6RWWKKwE9EShB,1y2tRqtND1Y,Katha|Wealth,1,1309,शरण मंत्र
https://youtu.be/1y2tRqtND1Y?si=wVq_YTMXmSeZFrYr,1y2tRqtND1Y,Katha|Peace|Wealth,2,750|1063,कृष्ण शरणम
https://youtu.be/25jTq5q9xTg?si=vzbCaQs5brOhmYv9,25jTq5q9xTg,Peace,1,748,अहं ब्रह्मास्मि
https://youtu.be/280OQORjOWE?si=iEGVbkNeKDcS6Tma,280OQORjOWE,Knowledge|Stuti,1,901,गायत्री स्तुति
https://youtu.be/2GQ7t3b3PIM?si=LoDVda5DZZXnfd-B,2GQ7t3b3PIM,GaneshJi|Stuti,1,185,नमामि ते गजाननं
https://youtu.be/2GQ7t3b3PIM?si=bTYiyyrcuLZYyzxb,2GQ7t3b3PIM,GaneshJi|Stuti,1,482,श्री गणेश स्तुति
https://youtu.be/2XpXPwJYoQ8?si=_vr7sS1wOceTQRuV,2XpXPwJYoQ8,Bhajan|DurjaJi,1,653,नंगे नंगे पांव चला आ गया री मैया
https://youtu.be/2dv4rUhuBEg?si=uTSd8zAclqdT1YTC,2dv4rUhuBEg,SoneSePehle,1,718,हनुमान मंत्र
https://youtu.be/2hUQyXzKgOo?si=dvtDXcOirPxrEizn,2hUQyXzKgOo,Katha|Shivji,1,69,नंदी कैसे बने शिवजी के सवारी
https://youtu.be/2nGciKbBAMY?si=-h41UQYsN1Tn89Ox,2nGciKbBAMY,ShaniiDevJi|Stuti,1,358,शनि वंदना:
https://youtu.be/32TGOFRIVmE?si=LwFbGvQnd3VmykMC,32TGOFRIVmE,Strotam|Wealth,1,1134,सूर्य मंडल स्तोत्र
https://youtu.be/3AwodovEc0k?si=9W4WxeT0tqcjxqYF,3AwodovEc0k,DurjaJi|Stuti,1,627,दुर्गा क्षमा प्रार्थना:
https://youtu.be/3EnLaJKhO2A?si=7gCDpVLnLz5KZhbG,3EnLaJKhO2A,Chalisa|Stuti|Wealth,2,1159|1229,इतनी शक्ति हमें देना दाता
https://youtu.be/3H_zLywdgvE?si=eWQbQtfcA4zP25oc,3H_zLywdgvE,DurjaJi|Katha,1,667,वैष्णो देवी की कथा:
https://youtu.be/3HwifzYsSeA?si=3-gdKJEEngGEIV6f,3HwifzYsSeA,Katha|Wealth,1,1427,सत्यम शिवम सुंदरम
https://youtu.be/3Y1JGvieOBk?si=-Vziy6rODds0zN_H,3Y1JGvieOBk,Strotam|Wealth,1,937,कनकधारा स्तोत्र
https://youtu.be/3Y1JGvieOBk?si=wIIGJG8nmjPlyBfv,3Y1JGvieOBk,LakshmiJi|Strotam,1,297,कनकधारा स्तोत्र:
https://youtu.be/3_8Z1uqPWZ0?si=2Vlmkq5w0gw_xDCZ,3_8Z1uqPWZ0,Shivji|Strotam,1,29,वेदसार शिव स्तोत्रम्
https://youtu.be/3_QR2HxO3N4?si=Yits6lNC08jSD5UK,3_QR2HxO3N4,Katha|Wealth,1,1360,आरती कीजै रामलला की
https://youtu.be/3dmYdRgJsJ4?si=G1IqQRXpQdgix2Pr,3dmYdRgJsJ4,Strotam|VishnuJi,1,234,गजेन्द्र मोक्ष स्तोत्र:
https://youtu.be/3hNchYO61N0?si=6cEKmQN6_sHFHNOp,3hNchYO61N0,DurjaJi|Shloka,1,645,या देवी सर्वभूतेषु शक्तिरूपेण संस्थिता। नमस्तस्यै नमस्तस्यै नमस्तस्यै नमो नमः॥
https://youtu.be/3rJ4HVA9cII?si=euKFMGNZX2c0rt5p,3rJ4HVA9cII,Shivji|Strotam|Wealth,2,21|1202,शिव पंचाक्षर स्तोत्र | शिव पंचाक्षर स्तोत्रम्:
https://youtu.be/3ucCEjXS9n8?si=xmxtRMfp2MqjYvJP,3ucCEjXS9n8,Aarti|KrishnaJi,1,558,जय जगदीश हरे
https://youtu.be/3yczGKnskts?si=--z5nTrp4XW8mSRd,3yczGKnskts,Bhajan|VishnuJi,1,266,अच्युतम केशवम कृष्ण दामोदरम
https://youtu.be/3yczGKnskts?si=FvdBzJon0L1sUzSE,3yczGKnskts,Chalisa|Stuti|Wealth,4,1025|1081|1156|1236,अच्युतम केशवम
https://youtu.be/3yczGKnskts?si=kXnjK3iThd_asoFy,3yczGKnskts,Bhajan|Katha|KrishnaJi|Peace|Shloka|Wealth,5,570|753|1287|1312|1325,अच्युतम केशवम | अच्युतम केशवम कृष्ण दामोदरम
https://youtu.be/4-XRc7ofCkM?si=X27vyybJleAeslG2,4-XRc7ofCkM,Shloka|Wealth,1,988,विष्णु-लक्ष्मी मंत्र
https://youtu.be/4-XRc7ofCkM?si=bWMvUOXKrHoN6k3S,4-XRc7ofCkM,Mantra|Wealth,1,930,विष्णु लक्ष्मी मंत्र
https://youtu.be/45obOMbjQmA?si=rFwfcxRCwRVFAbRY,45obOMbjQmA,Mantra|Strength,1,816,गरुड़ शक्ति मंत्र
https://youtu.be/4CKpFcQdJXk?si=2OkdCoCBxDs78Tcv,4CKpFcQdJXk,DurjaJi|Strotam,1,614,महिषासुरमर्दिनी स्तोत्र
https://youtu.be/4CKpFcQdJXk?si=HP-4pCLpQdu_xZpV,4CKpFcQdJXk,Strength|Strotam,1,829,महिषासुर मर्दिनी
https://youtu.be/4PZzUru94JY?si=unI0BALTYhAIdzmS,4PZzUru94JY,HanumanJi|Shloka,1,121,बुद्धिर्बलं यशो धैर्यं निर्भयत्वमरोगता।
https://youtu.be/4VqeqbzJxbc?si=0n0edKyje9U0o6le,4VqeqbzJxbc,Katha|Wealth,1,1381,सुख के सब साथी
https://youtu.be/4lokTkaO9xs?si=C19AkxnlrW3NFtQ2,4lokTkaO9xs,Katha|Shivji,1,70,आखिर क्यों शिवपार्वती ने लिया था अर्धनारीश्वर रूप ?
https://youtu.be/4n1L6AQJe9w?si=hJNCIVTpZW79gT8h,4n1L6AQJe9w,Stuti|Wealth,1,1027,मीठे रस से भरयो री
https://youtu.be/5FU1Zb4oXc8?si=iLU2g9Q85rMkbpD_,5FU1Zb4oXc8,KrishnaJi|Stuti,1,548,श्री द्वारकाधीशजी की शयन स्तुति
https://youtu.be/5JMFiNOxejY?si=owu81CB4a7qNA6-m,5JMFiNOxejY,Bhajan|LakshmiJi,1,324,मेरे घर आओ मां लक्ष्मी
https://youtu.be/5arZWUzAQ2U?si=t1dIPuKyuZOw08Cb,5arZWUzAQ2U,Mantra|Shloka|Strength|Wealth,2,814|1188,कार्तिकेय मंत्र
https://youtu.be/5hPQUvaahhg?si=cqtLDH7VLQkac6QA,5hPQUvaahhg,DurjaJi|Strotam,1,608,कीलक स्तोत्रम
https://youtu.be/5hPQUvaahhg?si=pQia2507vSpSvByx,5hPQUvaahhg,Strength|Strotam,1,824,कीलक स्तोत्रम
https://youtu.be/5kYzdHgQ0Sc?si=0oKvROBFY-KkJgc3,5kYzdHgQ0Sc,Shloka|Wealth,1,987,गौरी-शंकर मंत्र
https://youtu.be/61EGpAy4Ids?si=N2hWEO1airA1nztA,61EGpAy4Ids,Stuti|Wealth,2,1024|1082,राधे राधे बरसाने वाली
https://youtu.be/62P8Q14nU0A?si=qD2LqxbE7pEEMdRw,62P8Q14nU0A,Strotam|Wealth,1,1005,उमा महेश्वर स्तोत्र
https://youtu.be/6BJR_j4FHz4?si=hRLU-bLSvuuKWHgs,6BJR_j4FHz4,Bhajan|Chalisa|Katha|Ramji|Stuti|Wealth,6,434|1087|1158|1230|1387|1518,राम नाम के हीरे मोती
https://youtu.be/6D1FdZczNXI?si=HhkiWFaq0I_CSFs-,6D1FdZczNXI,Katha|Wealth,1,1412,लिंगाष्टकम
https://youtu.be/6Jteav3K_NE?si=dZWllCjfv1QFeiWq,6Jteav3K_NE,Katha|Wealth,1,1511,भए प्रगट कृपाला दीनदयाला
https://youtu.be/6LO2PRgbutc?si=5jlVXHicQQJxmGEG,6LO2PRgbutc,Katha|Wealth,1,1318,बांके बिहारी की आरती
https://youtu.be/6LO2PRgbutc?si=vBmy2NmB3RzkWjbW,6LO2PRgbutc,Katha|Wealth,1,1517,रघुबर तेरी आरती गाऊं
https://youtu.be/6LO2PRgbutc?si=yww6-9PsBDlf4jy1,6LO2PRgbutc,Aarti|KrishnaJi,1,554,आरती श्री बांके बिहारी तेरी आरती गाऊं
https://youtu.be/6Ncyh3vwtQI?si=JS1uUNm_AsCNqZUZ,6Ncyh3vwtQI,Mantra|VishnuJi,1,229,ॐ अचुताय नमः
https://youtu.be/6PfjQNc3J8M?si=G20iarXyjqTOP0wI,6PfjQNc3J8M,GaneshJi|Katha,1,213,महाभारत कैसे लिखी गई ?
https://youtu.be/6YC07U56lEE?si=yMIUoQan-D0osO7O,6YC07U56lEE,Shloka|Stuti|Wealth,2,985|1076,कात्यायनी मंत्र | कात्यायनी स्तुति
https://youtu.be/6em96KXH2uY?si=3lnyN7ceeQdMOk9s,6em96KXH2uY,Aarti|KrishnaJi,1,557,आरती जुगल किशोर की
https://youtu.be/6fl5JFL-SoA?si=q5d9ZR9bNuB-cEot,6fl5JFL-SoA,Knowledge|Stuti,1,894,गणेश स्तुति (गजाननं भूत..)
https://youtu.be/6fl5JFL-SoA?si=uMzDR8I4B2c9dy8-,6fl5JFL-SoA,GaneshJi|Shloka,1,196,गजाननं भूतगणादिसेवितं कपित्थजम्बूफलचारुभक्षणम्। उमासुतं शोकविनाशकारकं नमामि विघ्नेश्वरपादपंकजम्॥
https://youtu.be/6w3wN89oLfo?si=heaJxtbjFicJCK7E,6w3wN89oLfo,KrishnaJi|Mantra,1,527,गोवल्लभाय स्वाहा
https://youtu.be/7AOJUIx9dLE?si=iiZJAYQrRCv1tpsQ,7AOJUIx9dLE,GaneshJi|Strotam,1,465,गणेश कवच
https://youtu.be/7MhfQOgWMyc?si=9-sfsnHXgLJw40qt,7MhfQOgWMyc,Bhajan|ShaniiDevJi,1,369,शनैश्वरा शनैश्वरा
https://youtu.be/7P7XuN_D2nQ?si=H9rP6H9jO-grHqXC,7P7XuN_D2nQ,Ashtakam|LakshmiJi,1,309,महालक्ष्म्यष्टकम्
https://youtu.be/7TMeGrAiYXg?si=trZ1yP_Ejvtw9smG,7TMeGrAiYXg,Aarti|DurjaJi,1,639,जय वैष्णव माता आरती
https://youtu.be/7VCiJ2N-1EA?si=Twq1UgJi0jETyqeg,7VCiJ2N-1EA,KrishnaJi|Stuti,1,547,राधा-कृष्ण युगल स्तुति
https://youtu.be/7_YKhtWKfX8?si=AWwS-7AgfKFaduT9,7_YKhtWKfX8,Katha|VishnuJi,1,280,गुरुवार व्रत कथा
https://youtu.be/7hpt3DFGsgk?si=45BB1NayOe2rS_lH,7hpt3DFGsgk,Ashtakam|DurjaJi,1,622,श्री दुर्गा अष्टकम्
https://youtu.be/7jwEnIwT_kk?si=Mm_qCEbi9iNrHK62,7jwEnIwT_kk,Katha|Wealth,1,1355,राम गायत्री मंत्र
https://youtu.be/7wsmGmotCIE?si=wo9dJcGTmbVuH9CG,7wsmGmotCIE,Strength|Strotam,1,838,महाकाली स्तोत्र
https://youtu.be/897iHQ6bPbU?si=yutaXaaJ0l7YzH9U,897iHQ6bPbU,Katha|Wealth,1,1392,महिषासुर मर्दन
https://youtu.be/8SdAQcExa0E?si=ts9zw3Z2pRUl_coi,8SdAQcExa0E,DurjaJi|Katha,1,665,माता सती और 51 शक्तिपीठ की कथा
https://youtu.be/8YDJARGajec?si=iem_4YeFPsUqCp1l,8YDJARGajec,Katha|Wealth,1,1038,राधा-कृष्ण प्रेम कथा
https://youtu.be/8jff2wz3Hpk?si=QNsZeRhwDjGRQ5Hs,8jff2wz3Hpk,Bhajan|GaneshJi,1,500,मौर्या रे बाप्पा मौर्या रे
https://youtu.be/8jff2wz3Hpk?si=QtQGpuxc7Mo_NdyC,8jff2wz3Hpk,Katha|Wealth,1,1476,मौर्य रे बाप्पा मौर्य रे
https://youtu.be/8l77GDrFq-k?si=9Z4rz10EH1DVrmgH,8l77GDrFq-k,Katha|ShaniiDevJi,1,378,शनिदेव और हनुमान जी की कथा |
https://youtu.be/8sYK7lm3UKg?si=KT8XY7gMP0pyZAwq,8sYK7lm3UKg,Peace,1,729,ओम चैंटिंग
https://youtu.be/8xvbnfVIJL4?si=_w4OfD0T9j_4Ro1r,8xvbnfVIJL4,Katha|Wealth,1,1411,शिव रुद्राष्टकम
https://youtu.be/8xvbnfVIJL4?si=nj45iNF3J8MaTlA_,8xvbnfVIJL4,Peace|Stuti,1,775,शिव रुद्राष्टकम स्तुति
https://youtu.be/90Jg2ZI_RLo?si=YIdpJ3jOCE_8ukk4,90Jg2ZI_RLo,Katha|Wealth,1,1541,श्री हनुमत् स्तवन
https://youtu.be/98tKisf10-I?si=f1PmcHWoeyC0xT7A,98tKisf10-I,DurjaJi|Stuti,1,628,देवी स्तुति:
https://youtu.be/9IqAtf_DTb8?si=7qKSbxov-_kWaUeO,9IqAtf_DTb8,Katha|Ramji|Strotam|Wealth,2,398|1503,नाम रामायणम्
https://youtu.be/9Y6wrYQ9l9M?si=ob2XoW3B-NceWETE,9Y6wrYQ9l9M,GaneshJi|Katha,1,509,संकष्टी चतुर्थी व्रत कथा
https://youtu.be/9kCXXD5q_pU?si=_RY68kIVPMHzXFvS,9kCXXD5q_pU,Shloka|Wealth,1,984,कामदेव गायत्री
https://youtu.be/9w9SVujBfxo?si=AtgSefqNs0QBxKeN,9w9SVujBfxo,Bhajan|DurjaJi,1,658,मैया तेरी जय जयकार
https://youtu.be/9wUtZFEmaLM?si=mnP_uX0SYbSi1G4F,9wUtZFEmaLM,Mantra|Wealth,1,932,व्यापार वृद्धि मंत्र
https://youtu.be/A4WW9ezwazc?si=8R3ZrJ_Yn27l_iQS,A4WW9ezwazc,Aarti|DurjaJi,1,641,भोर भई दिन चढ़ गया मेरी अम्बे
https://youtu.be/AB2sbXuL9kQ?si=MElc9dj-urTPQgvo,AB2sbXuL9kQ,Katha|KrishnaJi,1,582,कालिया नाग मर्दन
https://youtu.be/ABNYMP9z8qk?si=EkfBRWlZWFeDBGaz,ABNYMP9z8qk,Bhajan|VishnuJi,1,268,नमो नमो श्री नारायण जय बैकुण्ड बिहारी
https://youtu.be/AETFvQonfV8?si=YezmW2nYi76Eoi6Q,AETFvQonfV8,Chalisa|HanumanJi|Katha|Strength|Wealth,6,107|844|1221|1371|1504|1536,श्री हनुमान चालीसा | हनुमान चालीसा
https://youtu.be/APztwI6m1KI?si=6ZVQo_B3b2opJ6nP,APztwI6m1KI,Bhajan|DurjaJi,1,659,लली लली लाल चुनरिया
https://youtu.be/AQc1UVfxpY0?si=BYDIeeQL-JBS_CpL,AQc1UVfxpY0,Strength,1,839,कार्तिकेय कवच
https://youtu.be/AXDLxXIbxAs?si=61Ag66LJRXixtINz,AXDLxXIbxAs,HanumanJi|Shloka,1,123,हनुमान गायत्री
https://youtu.be/AXDLxXIbxAs?si=LRLn7ZBIQYzSWhry,AXDLxXIbxAs,HanumanJi|Mantra,1,80,हनुमान गायत्री मंत्र:
https://youtu.be/AafMDVg6W94?si=f4-0vp9yvV0pyLGk,AafMDVg6W94,Strength,1,834,नृसिंह कवच
https://youtu.be/Ab04UFqu-Qs?si=Y71l_1lC5QwtYyiq,Ab04UFqu-Qs,Katha|Wealth,1,1463,गणपति गकार स्तोत्र
https://youtu.be/AibLZNQcHq4?si=LjeojdU2vyn6oW8m,AibLZNQcHq4,GaneshJi|Mantra,1,456,ॐ विघ्ननाशनाय नमः
https://youtu.be/AjCLVm6gKQc?si=acKj8AiCXoLASvM8,AjCLVm6gKQc,HanumanJi|Strotam,1,96,श्री हनुमान तांडव स्तोत्र
https://youtu.be/AkCYiUsdArw?si=jLgaTztsiNDDIvg5,AkCYiUsdArw,KrishnaJi|Shloka,1,563,मूकं करोति वाचालं पंगुं लंघयते गिरिम्। यत्कृपा तमहं वन्दे परमानन्द माधवम्॥
https://youtu.be/ApZoQJ8UK_8?si=BGN6jaJOsMmfcwqb,ApZoQJ8UK_8,DurjaJi|Katha,1,668,रक्तबीज वध की कथा:
https://youtu.be/B2Mbb_uUC8E?si=9o3n9FgDqedN50LH,B2Mbb_uUC8E,Knowledge|Mantra|Shloka|Wealth,2,865|992,माँ सरस्वती मंत्र | सरस्वती बीज मंत्र
https://youtu.be/B2lrRky9eE4?si=nQgH9JmWN6iBVbGk,B2lrRky9eE4,Chalisa|Strength,1,855,बगलामुखी चालीसा
https://youtu.be/BBV0HQI3NB4?si=LjPC9hE-1m_fAsBa,BBV0HQI3NB4,Strotam|Wealth,2,1135|1201,नारायण कवच
https://youtu.be/BBV0HQI3NB4?si=hqwyrr6ZWl8nXuSc,BBV0HQI3NB4,Katha|Strength|Wealth,2,828|1064,नारायण कवच | नारायण मंत्र
https://youtu.be/BIK_VYd2RQw?si=XrxIX1rsAAm4V_V9,BIK_VYd2RQw,Stuti|Wealth,2,1141|1213,आदित्य स्तुति | सूर्य स्तुति
https://youtu.be/BL5lLnsLUrA?si=gbst_MpkoyNGs-vd,BL5lLnsLUrA,Katha|Wealth,1,1296,माता लक्ष्मी का अवतार
https://youtu.be/BL5lLnsLUrA?si=tKilMUx3mU_eIVe5,BL5lLnsLUrA,Katha|LakshmiJi,1,331,लक्ष्मी जी की अवतार कथा |
https://youtu.be/BLVWder8V9I?si=ZzhUqV7dwH-dI-sP,BLVWder8V9I,GaneshJi|Mantra,1,454,ॐ विकटाय नमः
https://youtu.be/BLn-f2DZN4Y?si=tdz0GGjNGQIWYzX4,BLn-f2DZN4Y,Mantra|Peace|VishnuJi,2,220|751,नारायण मंत्र | ॐ नमो नारायणाय
https://youtu.be/BMHSi1dzXzs?si=rn151FPk0nrcDwwa,BMHSi1dzXzs,Bhajan|GaneshJi,1,205,हे गौरी नंदन तुमको वन्दन
https://youtu.be/BYDOl5Sm-HE?si=80FQdV8AYyPkhQOY,BYDOl5Sm-HE,HanumanJi|Mantra,1,86,रुद्रावतार हनुमान मंत्र (मूल मंत्र:)
https://youtu.be/BhrCfQ0xyp8?si=Y8ihF6eLhRKE0QZ1,BhrCfQ0xyp8,Ashtakam|GaneshJi|Katha|Wealth,2,474|1461,गणेश अष्टकम
https://youtu.be/BhwOproElxU?si=hlOKkSda3B3Cka2O,BhwOproElxU,Aarti|Shivji,1,47,ॐ जय शिव ओंकारा
https://youtu.be/BjvVJOS7xPE?si=NtPLuZzAbGNbe6gO,BjvVJOS7xPE,HanumanJi|Strotam,1,101,श्री आञ्जनेय द्वादशनाम स्तोत्रम्
https://youtu.be/BmoR0Wdw62Y?si=XrxETRzByga49y4q,BmoR0Wdw62Y,DurjaJi|Mantra,1,602,सृष्टिस्थितिविनाशानां शक्तिभूते सनातनि। गुणाश्रये गुणमये नारायणि नमोऽस्तुते॥
https://youtu.be/BsEqI1NZA-E?si=BvvWKg3Y9kURK_Uu,BsEqI1NZA-E,Ashtakam|Strength,1,826,कालभैरव अष्टकम
https://youtu.be/BugLdlv5EpQ?si=8ecd3j02yZo22upS,BugLdlv5EpQ,Katha|Wealth,1,1543,एकमुखी हनुमत् कवच
https://youtu.be/BzPbfftJ8Ho?si=D5a89g51GA88L_N_,BzPbfftJ8Ho,Katha|Wealth,1,1544,पंचमुखी हनुमान कवच
https://youtu.be/BzPbfftJ8Ho?si=P8Ys7ZeqbXwkIgDP,BzPbfftJ8Ho,Strength,1,822,पंचमुखी हनुमान कवच
https://youtu.be/BzUBWzgXJnc?si=VOpDb7Yr370nkHUN,BzUBWzgXJnc,Ramji|Shloka,1,422,लोकाभिरामं रणरंगधीरं राजीवनेत्रं रघुवंशनाथम्। कारुण्यरूपं करुणाकरं तं श्रीरामचन्द्रं शरणं प्रपद्ये॥
https://youtu.be/C9EespXQCGE?si=IyEpmHHsEOLzOuXF,C9EespXQCGE,Chalisa|Stuti|Wealth,3,1092|1155|1233,मेरा आपकी कृपा से
https://youtu.be/CA8RcKyO0Y4?si=lQGTY9Ov96Uhu8JI,CA8RcKyO0Y4,Katha|Mantra|Ramji|Wealth,3,385|1349|1488,राम मूल मंत्र | विजय मंत्र | ॐ रामाय नमः
https://youtu.be/CAc9h7oTjrM?si=VVFbSow3YEgGraj0,CAc9h7oTjrM,PoojaKeSamay,1,709,अर्पण मंत्र
https://youtu.be/CAc9h7oTjrM?si=oeZgKcwyJsEpKqOo,CAc9h7oTjrM,Shloka|VishnuJi,1,261,कायेन वाचा
https://youtu.be/CIl1O1GwOfk?si=0PLRHfGike1eIJPN,CIl1O1GwOfk,HanumanJi|Katha|Shloka|Stuti|Wealth,4,129|1140|1210|1531,"अतुलित बल मंत्र | अतुलितबलधामं हेमशैलाभदेहं, अनुजवनकृशानुं ज्ञानिनामग्रगण्यम्। सकलगुणनिधानं वानराणामधीशं, रघुपतिप्रियभक्तं वातजातं नमामि। | हनुमान स्तुति"
https://youtu.be/CIl1O1GwOfk?si=S3QRakW4DlnGi8eb,CIl1O1GwOfk,Stuti|Wealth,1,1074,हनुमान स्तुति
https://youtu.be/CIl1O1GwOfk?si=l5pF_ixmqVuHcdOn,CIl1O1GwOfk,HanumanJi|Stuti,1,114,"अतुलितबलधामं हेमशैलाभदेहं,"
https://youtu.be/CY0le0A1spY?si=FnNo2p4vCGM_2sQi,CY0le0A1spY,BhojanSePehle,1,695,ब्रह्मार्पण मंत्र
https://youtu.be/Cn_MBUfZSQo?si=RyVPFTFe6tGrNzAX,Cn_MBUfZSQo,DurjaJi|Strotam,1,606,दुर्गा सप्तशती:
https://youtu.be/D46fCp06EfE?si=5_BNw_uMCsqb0prg,D46fCp06EfE,Mantra|Peace,1,740,हनुमान मंत्र
https://youtu.be/DCkMeVhmiC4?si=jcdhcguIvw6rcsQE,DCkMeVhmiC4,Katha|KrishnaJi,1,581,श्री कृष्ण जन्म कथा:
https://youtu.be/DCkMeVhmiC4?si=yxxvmUMREHx5iv2a,DCkMeVhmiC4,Katha|Wealth,1,1337,श्री कृष्ण का जन्म
https://youtu.be/DF8jiXHJlRA?si=LwvO4OoiAxaNRpDV,DF8jiXHJlRA,Katha|Ramji,1,442,भरत राम मिलाप - कथा
https://youtu.be/DZkdEN1cf8o?si=AtgM9TK_H5Acd7yX,DZkdEN1cf8o,Katha|Wealth,1,1465,लम्बोदर स्तोत्र
https://youtu.be/DdnIrdIyXPk?si=J0UsLQg_mLhBHqx8,DdnIrdIyXPk,KrishnaJi|Shloka,1,562,वसुदेवसुतं देवं कंसचाणूरमर्दनम्। देवकीपरमानन्दं कृष्णं वन्दे जगद्गुरुम्॥
https://youtu.be/DkoN-b0YrAs?si=7Oa0wGZzVspJfpt9,DkoN-b0YrAs,SoneSePehle,1,719,रक्षा मंत्र
https://youtu.be/Dlu4KGrnmZg?si=uNHWa9x_7eYIABar,Dlu4KGrnmZg,Bhajan|HanumanJi,1,137,वीर हनुमाना अति बलवाना
https://youtu.be/DwFMQONuLhE?si=uBOqcwcFYUeGy5XH,DwFMQONuLhE,Shloka|Wealth,1,1122,नारायण कवच अंश
https://youtu.be/EFbGj-F1vpA?si=FXDu5q3EIA-7EOXe,EFbGj-F1vpA,Strotam|Wealth,1,947,शुभ-लाभ स्तोत्र
https://youtu.be/EJufdp0WS0Q?si=fLbrGiYjPfMbjZp1,EJufdp0WS0Q,Chalisa|KrishnaJi,1,539,कृष्णा चालीसा
https://youtu.be/EMO1AT1UQf0?si=MkZfeLJzerN3VqU3,EMO1AT1UQf0,Katha|Wealth,1,1316,आरती कुंज बिहारी की
https://youtu.be/EMO1AT1UQf0?si=YEPhm4K955xBp6RB,EMO1AT1UQf0,Aarti|KrishnaJi,1,552,आरती कुंजबिहारी की
https://youtu.be/EMeSTcffrEI?si=Le3PQ2ZAfKVecpc4,EMeSTcffrEI,Strength|Strotam,1,821,राम रक्षा स्तोत्र
https://youtu.be/EWCkUAY-0OU?si=rSwJp2NDWgWtLUZB,EWCkUAY-0OU,Strotam|Wealth,1,1133,हनुमान बाहुक
https://youtu.be/Eadz0b0AK4M?si=PDjr0UDP8HdWcMPs,Eadz0b0AK4M,Aarti|KrishnaJi,1,559,द्वारकाधीश आरती
https://youtu.be/EeGBRq880uU?si=5C-5VPQu7MQKBmTM,EeGBRq880uU,PoojaKeSamay,1,710,आचमन मंत्र
https://youtu.be/EiBdfBciDA0?si=nmwSs611cJ-RuV8D,EiBdfBciDA0,Shloka|Wealth,1,1282,श्री राम चंद्र कृपालु भजु मन
https://youtu.be/EkAUXHqqaLk?si=b2ZaLaeUWX9IOTP5,EkAUXHqqaLk,Strotam|Wealth,1,1002,लक्ष्मी नारायण स्तोत्र
https://youtu.be/EkAUXHqqaLk?si=c4jgf8zmawRwmVRl,EkAUXHqqaLk,Strotam|VishnuJi,1,235,लक्ष्मी नारायण स्तोत्र
https://youtu.be/EnbppB9t2Lg?si=53RDlB0vlkr02pCQ,EnbppB9t2Lg,Aarti|GaneshJi,1,487,"सुख करता दुखहर्ता, वार्ता विघ्नाची नूर्वी पूर्वी प्रेम कृपा जयाची"
https://youtu.be/EvfGBluQkSk?si=6DRbdUZBZsWzEX86,EvfGBluQkSk,Ashtakam|Ramji,1,406,श्री राम अष्टकम
https://youtu.be/EvfGBluQkSk?si=7z6NrixCl74aIvH_,EvfGBluQkSk,Ashtakam|Katha|Peace|Wealth,3,766|1373|1502,राम अष्टकम
https://youtu.be/EvzntcbyjFU?si=hm8jdvkNsk7IYzFJ,EvzntcbyjFU,Katha|Shloka|Wealth,2,1290|1372,विष्णु सहस्रनाम
https://youtu.be/EwTppFPdFV4?si=ER3GE0FWkeR8dZXB,EwTppFPdFV4,Knowledge|Strotam,1,888,मेधा सूक्त स्तोत्र
https://youtu.be/FCbDRLU0Myo?si=IoI0iDvLF12CGPQt,FCbDRLU0Myo,DurjaJi|Stuti,1,629,ब्रह्माकृत देवी स्तुति
https://youtu.be/FEQubnAZXNg?si=wgGHeAtzk-LuOioV,FEQubnAZXNg,Katha|Wealth,1,1530,राम-दूत मंत्र
https://youtu.be/FOzo1SxVxAg?si=dVlzuPfVGyDEcJtC,FOzo1SxVxAg,Shloka|Wealth,1,1114,सूर्य आरोग्य मंत्र
https://youtu.be/FUpzgvsWkL8?si=IR8jegQlpVL8NtTl,FUpzgvsWkL8,Shloka|Wealth,1,1168,हनुमान स्वास्थ्य
https://youtu.be/FUpzgvsWkL8?si=XDpQmK9jpt227gC0,FUpzgvsWkL8,HanumanJi|Katha|Mantra|Wealth,2,88|1529,प्रमुख मंत्र: | स्वास्थ्य मंत्र
https://youtu.be/FUpzgvsWkL8?si=qjtBffQzDjZu3rmc,FUpzgvsWkL8,Shloka|Wealth,1,1117,हनुमान स्वास्थ्य मंत्र
https://youtu.be/FVdX-ZhTR4w?si=4dtkjJ7jPjADBS8i,FVdX-ZhTR4w,Aarti|Ramji,1,415,आरती श्री रामायण जी की
https://youtu.be/FkDW6dXWO28?si=-CWnd9BTactQtoaP,FkDW6dXWO28,Knowledge|Shloka,1,908,विद्या श्लोक
https://youtu.be/GHBynIok2Lo?si=uHYmAAtpv22yQ64n,GHBynIok2Lo,DurjaJi|Mantra|Strength,2,597|808,दुर्गा दुःस्वप्न निवारण | ॐ ह्रीं दुं दुर्गायै नमः
https://youtu.be/GM-1L-Hglnw?si=_teScPV7tR8KzYXg,GM-1L-Hglnw,DurjaJi|Katha,1,662,महिषासुर वध की कथा:
https://youtu.be/GiUkwTxsaYA?si=cScu8MSnQaP0GaX3,GiUkwTxsaYA,Katha|Wealth,1,1481,गणपति बप्पा मोरया (Title)
https://youtu.be/GiUkwTxsaYA?si=tAnNkeZ1LrxBim0v,GiUkwTxsaYA,Bhajan|GaneshJi,1,504,"मेरे मन मंदिर में तुम भगवान रहे,"
https://youtu.be/Gtfufkz68KM?si=exIeaIdkt21gExXk,Gtfufkz68KM,Bhajan|Ramji,1,429,रघुपति राघव राजा राम
https://youtu.be/H2r9M66CQPk?si=VK7SngiMM1nMQ2hZ,H2r9M66CQPk,Bhajan|LakshmiJi,1,326,घर में पधारो लक्ष्मी मैया
https://youtu.be/HH_a6aRO1TE?si=k0J6WxtRY4t4yhi1,HH_a6aRO1TE,Ashtakam|Strength|Strotam|Wealth,2,836|1203,हनुमान अष्टक | हनुमान अष्टकम
https://youtu.be/HH_a6aRO1TE?si=kxNH5n_ZR6TlNb72,HH_a6aRO1TE,Katha|Wealth,1,1538,संकट मोचन हनुमानाष्टक
https://youtu.be/HH_a6aRO1TE?si=oQ72oac9OI-c9FEL,HH_a6aRO1TE,Ashtakam|HanumanJi,1,111,संकटमोचन हनुमान अष्टक
https://youtu.be/HH_a6aRO1TE?si=rTY4-xxT-cJfpz4W,HH_a6aRO1TE,Bhajan|HanumanJi,1,135,संकट मोचन नाम तिहारो
https://youtu.be/HHtMKIeMBAk?si=eUWok9Kg2Onxu6Il,HHtMKIeMBAk,Katha|Wealth,1,1437,शिव पार्वती विवाह की संपूर्ण कथा
https://youtu.be/HPHadXO2MGY?si=iKiM45I8JobFPtp2,HPHadXO2MGY,Knowledge|Shloka,1,915,सुभाषित 2
https://youtu.be/HSmjdnH8gQs?si=o6UWgxSp3h1GflBN,HSmjdnH8gQs,Chalisa|Wealth,1,1238,जय हनुमान ज्ञान गुन सागर
https://youtu.be/HaRSDKZPQ3I?si=H1izhPc-mXQi_vT1,HaRSDKZPQ3I,LakshmiJi|Strotam,1,301,सर्वदेव कृत लक्ष्मी स्तोत्र
https://youtu.be/HblVEP-ecEo?si=XaU9U-v4WoR7-NDE,HblVEP-ecEo,Knowledge|Peace|Stuti,2,777|896,शिव मानस स्तुति
https://youtu.be/Hcljk3ygbVc?si=oQ__JrPUy6l5dJrn,Hcljk3ygbVc,Ramji|Shloka,1,421,रामाय रामभद्राय रामचन्द्राय वेधसे। रघुनाथाय नाथाय सीतायाः पतये नमः॥
https://youtu.be/HdFD5S7pdtw?si=LGbLbPv5GY_tE3Ab,HdFD5S7pdtw,Shivji|Shloka,1,54,ध्यान श्लोक (पूजा हेतु)
https://youtu.be/HeqiNrjiCfk?si=EyUBWgbK16-rLLp0,HeqiNrjiCfk,Shloka|Wealth,2,931|1264,महालक्ष्मी गायत्री | लक्ष्मी गायत्री
https://youtu.be/HeqiNrjiCfk?si=euAnm4LHlwCrPpSH,HeqiNrjiCfk,LakshmiJi|Mantra,1,288,लक्ष्मी गायत्री मंत्र
https://youtu.be/HhLUl36i2gs?si=Qbhw_Rvjr7barqml,HhLUl36i2gs,Katha|VishnuJi,1,276,नरसिंह अवतार और प्रह्लाद की कथा
https://youtu.be/Hi1sTa68g7o?si=RZw4weog997o8jQH,Hi1sTa68g7o,Chalisa|Strength,1,849,नृसिंह चालीसा
https://youtu.be/HkdHyXjagiU?si=4GOKIUcqQY6_aHZB,HkdHyXjagiU,LakshmiJi|Mantra,1,290,ॐ धनाय नमो नमः
https://youtu.be/I8nSdrQiSTM?si=oMwUWlaloJ60zBpr,I8nSdrQiSTM,Stuti|Wealth,1,1034,हरि बिन कोई न तेरा
https://youtu.be/IHyTxAR51Ow?si=s3YaBX3DMcnlWt3a,IHyTxAR51Ow,Bhajan|DurjaJi,1,655,मैया का चोला है रंगला
https://youtu.be/IJfsaSWM7vg?si=dEF6K1qP5r5Mh6vZ,IJfsaSWM7vg,HanumanJi|Katha,1,142,भगवान श्री राम और हनुमान जी का प्रथम मिलाप
https://youtu.be/IKGvPex_NQM?si=1DrV4jmYl-n-B0rm,IKGvPex_NQM,Mantra|Wealth,1,925,कुबेर मंत्र
https://youtu.be/IKGvPex_NQM?si=wE8sis6qTbHLMdVg,IKGvPex_NQM,Shloka|Wealth,1,973,यक्षाय कुबेराय वैश्रवणाय धनधान्याधिपतये
https://youtu.be/IKGvPex_NQM?si=xMEMFFJwC-anq-r8,IKGvPex_NQM,Shloka|Wealth,1,1190,कुबेर मंत्र
https://youtu.be/IMtvmQr5o5I?si=l3Ya9JbkB2GCi9RB,IMtvmQr5o5I,GaneshJi|Stuti,1,477,श्री गणेश पञ्चरत्न
https://youtu.be/ISURgmavEAc?si=Ytk5EqWInYj2tffi,ISURgmavEAc,Aarti|Wealth,1,962,माँ अन्नपूर्णा आरती
https://youtu.be/IfpaqbjwW6Y?si=0Q_-WTElzyLcpNwT,IfpaqbjwW6Y,HanumanJi|Katha,1,140,हनुमान जन्म कथा
https://youtu.be/Ik_zhFLWVA0?si=VDJeXDG4eTL8qrcf,Ik_zhFLWVA0,Katha|Wealth,1,1047,तुलसी-शालिग्राम
https://youtu.be/Ik_zhFLWVA0?si=cC6xuVXf48XoS0dP,Ik_zhFLWVA0,Katha|VishnuJi,1,279,शालिग्राम बनने की कथा
https://youtu.be/Im5TK-glA9M?si=9nkexVkWvXGF3cUA,Im5TK-glA9M,Peace|Stuti|Wealth,5,776|1017|1072|1145|1215,नारायण स्तुति
https://youtu.be/Im5TK-glA9M?si=HrtM-508EyU_APJO,Im5TK-glA9M,Mantra|VishnuJi,1,227,शान्ताकारं भुजगशयनं पद्मनाभं सुरेशं
https://youtu.be/J5cllhBiAV0?si=eZFJ95kTQoYeJ4UH,J5cllhBiAV0,Aarti|Ramji,1,413,श्री रामचंद्र जी की आरती:
https://youtu.be/JCU2B7718PY?si=YHivudgRSSDMI3uY,JCU2B7718PY,Katha|VishnuJi,1,273,सत्यनारायण व्रत कथा:
https://youtu.be/JGi64RoqZ9g?si=LzuKJAoqe1TsPcav,JGi64RoqZ9g,HanumanJi|Katha,1,143,हनुमान जनम कथा
https://youtu.be/JGi64RoqZ9g?si=rwucrFkEivitDdFo,JGi64RoqZ9g,Katha|Wealth,1,1558,हनुमान जन्म कथा
https://youtu.be/JIazMEU8_mA?si=RL-ZsSegD_ZJq3ni,JIazMEU8_mA,GaneshJi|Katha,1,513,"जानिये कैसे जन्म हुआ देवी रिद्धि-सिद्धि का, कैसे हुआ श्री गणेश से विवाह"
https://youtu.be/JSVctoNlPKs?si=W7kvcuUvTsv_KM5A,JSVctoNlPKs,Peace|Shloka|VishnuJi,2,263|752,त्वमेव माता च पिता त्वमेव
https://youtu.be/JfXPpBVPkcU?si=fMvP8aJMsyMYOHU3,JfXPpBVPkcU,Shivji|Stuti,1,43,शिव स्तुति
https://youtu.be/K3oE-h8Lgxk?si=H2NeiSvZDFyeitvU,K3oE-h8Lgxk,KrishnaJi|Strotam,1,533,श्री कृष्ण अष्टोत्तर शतनाम स्तोत्र (108 नाम)
https://youtu.be/KHQGmOCP7hQ?si=L4kZDdZJP8wnbERN,KHQGmOCP7hQ,Ashtakam|DurjaJi,1,624,भवानी अष्टकम
https://youtu.be/KI03fvJNUTk?si=D9xeAlbhH0zw2l0M,KI03fvJNUTk,GaneshJi|Shloka,1,495,सुमुखश्चैकदन्तश्च कपिलो गजकर्णकः ।लम्बोदरश्च विकटो विघ्ननाशो विनायकः ॥
https://youtu.be/KP_dAI4k1Dg?si=ssSVFPUldb97cxGY,KP_dAI4k1Dg,Bhajan|GaneshJi,1,206,गजानन कर दो बेड़ा पार
https://youtu.be/Kdz0DzHoh_c?si=c_D5ejrJH2mP4nDv,Kdz0DzHoh_c,GaneshJi|Mantra,1,453,ॐ लम्बोदराय नमः
https://youtu.be/L1thhiT_Hq0?si=p77WkcVu8MRuE5Mk,L1thhiT_Hq0,Katha|Wealth,1,1350,अपराजिता मंत्र
https://youtu.be/LG28JZIvNsc?si=aHLn3k0UYaxwBxWH,LG28JZIvNsc,Shloka|VishnuJi,1,259,नमोऽस्त्वनन्ताय
https://youtu.be/LJ2zEAAVQ3A?si=inoRE1raZrjW1xQH,LJ2zEAAVQ3A,Katha|Wealth,1,1042,नल-दमयंती कथा
https://youtu.be/LNrQLgfTGJA?si=Ny6Y5AKVVghnbuXG,LNrQLgfTGJA,Knowledge|Peace|Strotam,2,765|884,दक्षिणमूर्ति स्तोत्र | दक्षिणमूर्ति स्तोत्रम
https://youtu.be/LP86cJl-NGg?si=A2Y5o-h90odc3XN9,LP86cJl-NGg,Katha|Wealth,1,1528,सुरक्षा मंत्र
https://youtu.be/LUzsbfl93Q4?si=JYCRHHaA6P3eVuyU,LUzsbfl93Q4,DurjaJi|Katha,1,669,माता पार्वती का कठिन तप और शिव से विवाह
https://youtu.be/LhByftvSUow?si=Tnq0jdsaK_eHfMPv,LhByftvSUow,Knowledge|Shloka,1,914,चाणक्य नीति 2
https://youtu.be/Lhb-kwZNjhw?si=GpSsGq599D-WIcwS,Lhb-kwZNjhw,Knowledge|Mantra,1,869,गुरु मंत्र
https://youtu.be/LoGSKVXB2Ls?si=2Su-HweMiKrZ9_Fb,LoGSKVXB2Ls,Strotam|Wealth,1,1000,जानकी स्तोत्र
https://youtu.be/LuWevgdKr9Q?si=HhnO6BMkATAi6ph8,LuWevgdKr9Q,Shloka|Wealth,1,986,पत्नी प्राप्ति मंत्र
https://youtu.be/Ly_Md1OOyTE?si=nCT-_G7dkRiPuF7QQ,Ly_Md1OOyTE,Mantra|Shivji,1,9,शिव स्तुति मंत्र
https://youtu.be/Ly_Md1OOyTE?si=ni-k1rrLMF2suMfD,Ly_Md1OOyTE,Katha|Shloka|Wealth,2,989|1406,कार्य सिद्धि मंत्र | शिव शक्ति मंत्र
https://youtu.be/M0E506vc8r0?si=JsUayaaeFsxPeJfO,M0E506vc8r0,Bhajan|DurjaJi,1,657,प्यारा सजा है तेरा द्वार भवानी
https://youtu.be/MJ14wONWjWg?si=DEpgPZC7NuC6rPgX,MJ14wONWjWg,Chalisa|ShaniiDevJi|Strength,2,351|850,शनि चालीसा
https://youtu.be/MJwg2dRnBeQ?si=fQFON7tpoz66jfCP,MJwg2dRnBeQ,Shloka|Wealth,1,1116,रोग नाशक मंत्र
https://youtu.be/MJwg2dRnBeQ?si=tgA7oiR_v6rXAlZV,MJwg2dRnBeQ,Shloka|Wealth,1,1171,रोग निवारण
https://youtu.be/MMVH6vPr2mo?si=jIy2ahvcXaIKa1xJ,MMVH6vPr2mo,LakshmiJi|Stuti,1,312,महा लक्ष्मी स्तुति
https://youtu.be/MPCopbetzis?si=13kpUoLdLfBEG4Ba,MPCopbetzis,Katha|Wealth,1,1044,सत्यभामा-कृष्ण कथा
https://youtu.be/MSx6PEo6egQ?si=M3Ja4Dll3sYeFwXf,MSx6PEo6egQ,GaneshJi|Katha,1,512,महाभारत का लेखन किसने किया था
https://youtu.be/MoJw2s6q4P0?si=R2XibwgmtcN1lazL,MoJw2s6q4P0,Chalisa|Katha|Ramji|Strength|Wealth,3,403|851|1505,राम चालीसा | श्री राम चालीसा
https://youtu.be/MsuWbBoSwX8?si=IFfR6QCJJe2EqkWh,MsuWbBoSwX8,DurjaJi|Katha,1,666,नवदुर्गा के 9 रूपों की कथा:
https://youtu.be/MtbVsknZP-A?si=EpGnCXoRWCCtKUhi,MtbVsknZP-A,Katha|Ramji,1,444,विजयादशमी - राम रावण अंतिम युद्ध की सम्पूर्ण कथा |
https://youtu.be/MtbVsknZP-A?si=uMbJViu_PvND-iuY,MtbVsknZP-A,Katha|Wealth,1,1391,रावण वध
https://youtu.be/MuVrsDfgwI0?si=TpM7uKaIrn00Acbk,MuVrsDfgwI0,Mantra|VishnuJi,1,221,श्रीमन नारायण नारायण हरी हरी
https://youtu.be/MuVrsDfgwI0?si=ttg63rMJqtDATiJg,MuVrsDfgwI0,Bhajan|VishnuJi,1,267,श्रीमन नारायण नारायण हरी हरी
https://youtu.be/MwqOns-5qN0?si=t1dRusMdyzjIqXAz,MwqOns-5qN0,Stuti|Wealth,1,1153,नाम है तेरा तारणहारा
https://youtu.be/My9aRwekYGk?si=jbP4Jiv89W7Ij-D7,My9aRwekYGk,Katha|Shivji,1,72,12 ज्योतिर्लिंग की कथाएँ क्या है?
https://youtu.be/N1tQ2zK4aYk?si=DZOejLlpJrA5r6aD,N1tQ2zK4aYk,GaneshJi|Shloka,1,494,अगजानन पद्मार्कं गजानन अहर्निशम् ।अनेकदन्तं भक्तानां एकदन्त उपास्महे ॥
https://youtu.be/NE3SWh9_vR4?si=oJOVnsbkOB7Qxw5b,NE3SWh9_vR4,Aarti|Katha|Shloka|VishnuJi|Wealth,4,256|1275|1319|1363,ओम जय जगदीश हरे
https://youtu.be/NE3SWh9_vR4?si=z8FGFGAzZeFHBd2I,NE3SWh9_vR4,Stuti|Wealth,2,1146|1217,विष्णु स्तुति
https://youtu.be/NM9pHX6dqDc?si=yD0O5B6BDILeMxT8,NM9pHX6dqDc,Stuti|Wealth,1,1031,श्याम तेरी बंसी
https://youtu.be/NShJA3v8maI?si=iLTtoEvIsqk36avk,NShJA3v8maI,Chalisa|Strength,1,854,बगलामुखी चालीसा
https://youtu.be/NYakpChmUb0?si=JIAUkjQRaibfhJsE,NYakpChmUb0,Ramji|Strotam,1,394,श्री राम रक्षा स्तोत्र:
https://youtu.be/Naruxgq6oMU?si=FcMrbfkDJoW6MNjX,Naruxgq6oMU,GaneshJi|Knowledge|Mantra|Peace,3,151|754|868,गणेश बीज | गणेश विद्या मंत्र | मूल बीज मंत्र
https://youtu.be/Naruxgq6oMU?si=xqSFGrw15ZFcqKY-,Naruxgq6oMU,GaneshJi|Katha|Mantra|Peace|Shloka|Wealth,6,450|735|1058|1181|1266|1446,गणेश मंत्र | गणेश मूल मंत्र | बीज मंत्र
https://youtu.be/Njc1Hu6WPDU?si=2e_xq2AoGxLJomUg,Njc1Hu6WPDU,Peace|Stuti|Wealth,5,778|1018|1073|1148|1211,सरस्वती स्तुति
https://youtu.be/NoX2I_mdzA8?si=83tsDkr6saVzcOu3,NoX2I_mdzA8,Aarti|KrishnaJi,1,553,ॐ जय श्री कृष्ण हरे
https://youtu.be/Nod_i0EKVRw?si=dnGltyIGNaTvUMWF,Nod_i0EKVRw,Stuti|Wealth,3,1070|1139|1214,शिव आरोग्य स्तुति | शिव स्तुति
https://youtu.be/NqVQbkZNb3k?si=up8I1tLPXOTVEQFt,NqVQbkZNb3k,ShaniiDevJi|Strotam,1,346,दशरथकृत शनि स्तोत्र
https://youtu.be/O0dGIsqbMsw?si=YMDdBnbEnw14QNiR,O0dGIsqbMsw,DurjaJi|Shloka,1,648,शरणागतदीनार्तपरित्राणपरायणे। सर्वस्यार्तिहरे देवि नारायणि नमोऽस्तु ते॥
https://youtu.be/O0dGIsqbMsw?si=shotKSeK8r1k9C7N,O0dGIsqbMsw,DurjaJi|Mantra,1,600,शरणागत दीनार्त परित्राण परायणे। सर्वस्यार्तिहरे देवि नारायणि नमोऽस्तुते॥
https://youtu.be/OC7LQxuhQUU?si=Dk4q0uGOrbCSfm7I,OC7LQxuhQUU,LakshmiJi|Shloka|Strotam|Wealth,4,295|938|1262|1281,श्री सूक्तम | श्री सूक्तम:
https://youtu.be/OKRVaXU01kI?si=3YMdFbLtHjcGJ4sE,OKRVaXU01kI,DurjaJi|Mantra,1,599,सौभाग्य प्राप्ति हेतु
https://youtu.be/OKRVaXU01kI?si=JiW7DxUS6igTBq2G,OKRVaXU01kI,Shloka|Wealth,1,1119,दुर्गा आरोग्य मंत्र
https://youtu.be/OKRVaXU01kI?si=_uw6ukhpng-Bgeg6,OKRVaXU01kI,DurjaJi|Shloka,1,647,देहि सौभाग्यमारोग्यं देहि मे परमं सुखम्। रूपं देहि जयं देहि यशो देहि द्विषो जहि॥
https://youtu.be/OKRVaXU01kI?si=iCg0c1WVrhyIyDez,OKRVaXU01kI,Shloka|Wealth,1,1165,आरोग्य श्लोक
https://youtu.be/OLWnCrUl6yA?si=yTdHh02DhHtKHuLe,OLWnCrUl6yA,Katha|Wealth,1,1308,क्लेश नाशक मंत्र
https://youtu.be/OOS-Pcovi-4?si=SyvUORCDLtjdVH2F,OOS-Pcovi-4,Katha|Wealth,1,1532,बुद्धि प्रदायक मंत्र
https://youtu.be/OOS-Pcovi-4?si=vJZVLePUjRe5jde6,OOS-Pcovi-4,Knowledge|Stuti,1,897,हनुमान बुद्धि स्तुति
https://youtu.be/OV9LXGOXjgs?si=0izGm1eYkmBS0343,OV9LXGOXjgs,Katha|Mantra|Peace|Shivji|Shloka|Strength|Wealth,7,6|732|812|1056|1113|1167|1400,महामृत्युंजय | महामृत्युंजय मंत्र
https://youtu.be/OV9LXGOXjgs?si=9xpVAx95c3g2zoh6,OV9LXGOXjgs,Katha|Wealth,1,1419,महामृत्युंजय स्तोत्र
https://youtu.be/OVWlwCHMr-I?si=NYeN8K3tAw9sLKXY,OVWlwCHMr-I,Strotam|Wealth,1,1127,वैद्यनाथ स्तोत्र
https://youtu.be/OhF0O9nb5t8?si=FNJNYprwyEwqcGsC,OhF0O9nb5t8,HanumanJi|Mantra,1,87,आंजनेय मंत्र
https://youtu.be/OruIDUg1jgE?si=pnWArCGpZsJFDKiE,OruIDUg1jgE,Chalisa|Wealth,1,955,महालक्ष्मी चालीसा
https://youtu.be/OvimStyyQWI?si=SwrQDOQ7f47RApTT,OvimStyyQWI,LakshmiJi|Shloka|Strotam|Wealth,2,299|1289,महालक्ष्मी कवच
https://youtu.be/P1R6Bk0C_BM?si=inh8vmHBJW8J7oYN,P1R6Bk0C_BM,Katha|Wealth,1,1330,मेरे बांके बिहारी लाल
https://youtu.be/PHYOoKN1eRA?si=ss-wUy5JBBGT5IWO,PHYOoKN1eRA,GaneshJi|Stuti,1,183,तुलसीदास कृत श्री गणेश स्तुति
https://youtu.be/PT1CwFIoc98?si=Il-i74wqg1etBqxF,PT1CwFIoc98,Katha|Wealth,1,1383,ठुमक चलत रामचंद्र
https://youtu.be/PT1CwFIoc98?si=xAYsyfQq1WC7E0z_,PT1CwFIoc98,Bhajan|Ramji|Shloka|Wealth,2,427|1288,ठुमक चलत रामचंद्र | ठुमक चलत रामचंद्र बाजत पैंजनिया
https://youtu.be/PYhoZ9zUFNA?si=BZ6-5dOq0gfaUpBH,PYhoZ9zUFNA,Katha|LakshmiJi,1,333,दीपावली की कथा:
https://youtu.be/PZ7q-Lbz11M?si=K4-Sr6N-X3CejQJN,PZ7q-Lbz11M,Ashtakam|ShaniiDevJi,1,354,श्री शनि अष्टकम्
https://youtu.be/PeYGaeORoOY?si=Czecw7q3IkVzA55C,PeYGaeORoOY,GaneshJi|Mantra,1,455,ॐ विनायकाय नमः
https://youtu.be/PeYGaeORoOY?si=ONsUR5ezqmmko8O0,PeYGaeORoOY,GaneshJi|Mantra,1,156,ॐ विनायकाय नमः
https://youtu.be/PlIoHp6v3LI?si=5OhUwGm9BeenQ6AQ,PlIoHp6v3LI,Katha|Wealth,1,1425,शिव कैलाशों के वासी
https://youtu.be/PvdeDNeCiQc?si=GEiACiPyXCFv9oen,PvdeDNeCiQc,Ashtakam|Peace|Strotam|Wealth,2,768|1004,कृष्ण अष्टकम
https://youtu.be/PvdeDNeCiQc?si=T6FiME_l0gc5pd7S,PvdeDNeCiQc,Ashtakam|KrishnaJi,1,543,कृष्ण अष्टकम
https://youtu.be/PzjSJIswc6s?si=VeKkvGCYklpFQt0d,PzjSJIswc6s,HanumanJi|Strotam,1,103,पंचमुखी हनुमान स्तोत्र
https://youtu.be/Q4O3nI0bEWo?si=_xW_NCBXUyH3J6Em,Q4O3nI0bEWo,Peace,1,747,रा मा दा सा
https://youtu.be/QI_N_P6aZ7s?si=liGVZcINpHYs6PdJ,QI_N_P6aZ7s,LakshmiJi|Mantra,1,291,सर्वबाधा निवारण मंत्र
https://youtu.be/QUw-FAmmaGw?si=EXBCGPVYhs5y2T4D,QUw-FAmmaGw,Katha|Wealth,1,1327,गोविन्द बोलो हरि गोपाल बोलो
https://youtu.be/QgkBIoUeAa0?si=etWL2dCG7qHJW8UX,QgkBIoUeAa0,Katha|Wealth,1,1414,द्वादश ज्योतिर्लिंग स्तोत्र
https://youtu.be/QiWkw-7QdfA?si=bJLHJe2-Y4ZfMgmJ,QiWkw-7QdfA,GaneshJi|Katha,1,507,श्री गणेश जन्म कथा
https://youtu.be/QtwtvLgJFzQ?si=pEGCwBUmI0YlEnb0,QtwtvLgJFzQ,Bhajan|ShaniiDevJi,1,374,शनिदेव तेरा जग में अजब नजारा है
https://youtu.be/Qvu09XysxWw?si=2rCzQ7OWozkWCYhx,Qvu09XysxWw,Katha|Wealth,1,1451,ऋद्धि-सिद्धि मंत्र
https://youtu.be/R-QTna2MvME?si=okZ5YcA6gTSonATR,R-QTna2MvME,ShaniiDevJi|Strotam,1,347,महाकाल शनि मृत्युञ्जय स्तोत्र
https://youtu.be/R15QXx7yRUo?si=F8f5-iFv9tBh6OJx,R15QXx7yRUo,Knowledge|Stuti,1,903,बृहस्पति स्तुति
https://youtu.be/R15QXx7yRUo?si=aCpS8BKqgcMwoOqs,R15QXx7yRUo,Knowledge|Strotam,1,885,बृहस्पति स्तोत्र
https://youtu.be/R2uDzusTCHg?si=5KitqlvfCYwUfIju,R2uDzusTCHg,Mantra|Strength,1,813,सुदर्शन मंत्र
https://youtu.be/RCCYorPLJmQ?si=BSLfeZMLzDux3CZE,RCCYorPLJmQ,Katha|Wealth,1,1470,देवा श्री गणेशा
https://youtu.be/RDWtngDhknA?si=6BoczvScrpmaOros,RDWtngDhknA,LakshmiJi|Shloka,1,320,नमस्तेऽस्तु महामाये श्रीपीठे सुरपूजिते। शङ्खचक्रगदाहस्ते महालक्ष्मि नमोऽस्तु ते
https://youtu.be/RDWtngDhknA?si=WCTJjON7OPrv6Hdy,RDWtngDhknA,Strotam|Wealth,1,939,महालक्ष्मी अष्टकम
https://youtu.be/RIYVVqu2XY4?si=zZcShWvTzV_kAWCQ,RIYVVqu2XY4,Katha|Stuti|Wealth,2,1086|1326,यशोमती मैया से बोले | यशोमती मैया से बोले नंदलाला
https://youtu.be/RLNrZUy6Ydo?si=lEGDZ8CTRcLnTbWK,RLNrZUy6Ydo,Strength|Strotam,1,825,नृसिंह स्तोत्रम
https://youtu.be/RYqJ5w-GrfM?si=7iTLrOhIb63mpAAA,RYqJ5w-GrfM,Bhajan|GaneshJi,1,499,देवा श्री गणेशा
https://youtu.be/RjhWu8pb7DQ?si=S6kq1SUlsBfnVw3G,RjhWu8pb7DQ,Knowledge|Stuti,1,898,ब्रह्मा स्तुति
https://youtu.be/RlNJspksnbg?si=RCael-63gpq5zKU4,RlNJspksnbg,Stuti|Wealth,1,1012,सीता स्तुति
https://youtu.be/RlNJspksnbg?si=jjexZNZPhPFgs0np,RlNJspksnbg,Ramji|Stuti,1,410,जानकी स्तुति
https://youtu.be/RqWyAbDZkxg?si=FTezx_rtvlQGO4hP,RqWyAbDZkxg,BhojanKeBaad,1,701,कृतज्ञता
https://youtu.be/RsBjj-D9yNA?si=V-Ft5Yq0hG1iLEl7,RsBjj-D9yNA,Katha|Wealth,1,1340,कालिया नाग मर्दन
https://youtu.be/S6HFRZmZrTI?si=l6hw1fGuaYEXLM0K,S6HFRZmZrTI,Katha|Wealth,1,1426,मन मेरा मंदिर शिव मेरी पूजा
https://youtu.be/S980-z1qx3g?si=mdxNJBopqX3nNpBz,S980-z1qx3g,Katha|Wealth,1,1410,शिव ताण्डव स्तोत्र
https://youtu.be/S980-z1qx3g?si=skvwCt7XGHenuWbP,S980-z1qx3g,Shivji|Strength|Strotam,2,12|833,शिव तांडव स्तोत्र | शिव तांडव स्तोत्रम (संक्षिप्त अंश - रावण रचित) [1]
https://youtu.be/SMBeENVIFjk?si=WUZ0mVEySHXROaQ2,SMBeENVIFjk,Bhajan|KrishnaJi,1,578,मीठे रस से भरयोड़ी राधारानी लागे
https://youtu.be/SQcX9sUnkP4?si=qSFF_V0Drj9D7Iyx,SQcX9sUnkP4,Katha|ShaniiDevJi,1,377,शनिदेव के जन्म की महान कथा
https://youtu.be/SQlglZOlZVI?si=LyMXWu1-GYr77UH0,SQlglZOlZVI,Mantra|Strength,1,815,बगलामुखी बीज मंत्र
https://youtu.be/SVO3zWQVbIQ?si=g0bAIqtMwdXLbBew,SVO3zWQVbIQ,Aarti|DurjaJi,1,638,आरती शीतला माता की
https://youtu.be/SVvds0DcG9o?si=MMDOAIQtFUGfmMbP,SVvds0DcG9o,Strotam|Wealth,1,1001,पार्वती स्तोत्र
https://youtu.be/TTVAyS9wOV4?si=lwrEOKvRzRWGLKkD,TTVAyS9wOV4,Aarti|DurjaJi,1,636,जय सरस्वती माता
https://youtu.be/TXXioV0_9-o?si=wEaulnEEeYWdA4C5,TXXioV0_9-o,Shivji|Strotam,1,25,शिव महिम्न स्तोत्र:
https://youtu.be/TplRlUULXz8?si=w-ebBCmQx88smeOh,TplRlUULXz8,Bhajan|Shivji,1,59,सुबह सुबह ले शिव का नाम
https://youtu.be/Tssx17scqO4?si=WWEOC-sAGbJPwWoB,Tssx17scqO4,GaneshJi|Strotam,1,462,गणेश अथर्वशीर्ष
https://youtu.be/Tssx17scqO4?si=gBPrZ12Ss-Z8E65l,Tssx17scqO4,Katha|Wealth,1,1458,गणेश अथर्वशीर्ष
https://youtu.be/Tssx17scqO4?si=uOt96Cx7Sz5DPI5b,Tssx17scqO4,GaneshJi|Strotam,1,164,गणेश अथर्वशीर्ष:
https://youtu.be/U2Eoov4alUA?si=ac_jo8SuW3a-_23H,U2Eoov4alUA,Katha|KrishnaJi,1,586,सुदामा चरित्र
https://youtu.be/U6GsNZbJoCg?si=scgaeQU6MLSYdZNJ,U6GsNZbJoCg,Stuti|Wealth,1,1011,राधा स्तुति
https://youtu.be/U7WIOZyTEaQ?si=sdZ_Z-n3qy3JFTNU,U7WIOZyTEaQ,Mantra|VishnuJi,1,222,ॐ विष्णवे नमः
https://youtu.be/U88tnB0H1xI?si=2-HbuGny0YDj6tfC,U88tnB0H1xI,GaneshJi|Mantra,1,452,ॐ हस्ति पिशाचि लिख स्वाहा
https://youtu.be/UH-qlhvW7A4?si=Ua4KCJHZXkykQOJt,UH-qlhvW7A4,Katha|LakshmiJi,1,332,वैभव लक्ष्मी व्रत कथा
https://youtu.be/UHtAU58ELkE?si=yxeapbxaw_kJ1bNd,UHtAU58ELkE,Shloka|Wealth,1,983,क्लीं बीज मंत्र
https://youtu.be/UIvpNrP4WQs?si=TYg6D7vN9AGO-z1B,UIvpNrP4WQs,Bhajan|DurjaJi,1,652,"चलो बुलावा आया है, माता ने बुलाया है"
https://youtu.be/UJZZyryDK00?si=pS4DwK9XFn84QOnQ,UJZZyryDK00,Peace|Stuti,1,773,कर दर्शन स्तुति
https://youtu.be/UJZZyryDK00?si=rnb6ybLJ1g19xgWw,UJZZyryDK00,SubahUthteHi,1,676,करादर्शनम्
https://youtu.be/URoRSBBZFgg?si=T85HrSjmY0jyqqr3,URoRSBBZFgg,Katha|VishnuJi,1,275,दशावतार कथा:
https://youtu.be/UUAJFjov7Xo?si=PVM9wcbMaKarr7VK,UUAJFjov7Xo,Bhajan|DurjaJi,1,656,मन लेके आया माता रानी के भवन में
https://youtu.be/UbUKRuDcapk?si=-_8bpLLypMLurt3U,UbUKRuDcapk,Knowledge|Strotam,1,879,अगस्त्य रचित सरस्वती स्तोत्र
https://youtu.be/UdrEhU_jLyk?si=QZ85FFVF-TgBfXdT,UdrEhU_jLyk,Knowledge|Shloka,1,910,भगवद गीता
https://youtu.be/UkT5eHWOIjQ?si=mbNXv4_wRxfFKtJ6,UkT5eHWOIjQ,Strotam|Wealth,1,944,अन्नपूर्णा स्तोत्र
https://youtu.be/UkT5eHWOIjQ?si=wBoYN_nxertpZqQW,UkT5eHWOIjQ,Strotam|Wealth,1,1006,अन्नपूर्णा स्तोत्र
https://youtu.be/UqQgZSu8bqg?si=_5Z7nj5e6baEJvaU,UqQgZSu8bqg,Bhajan|ShaniiDevJi,1,373,शनि देव तुम्हारे चरणों में
https://youtu.be/Uv2p2kTnlH8?si=FYYRnfJoBZIy0LmR,Uv2p2kTnlH8,Mantra|VishnuJi,1,226,तन्नो विष्णुः प्रचोदयात्॥
https://youtu.be/V1-7O0EPaJk?si=0-xX1NUeG-kZ76qS,V1-7O0EPaJk,HanumanJi|Strotam,1,94,मारुती स्तोत्र
https://youtu.be/V5bvJlR38xE?si=Cmm8uCXgEtB9CWux,V5bvJlR38xE,Katha|Wealth,1,1295,नरकासुर वध
https://youtu.be/V6bdNotAvpo?si=9hIdxzdEVzGvDDFg,V6bdNotAvpo,GaneshJi|Katha,1,510,गणेश जी ने कुबेर का घमंड कैसे तोडा
https://youtu.be/VYCZdEaHLCE?si=VW3FFZDKm2dzI8oX,VYCZdEaHLCE,GaneshJi|Katha,1,212,सबसे पहले गणेश भगवान् की पूजा क्यों करते है
https://youtu.be/Vb06G2bDFkE?si=mxsOg_3XgD0DSJQi,Vb06G2bDFkE,Mantra|VishnuJi,1,219,द्वादशाक्षर मंत्र
https://youtu.be/Vowqo1DSL8g?si=0nF5g06RFXpeDbUV,Vowqo1DSL8g,Chalisa|Strength,1,847,काली चालीसा
https://youtu.be/VpkLjMDcucg?si=2-MzQkTgTAUVFDs-,VpkLjMDcucg,Strotam|Wealth,1,1132,दुर्गा आपदुद्धारक स्तोत्र
https://youtu.be/Vwyo62x9yC4?si=M6kkN6Ue85KVUV8i,Vwyo62x9yC4,Peace,1,741,असतो मा
https://youtu.be/W9GywBEmin0?si=Y8MZZLmQalTE_osa,W9GywBEmin0,Katha|LakshmiJi,1,334,माँ लक्ष्मी और राजा बलि की कथा
https://youtu.be/WCcW1Efq3W4?si=-ql30mOBC_JbYjXP,WCcW1Efq3W4,Shloka|Wealth,2,972|1247,उद्यमेन हि सिध्यन्ति कार्याणि न मनोरथैः | संकल्प श्लोक
https://youtu.be/WFBpMrcaxXA?si=XJBNsWCipgSiL04x,WFBpMrcaxXA,Bhajan|GaneshJi,1,502,सुनो गणपति बाप्पा मौर्या
https://youtu.be/Wa0K7gf7BUs?si=NHJofs11z4hjbs9d,Wa0K7gf7BUs,Aarti|DurjaJi,1,637,आरती विन्ध्येश्वरी माता की
https://youtu.be/WawKv8E20KA?si=x3wVEkjdEi04Isk0,WawKv8E20KA,Katha|Wealth,1,1448,सिद्धि विनायक मंत्र
https://youtu.be/Wc3Ng3y4KL0?si=Udob2a9WMS6kOpua,Wc3Ng3y4KL0,KrishnaJi|Stuti,1,549,कुन्ती स्तुति
https://youtu.be/WocBegF7_p0?si=LcPrq90-IixgpXKt,WocBegF7_p0,Stuti|Wealth,1,1154,कितना प्यारा है श्रृंगार
https://youtu.be/WqiKUywr55o?si=sx_88WGHIxnkZoNM,WqiKUywr55o,Katha|KrishnaJi|Mantra|Wealth,2,524|1307,कृष्ण बीज मंत्र | ॐ क्लीं कृष्णाय नमः
https://youtu.be/WyHFSjN0miU?si=C2PbbebEskn6KqLR,WyHFSjN0miU,Chalisa|GaneshJi|Strength|Wealth,3,471|856|953,गणेश चालीसा
https://youtu.be/WyHFSjN0miU?si=pCUb4V5RltoNG-DB,WyHFSjN0miU,Chalisa|GaneshJi|Katha|Wealth,3,176|1222|1460,गणेश चालीसा | श्री गणेश चालीसा
https://youtu.be/X6rKpVJoxaQ?si=4bKv512qTO2pl7fJ,X6rKpVJoxaQ,Aarti|DurjaJi,1,640,माता चामुंडा देवी जी की आरती
https://youtu.be/XAxNnRPoyiU?si=SzEsaZlOfS48Hd-b,XAxNnRPoyiU,Knowledge|Shloka|Stuti|VishnuJi|Wealth,3,252|899|1268,विष्णु वंदना | विष्णु स्तुति (शान्ताकारं..) | श्री विष्णु स्तुति
https://youtu.be/XIOhPTccsJQ?si=TaveHhRToZourDau,XIOhPTccsJQ,Katha|Wealth,1,1542,मारुति स्तोत्र
https://youtu.be/XJqKbDxAa3U?si=8QX2YAec4EyoDiPP,XJqKbDxAa3U,Bhajan|Katha|KrishnaJi|Wealth,2,573|1331,श्याम तेरी बंसी पुकारे राधा नाम
https://youtu.be/XhxvcnExPNQ?si=nfh___BHqMxP2wv1,XhxvcnExPNQ,GaneshJi|Strotam,1,464,गणेश अष्टोत्तर शतनाम स्तोत्र
https://youtu.be/XhxvcnExPNQ?si=w62P2ANg6x0OryeL,XhxvcnExPNQ,GaneshJi|Strotam,1,172,गणेश अष्टोत्तर शतनाम स्तोत्र:
https://youtu.be/XiMzBSu9l6U?si=jFA_091ue8XvG4Ck,XiMzBSu9l6U,ShaniiDevJi|Strotam,1,348,शनि पीडाहर स्तोत्र
https://youtu.be/XtTG7iT7H3g?si=QwuObktBmdhoY9ZT,XtTG7iT7H3g,Stuti|Wealth,2,1026|1088,श्यामा आन बसो
https://youtu.be/Xx1Cn67LaEE?si=FGsgWDyBnyKTM23T,Xx1Cn67LaEE,Bhajan|DurjaJi,1,654,भेजा है बुलावा तूने शेरावालिये
https://youtu.be/XznbEuVKbnM?si=LcYYZQU9j-q5szJI,XznbEuVKbnM,Shloka|Wealth,1,1166,धन्वंतरि श्लोक
https://youtu.be/XzqJUoSDHZU?si=8-LAQkUg8tq7ov6T,XzqJUoSDHZU,Bhajan|Katha|KrishnaJi|Stuti|Wealth,3,572|1093|1329,छोटी छोटी गईया | छोटी छोटी गईया छोटे छोटे ग्वाल
https://youtu.be/YD0eXOX6gbo?si=imwcbkJIn2dnyT97,YD0eXOX6gbo,DurjaJi|Strength|Strotam,2,607|832,अर्गला स्तोत्र | श्री अर्गला स्तोत्रम
https://youtu.be/Yafs12RHYqw?si=DFgZFimu47Z3K-Ye,Yafs12RHYqw,HanumanJi|Katha,1,144,हनुमान जी रक्षा कैसे करते हैं ?
https://youtu.be/YdGV6Y91a1Q?si=SgK661pEhKb9OUBe,YdGV6Y91a1Q,Knowledge|Mantra,1,873,प्रज्ञा वर्धन मंत्र
https://youtu.be/YdLl-NUNFfU?si=t6rZyAy36jBLB7J9,YdLl-NUNFfU,GaneshJi|Katha,1,514,श्री गणेश के एकदंत अवतार की कहानी ।
https://youtu.be/Ylxbl767w_w?si=2tEunpeyYL5Rxs1d,Ylxbl767w_w,Bhajan|VishnuJi,1,270,हरी आ जाओ एक बार
https://youtu.be/Yof1Vrh5TK0?si=s3diaEG-5Tn4r_2c,Yof1Vrh5TK0,DurjaJi|Mantra|Stuti|Wealth,3,596|1142|1216,दुर्गा स्तुति | सर्वमंगल मांगल्ये शिवे सर्वार्थ साधिके। शरण्ये त्र्यम्बके गौरी नारायणि नमोऽस्तुते॥
https://youtu.be/Yuex2EnsGiY?si=0_Pq00ZXiWo3JeVx,Yuex2EnsGiY,Aarti|GaneshJi|Katha|Shloka|Wealth,3,486|1274|1317,जय गणेश देवा | श्री गणेश जी की आरती
https://youtu.be/Yuex2EnsGiY?si=SN2TjtMVVhHmp7gl,Yuex2EnsGiY,Aarti|GaneshJi|Shloka|Wealth,2,188|1284,जय गणेश जय गणेश देवा
https://youtu.be/Z9JLAy20J2M?si=LYnXlNrvxAd7pEoO,Z9JLAy20J2M,Knowledge|Shloka,1,917,वैदिक मंत्र
https://youtu.be/ZKfNOYMKXI0?si=zYx2HfGOp3vV5N5M,ZKfNOYMKXI0,Mantra|Wealth,1,929,कनकधारा बीज मंत्र
https://youtu.be/ZSdGIRPRca0?si=JCfj8Mp_WSFKabzU,ZSdGIRPRca0,Katha|Wealth,1,1462,ऋणमोचन गणेश स्तोत्र
https://youtu.be/ZTs6tcgm0lE?si=zJdwNIS-eYe8GMet,ZTs6tcgm0lE,KrishnaJi|Strotam,1,532,मुकुंद माला स्तोत्र
https://youtu.be/Zagf46kv7p8?si=adpqwJ6tLsIAHHr0,Zagf46kv7p8,Katha|Shloka|Wealth,3,1062|1185|1525,हनुमान मंत्र | हनुमान मूल मंत्र
https://youtu.be/ZdBVEV5u2To?si=em-5O2iYoV9z50BF,ZdBVEV5u2To,DurjaJi|Shloka|Wealth,2,644|975,सर्वमङ्गलमाङ्गल्ये शिवे सर्वार्थसाधिके | सर्वमङ्गलमाङ्गल्ये शिवे सर्वार्थसाधिके। शरण्ये त्र्यम्बके गौरि नारायणि नमोऽस्तु ते॥
https://youtu.be/Zdcth9NndEA?si=cBoFKjOpIFF2NbjP,Zdcth9NndEA,Katha|KrishnaJi|Mantra|Peace|Wealth,4,522|734|1057|1304,महामंत्र | हरे कृष्ण महामंत्र
https://youtu.be/ZibumRoU-J8?si=DNHUdgTSuJi_9UCH,ZibumRoU-J8,Peace|Shloka,1,790,ईशावास्य उपनिषद
https://youtu.be/ZkKStVgGEJY?si=3ByfjplaH0mUbK5v,ZkKStVgGEJY,Katha|Wealth,2,1378|1509,नगरी हो अयोध्या सी
https://youtu.be/ZkKStVgGEJY?si=LGnO8DtUL_iEf1ei,ZkKStVgGEJY,Bhajan|Ramji,1,431,नगरी हो अयोध्या सी
https://youtu.be/ZswQ9qUMDTs?si=JCy5lg1H5mtQ_5JL,ZswQ9qUMDTs,Bhajan|GaneshJi,1,203,संकट हर लो मंगल कर दो
https://youtu.be/ZxAZksjaUUU?si=pFBqlNlDgtv6Qwxu,ZxAZksjaUUU,Bhajan|Shivji,1,63,शंकर तेरी जटा में बहती है गंगधारा
https://youtu.be/_35QngzzdEQ?si=l9SidSRJ4C7GTyks,_35QngzzdEQ,HanumanJi|Katha,1,141,"शक्ति, भक्ति और बुद्धि के देव हनुमान जी को समझिए |"
https://youtu.be/_7gdZWrPQX8?si=FCARIs6d0jt8PzT0,_7gdZWrPQX8,GaneshJi|Shloka,1,493,"गजाननं भूत गणादि सेवितं, कपित्थ जम्बू फल चारू भक्षणम् । उमासुतं शोक विनाशकारकम्, नमामि विघ्नेश्वर पाद पंकजम् ॥"
https://youtu.be/_97POkIQ_kQ?si=2Nyp0GAVtCXv1eOf,_97POkIQ_kQ,HanumanJi|Mantra,1,89,रक्षा कवच मंत्र:
https://youtu.be/_9mbammZPdU?si=n-ByLRdXdeMlpmHp,_9mbammZPdU,Katha|Ramji,1,438,श्री राम जन्म कथा:
https://youtu.be/_A4sg_F1Za4?si=ha8pQ_NJgTiJwJvV,_A4sg_F1Za4,DurjaJi|Stuti,1,631,सिद्धिदात्री स्तुति
https://youtu.be/_NgJw_JU0N0?si=xxET0DfzB9lul_dc,_NgJw_JU0N0,Aarti|GaneshJi,1,191,जय देव जय देव जय मंगलमूर्ती
https://youtu.be/_TGfTsdHi0c?si=S1p1qdhJL2vCsEl6,_TGfTsdHi0c,Shloka|VishnuJi,1,262,सशंखचक्रं सकिरीटकुण्डलं
https://youtu.be/_oOQ5UYKAKo?si=LHHmXG1Si_5d1Gky,_oOQ5UYKAKo,Aarti|GaneshJi,1,192,आरती सिद्धिविनायक जी की
https://youtu.be/_zWa1AjW_C4?si=iIy5LCzFbQXUxqlq,_zWa1AjW_C4,Katha|Wealth,1,1040,राम-सीता वनवास कथा
https://youtu.be/a5qd1rCqkvI?si=s5oYDC9M7BF8gZIn,a5qd1rCqkvI,GaneshJi|Mantra,1,157,ॐ लम्बोदराय नमः
https://youtu.be/a8mYn1pQFME?si=-IMBK_e91qYazf_B,a8mYn1pQFME,Chalisa|Strength,1,848,भैरव चालीसा
https://youtu.be/aH2ipOQ1_bU?si=O2s_vctg1Roye0xu,aH2ipOQ1_bU,GaneshJi|Strotam,1,168,ऋणहर्ता गणेश स्तोत्र:
https://youtu.be/aH2ipOQ1_bU?si=icocDYxf8Rhh_hJd,aH2ipOQ1_bU,GaneshJi|Strotam,1,463,ऋणहर्ता गणेश स्तोत्र
https://youtu.be/aLKLcvJZ2Hc?si=LghSz9KgBnH3YqXK,aLKLcvJZ2Hc,Chalisa|LakshmiJi|Shloka|Strength|Wealth,4,305|858|1223|1285,लक्ष्मी चालीसा | श्री लक्ष्मी चालीसा
https://youtu.be/aR1g92A_5gQ?si=Ae8UK15_LC0l8fX3,aR1g92A_5gQ,Mantra|Ramji,1,390,राम रामेति रामेति रमे रामे मनोरमे। सहस्त्रनाम तत्सुल्यं रामनाम वरानने॥
https://youtu.be/aRHDmzWFPdo?si=rRwqcCmyV9MQrXkS,aRHDmzWFPdo,Bhajan|LakshmiJi,1,328,शुभ लाभ धन वैभव दाता जय
https://youtu.be/aT9TP5CrLJg?si=3F3TthXHK_-4sHAJ,aT9TP5CrLJg,Stuti|Wealth,1,1090,भर दे रे श्याम झोली
https://youtu.be/aTFeZxXkL78?si=HFj5YBPqHTqebgZi,aTFeZxXkL78,GaneshJi|Strotam,1,460,श्री संकटनाशन गणेश स्तोत्र
https://youtu.be/aTFeZxXkL78?si=HaE-tYiH834XPpXn,aTFeZxXkL78,Strotam|Wealth,2,1130|1195,संकट नाशन गणेश स्तोत्र
https://youtu.be/aTFeZxXkL78?si=dnS6JCgCFy-zz_xG,aTFeZxXkL78,Katha|Wealth,1,1457,संकटनाशन गणेश स्तोत्र
https://youtu.be/aTFeZxXkL78?si=duxsc5pwTGoNRBpq,aTFeZxXkL78,Strotam|Wealth,1,943,गणेश संकटनाशन स्तोत्र
https://youtu.be/aTFeZxXkL78?si=m5lUjY4i8013BWXj,aTFeZxXkL78,GaneshJi|Strotam,1,162,भक्तावासं स्मरेन्नित्यं आयुःकामार्थसिद्धये
https://youtu.be/adxlvgEH10Y?si=REKtFgT6xzkRzPjN,adxlvgEH10Y,Katha|KrishnaJi,1,585,श्रीकृष्ण ने किया कंस का वध
https://youtu.be/agqwzb3YzQ0?si=XnSUpCXTo4pmEzDK,agqwzb3YzQ0,Katha|Stuti|Wealth,5,1020|1071|1144|1208|1453,गजानन मंत्र | गणेश स्तुति
https://youtu.be/ap8oVmjD3xY?si=9uYb0-Hyab8tDv9-,ap8oVmjD3xY,Katha|Wealth,1,1045,उषा-अनिरुद्ध कथा
https://youtu.be/auyzyuKCpL0?si=E_RDoIahVN6_-lTw,auyzyuKCpL0,Chalisa|Wealth,1,952,कुबेर चालीसा
https://youtu.be/av3Vf23CRqc?si=hRrw_iHsdMJ8WfIw,av3Vf23CRqc,HanumanJi|Katha,1,145,जब हनुमान जी चले लंका माता जानकी को खोजने |
https://youtu.be/av9FFShVYBU?si=Ad06fEsAnohtH32q,av9FFShVYBU,GaneshJi|Strotam,1,170,श्री गणेश कवच:
https://youtu.be/av9FFShVYBU?si=cCKzcZmfK8byA0X8,av9FFShVYBU,Katha|Wealth,1,1464,गणेश कवच
https://youtu.be/awGyMNeThgQ?si=ADmIyULOAZL2gy7C,awGyMNeThgQ,Katha|Wealth,1,1428,नगर में जोगी आया
https://youtu.be/ayj0Gm6RTg8?si=JCPQw6jvbztxQbwn,ayj0Gm6RTg8,GaneshJi|Stuti,1,479,गजाननं भूत गणादि सेवितं
https://youtu.be/b5T-oidQLAM?si=JDp71GyzjmCfIrCP,b5T-oidQLAM,KrishnaJi|Mantra,1,528,ॐ क्लीं ग्लौं क्लीं श्यामलांगाय नमः
https://youtu.be/bHVtLb9ulLI?si=QSFicf7SbPqwDAj0,bHVtLb9ulLI,DurjaJi|Strotam,1,615,देव्यपराधक्षमापन स्तोत्र
https://youtu.be/bQrYmTfw59Q?si=h7eoNNv6DhDZhGuT,bQrYmTfw59Q,GaneshJi|Shloka,1,197,अगजानन पद्मार्कं गजाननमहर्निशम्। अनेकदन्तं भक्तानां एकदन्तमुपास्महे॥
https://youtu.be/bUzIW_KDJ5Y?si=Ar0hLSyd5OzOyU-Q,bUzIW_KDJ5Y,Katha|Wealth,1,1559,हनुमान जयंती कथा
https://youtu.be/bZ-Zrc-GPoc?si=b8J0Kore8Q3bJWmI,bZ-Zrc-GPoc,Katha|Wealth,1,1513,राम जी की निकली सवारी
https://youtu.be/bZ-Zrc-GPoc?si=cw_EX8USJqc4e0KA,bZ-Zrc-GPoc,Katha|Wealth,1,1382,राम जी की निकली सवारी
https://youtu.be/bZ-Zrc-GPoc?si=pLzw80vTt6ty2tJt,bZ-Zrc-GPoc,Bhajan|Ramji,1,432,राम जी की निकली सवारी
https://youtu.be/bc1obsjb58c?si=oQIb1G1Fx1wOJ8Gw,bc1obsjb58c,Mantra|Peace|Shivji|Shloka|Strength|Wealth,4,5|733|817|990,पंचाक्षरी मन्त्र | रुद्र मंत्र | शिव मंत्र | सर्व सुरक्षा मंत्र
https://youtu.be/bcs4geISuy0?si=-BYP11FJGKAQ7fk3,bcs4geISuy0,Katha|Wealth,1,1061,लक्ष्मी मंत्र
https://youtu.be/bcs4geISuy0?si=iIlUMsgUwP0VAQdf,bcs4geISuy0,LakshmiJi|Mantra|Peace|Shloka|Wealth,6,286|744|924|1182|1260|1261,कुबेर मंत्र | महालक्ष्मी बीज मंत्र | महालक्ष्मी मंत्र | लक्ष्मी बीज मंत्र
https://youtu.be/bhJ8_EqziNY?si=FKZ8NHKTs6R1lRUW,bhJ8_EqziNY,Bhajan|Ramji,1,433,भजमन राम चरण सुखदाई
https://youtu.be/bo62sjQ0CmE?si=0zcZrViLINirsSiD,bo62sjQ0CmE,Katha|Wealth,1,1478,सिंदूर लाल चढ़ायो
https://youtu.be/bo62sjQ0CmE?si=t1lAn32pD2F23gVQ,bo62sjQ0CmE,Aarti|GaneshJi,1,190,शेंदूर लाल चढ़ायो अच्छा गजमुख को
https://youtu.be/bwTk15-oRys?si=f4hVOcSw7hJxd58b,bwTk15-oRys,Strength|Strotam,1,823,दुर्गा सप्तश्लोकी
https://youtu.be/c0J1WntPaDg?si=MKuPTGQBJ6wKVF5s,c0J1WntPaDg,Aarti|Wealth,1,961,कुबेर जी की आरती
https://youtu.be/c0J1WntPaDg?si=PMqDiJZ9LjbiqiFk,c0J1WntPaDg,Shloka|Wealth,1,1276,श्री कुबेर आरती
https://youtu.be/c6NhHI-nOW0?si=KvNW6DMPNdcX9kLy,c6NhHI-nOW0,Bhajan|GaneshJi,1,207,गणपति पहला तुम्हे प्रणाम है
https://youtu.be/cArR7W_jJZo?si=z1WuUejVE4IlmvIW,cArR7W_jJZo,Knowledge|Stuti,1,893,सरस्वती वंदना (या कुन्देन्दु..)
https://youtu.be/cG3JrHzTFUo?si=3xJWfMZDihEPRP59,cG3JrHzTFUo,Knowledge|Mantra,1,871,बुध ग्रह मंत्र
https://youtu.be/cMhYGo0T2nY?si=pRQzRi7ZNpSUe4nN,cMhYGo0T2nY,Peace|Stuti,1,779,विष्णु मंगल स्तुति
https://youtu.be/cNL_XKugiMQ?si=B_w8t1pnEnVIbajQ,cNL_XKugiMQ,Knowledge|Strotam,1,887,सरस्वती द्वादश नाम स्तोत्र
https://youtu.be/cNvPNnhiSo8?si=8xy43ALgaQcYsQV-,cNvPNnhiSo8,Katha|Wealth,1,1418,वेदसार शिव स्तोत्र
https://youtu.be/cdc_bgVMkOs?si=iecRdyTDMAfElETW,cdc_bgVMkOs,Bhajan|KrishnaJi,1,575,कन्हैया ले चल परली पार
https://youtu.be/cdlS1XC3Gus?si=k-Ox-2oKGYu1DiOb,cdlS1XC3Gus,DurjaJi|Mantra,1,595,नवार्ण मंत्र
https://youtu.be/ceFwFtgdSmc?si=7aiIUrGPwDm9uLT7,ceFwFtgdSmc,Peace|Shloka,1,793,शांति पाठ
https://youtu.be/cidhzMLBUPQ?si=fXMWhEu5ZeeOpj3l,cidhzMLBUPQ,GaneshJi|Katha|Mantra|Wealth,2,451|1447,विनायक मंत्र | ॐ वक्रतुण्डाय हुम्
https://youtu.be/cqzJBHFeI0Y?si=ahqCNpljz7KMS64U,cqzJBHFeI0Y,Ramji|Shloka,1,420,नीलाम्बुजश्यामलकोमलांगं सीतासमारोपितवामभागम्। पाणौ महासायकचारुचापं नमामि रामं रघुवंशनाथम्॥
https://youtu.be/cuSGy5SuVtA?si=A8nPscCPd5cXWYal,cuSGy5SuVtA,Strotam|Wealth,1,945,इन्द्राक्षी स्तोत्र
https://youtu.be/d-jNUB84poM?si=9KzaBmCLsS10eoyb,d-jNUB84poM,Chalisa|Wealth,1,1235,जग में सुंदर हैं दो नाम
https://youtu.be/d-zWzSTNOMo?si=8Gtyc3crPXZxHvXM,d-zWzSTNOMo,Katha|Shivji,1,66,सम्पूर्ण शिव पुराण सार
https://youtu.be/dHaorYzhsMQ?si=-1r8kafoFsK3S4_k,dHaorYzhsMQ,Shloka|Wealth,1,1283,मैया लक्ष्मी जी की अमृतवाणी
https://youtu.be/dUJG4REgj8o?si=FEiQaZGLOw08y30s,dUJG4REgj8o,Katha|Wealth,1,1328,नंद के आनंद भयो जय कन्हैया लाल की
https://youtu.be/dUtIRqj23YQ?si=a5BLdB6m1ACieT8D,dUtIRqj23YQ,Stuti|Wealth,1,1010,पार्वती स्तुति
https://youtu.be/dVTUUtOHUCA?si=Kos_i0o8NA3VrmOj,dVTUUtOHUCA,Katha|Wealth,2,1362|1370,अम्बे तू है जगदम्बे काली | महिषासुर मर्दिनी
https://youtu.be/dVTUUtOHUCA?si=Uk_2RDtvaypwtFhK,dVTUUtOHUCA,Aarti|DurjaJi,1,635,"अम्बे तू है जगदम्बे काली, जय दुर्गे खप्पर वाली"
https://youtu.be/dheA6Pqjtm4?si=RiRbLmj8Bev2rpIx,dheA6Pqjtm4,Bhajan|KrishnaJi,1,577,बड़ी देर भई नन्दलाला
https://youtu.be/dkVlpm1mKFI?si=crdKp9jnOOfpOZx7,dkVlpm1mKFI,GaneshJi|Mantra,1,154,गणेश गायत्री
https://youtu.be/dkVlpm1mKFI?si=vJFkS8R3-PMxX_Ji,dkVlpm1mKFI,GaneshJi|Katha|Mantra|Shloka|Wealth,3,457|1259|1449,गणेश गायत्री | गणेश गायत्री मंत्र
https://youtu.be/dnCE-kSHES0?si=cYpIjXtwIhaE19YB,dnCE-kSHES0,Chalisa|Stuti|Wealth,3,1033|1083|1231,ऐसी लागी लगन
https://youtu.be/dnCE-kSHES0?si=yTCI8n72etTZr0XL,dnCE-kSHES0,Katha|Wealth,1,1333,ऐसी लागी लगन मीरा हो गई मगन
https://youtu.be/e3K3BREwxRQ?si=dfzljU4OEcbG3KLp,e3K3BREwxRQ,Bhajan|ShaniiDevJi,1,372,श्री शनिदेव अमृतवाणी
https://youtu.be/e3tWzWydNeY?si=0XBD9T2ROK6zls0j,e3tWzWydNeY,Katha|Wealth,1,1048,हनुमान-राम भक्ति
https://youtu.be/e7KzbCXk1lE?si=giRiDC8Uht1ntqGk,e7KzbCXk1lE,Shloka|Wealth,1,1120,शिव आरोग्य मंत्र
https://youtu.be/eH89BxWg9P4?si=0zOcU8tr43L7aj2q,eH89BxWg9P4,Katha|Wealth,1,1550,बजरंग बली मेरी नाव चली
https://youtu.be/eH89BxWg9P4?si=5IOyC_otVc9JKSFd,eH89BxWg9P4,Bhajan|HanumanJi,1,136,बजरंग बली मेरी नाव चली
https://youtu.be/eXSq8m8CqGc?si=3f43U1aXfPAM58Hi,eXSq8m8CqGc,Bhajan|Ramji,1,435,मन में राम बसा ले
https://youtu.be/edDTogeyCbI?si=AOTg_gvIfbq5CZxC,edDTogeyCbI,DurjaJi|Strotam,1,611,देवी अथर्वशीर्ष
https://youtu.be/enalr0CvqVM?si=WMYDWThqcqx9a4pP,enalr0CvqVM,Bhajan|GaneshJi,1,204,तेरी जय हो गणेश
https://youtu.be/enalr0CvqVM?si=XToEKXUbPLlC3Dqe,enalr0CvqVM,Katha|Wealth,1,1477,तेरी जय हो गणेश
https://youtu.be/erQ7OvBnfMY?si=6Tr4oodbqcuN7H97,erQ7OvBnfMY,Mantra|VishnuJi,1,224,ॐ लक्ष्मीपतये नमः
https://youtu.be/evTvChlKhwU?si=wgMr2Xt6m0Iqp9nf,evTvChlKhwU,Peace,1,743,निर्वाण षटकम
https://youtu.be/fDzcm2RKM4s?si=nQip96jtyul3SEsn,fDzcm2RKM4s,Katha|VishnuJi,1,277,वामन अवतार और राजा बलि की कथा
https://youtu.be/fOWk1A27pKQ?si=1hsP5OkDsZwIELgh,fOWk1A27pKQ,Bhajan|GaneshJi,1,208,गजानन महाराज पधारो
https://youtu.be/fV8WIzEHD-E?si=27m-AHd4U1hn9Aq-,fV8WIzEHD-E,Katha|Wealth,1,1474,गजानन श्री गणराया
https://youtu.be/fV8WIzEHD-E?si=QoCkMznHOJj-qUjD,fV8WIzEHD-E,Bhajan|GaneshJi,1,501,गजानना श्री गणराया
https://youtu.be/f_dQkIQqdvs?si=VW1LPoO0Ogb4h0pc,f_dQkIQqdvs,Katha|Ramji,1,440,सीता स्वयंवर की अद्भुत कथा
https://youtu.be/f_tCqLX6GNU?si=g9esdPlr_XnbbTWa,f_tCqLX6GNU,Knowledge|Peace|Stuti|Wealth,4,781|902|1013|1077,कृष्ण स्तुति | कृष्ण स्तुति (कस्तूरी तिलकम..) | श्री कृष्ण स्तुति
https://youtu.be/faCtr2ajTuE?si=svKC2jHHd_23bpz4,faCtr2ajTuE,HanumanJi|Shloka,1,127,कार्य सिद्धि
https://youtu.be/felGgBmnx-I?si=YoB5C1tli8tX3Kpx,felGgBmnx-I,Katha|KrishnaJi|Mantra|Shloka|Wealth,3,521|1187|1303,मुक्ति मंत्र | मूल मंत्र | विष्णु मंत्र
https://youtu.be/fsMzgFMMGxA?si=vMcngDgu3vYUf4te,fsMzgFMMGxA,Chalisa|DurjaJi|Strength|Wealth,3,619|845|1224,दुर्गा चालीसा | श्री दुर्गा चालीसा
https://youtu.be/ftb-pobLDDM?si=LSvIGqH8yQzsJeRe,ftb-pobLDDM,Katha|Wealth,1,1480,देवा हो देवा गणपति देवा
https://youtu.be/g4iZhS7EvQc?si=tajjxxWlYauvwgSt,g4iZhS7EvQc,Katha|Shivji,1,67,शिव जी का जन्म कैसे हुआ
https://youtu.be/g7rBhaAT04A?si=YFuq2iT7ASAzdrcz,g7rBhaAT04A,Shloka|Wealth,1,1115,प्राण मुद्रा मंत्र
https://youtu.be/gFr5p5AyuD0?si=QD5VW5nRGb8TXEFJ,gFr5p5AyuD0,Aarti|GaneshJi,1,189,सुखकर्ता दुखहर्ता वार्ता विघ्नाची
https://youtu.be/gFr5p5AyuD0?si=d8JQg36LZDxyWjr3,gFr5p5AyuD0,Katha|Wealth,1,1471,सुखकर्ता दुखहर्ता
https://youtu.be/gW-Cz2AIWOs?si=J6a3b6OtnI-WH5RG,gW-Cz2AIWOs,Ashtakam|Peace,1,760,लिंगाष्टकम
https://youtu.be/gZ8YH3LuJRc?si=bCDFaHUgdYfKtW3f,gZ8YH3LuJRc,Katha|Wealth,1,1475,ओ माय फ्रेंड गणेशा
https://youtu.be/g_czAYo3MKQ?si=-LU0VBJs1MmgBg7t,g_czAYo3MKQ,Mantra|Wealth,1,927,लक्ष्मी मंत्र
https://youtu.be/g_czAYo3MKQ?si=gMXItXZe4oVrD-co,g_czAYo3MKQ,LakshmiJi|Mantra,1,287,ॐ श्री महालक्ष्म्यै नमः
https://youtu.be/gaJR15qWTDA?si=YjZV_xqQyOwRcX-i,gaJR15qWTDA,Katha|Wealth,1,1424,मेरा भोला है भंडारी
https://youtu.be/gsHIPGDctJ0?si=0M-JKLTSQ47e8TaB,gsHIPGDctJ0,Strotam|VishnuJi,1,242,श्री हरि स्तोत्रम्
https://youtu.be/gsHIPGDctJ0?si=lAIFco1_0UhAKruS,gsHIPGDctJ0,Peace|Strotam,1,763,नारायण स्तोत्रम
https://youtu.be/gujH1r4nS6M?si=VGRsX029QeuN9HXL,gujH1r4nS6M,Katha|Wealth,1,1540,हनुमान बाहुक
https://youtu.be/gv8Q4rrkqWE?si=_38Rpl582wr9YcG_,gv8Q4rrkqWE,Bhajan|LakshmiJi,1,323,लक्ष्मी अमृतवाणी
https://youtu.be/gxbN66VZYg8?si=cQSq0GNZhJhrZq7H,gxbN66VZYg8,DurjaJi|Katha,1,663,शुम्भ-निशुम्भ वध की कथा
https://youtu.be/gy07mltqNRc?si=qzWa5TytleC7FSax,gy07mltqNRc,Ashtakam|VishnuJi,1,248,अच्युताष्टकम
https://youtu.be/gyLT2Yz_yHo?si=6boX0E4ODR2nuxV9,gyLT2Yz_yHo,KrishnaJi|Strotam,1,536,संतान गोपाल स्तोत्र
https://youtu.be/gyLT2Yz_yHo?si=nhoDAX1GtLKoJJzs,gyLT2Yz_yHo,Stuti|Wealth,1,1015,गोपाल स्तुति
https://youtu.be/h1lT6cxwsPw?si=KdhV4ABeZuxVKiuY,h1lT6cxwsPw,Katha|Strength|Strotam|Wealth,4,827|1199|1374|1537,बजरंग बाण
https://youtu.be/hA__sJZ_FOc?si=-goJ82D1uxHHIBdW,hA__sJZ_FOc,GaneshJi|Strotam,1,468,गणेश हृदय स्तोत्र
https://youtu.be/hStOYwuIrVE?si=BaMHjkK86-ctlaKr,hStOYwuIrVE,Mantra|Strength,1,805,काली मंत्र
https://youtu.be/hiBxKwtn08Q?si=2-hlooiVaBcLrIbb,hiBxKwtn08Q,DurjaJi|Mantra,1,598,या देवी सर्वभूतेषु शक्ति-रूपेण संस्थिता। नमस्तस्यै नमस्तस्यै नमस्तस्यै नमो नमः॥
https://youtu.be/hiZB_bwV0R4?si=NwWWTjZTLwZtJvLZ,hiZB_bwV0R4,Chalisa|KrishnaJi,1,540,गोपाल चालीसा
https://youtu.be/hn6Im7ZMoG0?si=RBopgQJXl954NTbC,hn6Im7ZMoG0,Katha|Wealth,1,1516,ओ माँ मेरी झोपड़ी के भाग
https://youtu.be/hnxXdqarpKg?si=ipN2Ak8MAnjCvke0,hnxXdqarpKg,Mantra|Wealth,1,928,ऋण मोचन मंत्र
https://youtu.be/hy_UKySqiNo?si=WO1ouxTrWAya94GP,hy_UKySqiNo,Bhajan|HanumanJi,1,134,छम छम नाचे वीर हनुमान
https://youtu.be/i6rDYxNpubk?si=Z1cSGYW4UCmuEsd6,i6rDYxNpubk,Bhajan|Shivji,1,60,हे शम्भू बाबा मेरे भोले नाथ
https://youtu.be/i9qkRDJ0GVM?si=YzBpwHwPxkJHJVpO,i9qkRDJ0GVM,Knowledge|Strotam,1,883,विद्या लक्ष्मी स्तोत्र
https://youtu.be/iEAPaA9Yf1s?si=lGmdeqXsCqtQQzx1,iEAPaA9Yf1s,Katha|Mantra|Shivji|Wealth,2,7|1405,रुद्र मंत्र
https://youtu.be/iEIJBAKx0wI?si=bBiJfhIDY2Psljnj,iEIJBAKx0wI,Katha|Shivji,1,71,क्यों मिला था चंद्रमा को श्राप ?
https://youtu.be/iGZk-Uu86lY?si=BNjXLF1KydHWrOVV,iGZk-Uu86lY,Mantra|Strength,1,806,नृसिंह गायत्री
https://youtu.be/iNgFM6NKDxQ?si=HeemCWcs6L3oteQQ,iNgFM6NKDxQ,KrishnaJi|Shloka,1,566,सर्वधर्मान्परित्यज्य मामेकं शरणं व्रज। अहं त्वां सर्वपापेभ्यो मोक्षयिष्यामि मा शुचः॥
https://youtu.be/iR8cieM-CFs?si=p13R2NEb8EoWiSTR,iR8cieM-CFs,Katha|Wealth,1,1431,बम लहरी
https://youtu.be/iRVIbOMymj0?si=cFBjMhHR-DcFq9_Y,iRVIbOMymj0,Peace|Shloka,1,792,कठोपनिषद शांति
https://youtu.be/iRVIbOMymj0?si=p9yfDWWAsb63wtMq,iRVIbOMymj0,BhojanSePehle|Katha|Mantra|Peace|Wealth,3,697|731|1059,शांति मंत्र
https://youtu.be/iWd6VAWduZg?si=qrMcv4ayCSmC3X_q,iWd6VAWduZg,HanumanJi|Katha|Mantra|Shloka|Strength|Stuti|Wealth,5,82|807|1019|1106|1527,मनोजवं मारुततुल्यवेगं मंत्र: | मनोजवम मंत्र | हनुमान श्लोक | हनुमान स्तुति | हनुमान स्तुति मंत्र
https://youtu.be/iZkxNZpqQ4s?si=8wxeb0gCobXxfiQH,iZkxNZpqQ4s,Katha|VishnuJi,1,278,विष्णु जी और माता लक्ष्मी के विवाह की कथा
https://youtu.be/ib4O0n3PH8o?si=gM39DNbgDuWKfvFA,ib4O0n3PH8o,Katha|VishnuJi,1,274,समुद्र मंथन की कथा:
https://youtu.be/ieHRNA7h-IA?si=a9kAoSjvRcFZBjuP,ieHRNA7h-IA,Knowledge|Strotam,1,880,हयग्रीव स्तोत्र
https://youtu.be/igJHuojQHeo?si=B6vk7vi5KYW6nhYO,igJHuojQHeo,Ramji|Stuti,1,409,श्री रामचंद्र कृपालु भजु मन:
https://youtu.be/invPCYDaWUE?si=-cwsyKTg-INmshaY,invPCYDaWUE,Katha|Strotam|Wealth,4,1126|1194|1368|1501,आदित्य हृदय स्तोत्र
https://youtu.be/invPCYDaWUE?si=0CRahD-R2NNXDnCu,invPCYDaWUE,Ramji|Strength|Strotam,2,395|830,आदित्य हृदय स्तोत्र | आदित्य हृदय स्तोत्र:
https://youtu.be/iuBOevhL-bU?si=pFvhpdkxJl612MBp,iuBOevhL-bU,Katha|Wealth,1,1545,हनुमान साठिका
https://youtu.be/j2sTr6JZdco?si=m6tpnX4rqpF7vLQE,j2sTr6JZdco,Mantra|ShaniiDevJi,1,342,शनि गायत्री मंत्र)
https://youtu.be/j8l2aX86Ouk?si=1JGWEjb8YcyEDR9R,j8l2aX86Ouk,Shloka|Wealth,1,1118,अश्विनी कुमार मंत्र
https://youtu.be/j8l2aX86Ouk?si=dHrlQKdAK2KKrQCo,j8l2aX86Ouk,Shloka|Wealth,1,1170,अश्विनी कुमार
https://youtu.be/jB4aaP2X7S4?si=fNw_s_3Ep9aH-uJZ,jB4aaP2X7S4,DurjaJi|Mantra|Peace|Strength,3,594|746|803,दुर्गा बीज मंत्र | दुर्गा मंत्र | बीज मंत्र
https://youtu.be/jB4aaP2X7S4?si=m9_aarWrjCpP8nDx,jB4aaP2X7S4,Katha|Wealth,1,1352,शक्तिदायक मंत्र
https://youtu.be/jRjRip7JyjM?si=cMhmyBbA48bP47eA,jRjRip7JyjM,Chalisa|Wealth,1,1225,श्री सरस्वती चालीसा
https://youtu.be/jXPk7TnZC4c?si=3IMkISoz8uz7DN_R,jXPk7TnZC4c,Knowledge|Mantra|Peace|Shloka,2,742|907,गुरु मंत्र | गुरु श्लोक
https://youtu.be/juCRT87f9Vc?si=fp7SvU2CayUvWF5-,juCRT87f9Vc,Peace|Shloka,1,787,गीता (अध्याय 2)
https://youtu.be/jxgpE4o0zoM?si=7XCu8h1e7eQkvotb,jxgpE4o0zoM,Ramji|Strotam,1,400,जटायु कृत श्री राम स्तोत्र
https://youtu.be/jxtDNKTnmqY?si=wElShzcNXxs7zp4R,jxtDNKTnmqY,Bhajan|Ramji,1,428,श्री राम जानकी बैठे हैं मेरे सीने में
https://youtu.be/k6oKjApcd8k?si=iALtB1Cbee031oOL,k6oKjApcd8k,KrishnaJi|Shloka,1,567,हे कृष्ण करुणा सिन्धु दीन बन्धु जगत पते। गोपेश गोपिका कान्त राधा कान्त नमोस्तुते॥
https://youtu.be/k7kdm72nBjU?si=NJnOHq8FVwLrioHv,k7kdm72nBjU,Katha|Ramji,1,443,श्रीराम ने बाली को छुपकर क्यों मारा ?
https://youtu.be/kB0dFMBE7-g?si=wlcGDLcwvs5ytuqk,kB0dFMBE7-g,Mantra|ShaniiDevJi,1,339,ॐ शं शनैश्चराय नमः
https://youtu.be/kEKE8ZotzAM?si=ZkzllJn7JhsF2G3Y,kEKE8ZotzAM,Stuti|Wealth,1,1032,हमें राधा रानी तेरे नाम का सहारा
https://youtu.be/kE_3b_NaOAE?si=sHrTYnvs_Ht1N8E1,kE_3b_NaOAE,GaneshJi|Stuti,1,483,गणेश वंदना
https://youtu.be/kEqrQNWUVR0?si=QM6gM9QnfS6W2hi6,kEqrQNWUVR0,Peace,1,738,लोका समस्ता
https://youtu.be/kJ3VkWj2BF8?si=qsvZFiwYJ-oIeLnj,kJ3VkWj2BF8,Peace|Shloka,1,788,गीता (अध्याय 6)
https://youtu.be/kLsTGj_BrzA?si=ayltyP-BnUnCaP9h,kLsTGj_BrzA,Chalisa|Wealth,1,1234,हमको मन की शक्ति देना
https://youtu.be/kOgaTaFcgjU?si=JDvMuvOFUXbD0Icu,kOgaTaFcgjU,Knowledge|Mantra|Shloka|Wealth,2,874|1186,सूर्य प्रज्ञा मंत्र | सूर्य मंत्र
https://youtu.be/kQiH4Qk63d4?si=xJ20b6pNl1tzb3WQ,kQiH4Qk63d4,Bhajan|DurjaJi,1,651,तूने मुझे बुलाया शेरावालिये
https://youtu.be/kR4LMcp_AFI?si=fzx4iasop3dNiy4s,kR4LMcp_AFI,Katha|Wealth,1,1432,शिव जी सत्य है
https://youtu.be/kS1Dn4VjUNk?si=ecGHHRZxmNLhUvxa,kS1Dn4VjUNk,ShaniiDevJi|Shloka,1,366,सूर्यपुत्रो दीर्घदेहो विशालाक्षः शिवप्रियः। मन्दचारः प्रसन्नात्मा पीडां हरतु मे शनिः॥
https://youtu.be/kbMinfmC3E0?si=EORk1j1UQxAqRLLu,kbMinfmC3E0,Chalisa|Stuti|Wealth,3,1091|1157|1232,ओ पालनहारे
https://youtu.be/kgvV-TdtWJI?si=Rv6I8CTy3sGjF2Ty,kgvV-TdtWJI,Mantra|ShaniiDevJi,1,340,शनि बीज मंत्र
https://youtu.be/kt9-B0uUmRY?si=Or6uohC4Z_ZY7DZ5,kt9-B0uUmRY,Strotam|VishnuJi,1,237,विष्णु पंजर स्तोत्रम्
https://youtu.be/kxxhO92X8ro?si=kI__HcFg2zNoXZn2,kxxhO92X8ro,GaneshJi|Mantra,1,152,वक्रतुण्ड महाकाय सूर्यकोटि समप्रभ।
https://youtu.be/lUqRs1ReVn8?si=24q7NY4WBKO0Dg-R,lUqRs1ReVn8,Knowledge|Strotam,1,886,बुध स्तोत्र
https://youtu.be/l_pV6jQdQ9c?si=S4GL6AaK1Ph0w14l,l_pV6jQdQ9c,GaneshJi|Stuti,1,478,प्रथम तुला वंदितो
https://youtu.be/leVoi6kkp3o?si=v3atP52xIcpUEFs8,leVoi6kkp3o,Katha|Knowledge|Peace|Shloka|Stuti|Wealth,12,774|900|1069|1084|1143|1161|1209|1286|1359|1369|1498|1499,भए प्रगट कृपाला | राम स्तुति | राम स्तुति (श्री रामचन्द्र..) | श्री राम स्तुति | श्री रामचंद्र कृपालु | श्री रामचंद्र कृपालु भजु मन | श्री रामचन्द्र कृपालु
https://youtu.be/ln8em1Dc5Zs?si=GN2klf1iS7VLEqzm,ln8em1Dc5Zs,Katha|Wealth,1,1039,शिव-पार्वती विवाह
https://youtu.be/lnoXCvbRetI?si=VVTxM9JEQj9a8_Y7,lnoXCvbRetI,Katha|KrishnaJi,1,588,नरकासुर वध कथा...
https://youtu.be/log_B4nMkH0?si=T7hhpGvgFFSaNdjq,log_B4nMkH0,Knowledge|Strotam|Wealth,2,882|1200,नील सरस्वती स्तोत्र | सरस्वती स्तोत्र
https://youtu.be/m0VD0vSXNXQ?si=rYvcj8atb4ReJtxk,m0VD0vSXNXQ,KrishnaJi|Shloka|Wealth,2,565|1242,कर्म श्लोक | कर्मण्येवाधिकारस्ते मा फलेषु कदाचन। मा कर्मफलहेतुर्भूर्मा ते सङ्गोऽस्त्वकर्मणि॥
https://youtu.be/m3P-UtGt3Ts?si=wee1Hbb2XDZh_r50,m3P-UtGt3Ts,Bhajan|LakshmiJi,1,327,लक्ष्मी मैया है तुमसे
https://youtu.be/m8hvtU9Lzzk?si=1K9flqSsHLdbD1bx,m8hvtU9Lzzk,Mantra|Wealth,1,926,महालक्ष्मी मूल मंत्र
https://youtu.be/m8hvtU9Lzzk?si=Y9IBp48e1VidVKd4,m8hvtU9Lzzk,LakshmiJi|Mantra,1,289,श्री सिद्ध लक्ष्मी मंत्र
https://youtu.be/m8koxlMwZBQ?si=mh01vb9TnBQKXSA6,m8koxlMwZBQ,DurjaJi|Strotam,1,609,सिद्ध कुंजिका स्तोत्र:
https://youtu.be/mAsyg8JA6Ss?si=nB6Q9x1tXuBrc2hN,mAsyg8JA6Ss,Stuti|Wealth,1,1030,कन्हैया ले चल पार
https://youtu.be/mGhfk_LKRjg?si=5ukbYBvhM7eSwtoS,mGhfk_LKRjg,Katha|Wealth,1,1466,गणेश द्वादशनाम स्तोत्र
https://youtu.be/mKvxMv3XrWA?si=EvZPdf6e3LLIrBmF,mKvxMv3XrWA,DurjaJi|Strotam,1,616,दुर्गा कवच
https://youtu.be/mZjySBOJj10?si=hNqlQH7zayev0e3e,mZjySBOJj10,Katha|Wealth,1,1386,कभी राम बनके कभी श्याम
https://youtu.be/mhK03kecgr0?si=Sngj8gaqnxIXRDkx,mhK03kecgr0,Chalisa|Wealth,1,1237,प्रभु जी तुम चंदन हम पानी
https://youtu.be/mj8aJ-MkKrI?si=pOm1dpBVOCj_WZ59,mj8aJ-MkKrI,Katha|Wealth,1,1043,कामदेव-रति कथा
https://youtu.be/mmVbmowFswQ?si=4Pq4-LiYvLPJNzNH,mmVbmowFswQ,Katha|Wealth,1,1339,गोवर्धन पर्वत की कथा
https://youtu.be/mmVbmowFswQ?si=pZE5fw0QkulqRM2W,mmVbmowFswQ,Katha|KrishnaJi,1,583,गोवर्धन जी कथा
https://youtu.be/mrH_rSZnxdU?si=lYdSNjCKgNuKEo-j,mrH_rSZnxdU,Aarti|Ramji,1,414,जग जननी सीता माता की आरती
https://youtu.be/msKSippIeOE?si=RB6UilhxgjzXDxD7,msKSippIeOE,GaneshJi|Katha,1,508,पृथ्वी परिक्रमा कथा
https://youtu.be/mzC2BCNNjv8?si=zBzGv6XCc9R0tuPM,mzC2BCNNjv8,Stuti|Wealth,1,1029,सीताराम चरित पावन
https://youtu.be/n4fZknyZlsk?si=5tj8RlXP-RerHJhG,n4fZknyZlsk,Katha|Wealth,1,1554,हे दुख भंजन मारुति नंदन
https://youtu.be/n4fZknyZlsk?si=W6avmHz2Bl7IEuMr,n4fZknyZlsk,Bhajan|HanumanJi|Stuti|Wealth,2,133|1152,हे दुख भंजन मारुति नंदन
https://youtu.be/nD43xuZB9xs?si=LMJtx3GY-6ANjWtb,nD43xuZB9xs,Strotam|Wealth,1,996,राधा कृपा कटाक्ष
https://youtu.be/nLUmRxc6140?si=TlXcstkGhRj6Ed0G,nLUmRxc6140,Katha|Wealth,1,1472,घर में पधारो गजानन जी
https://youtu.be/nLUmRxc6140?si=tDzujtf2OLcvCbDf,nLUmRxc6140,Bhajan|GaneshJi,1,202,घर में पधारो गजानंद जी मेरे घर में पधारो
https://youtu.be/nViaKp1JhsE?si=nSahD2_AP3FA4jr5,nViaKp1JhsE,Katha|Wealth,1,1551,बालाजी अच्छा लागे से
https://youtu.be/n_DeYZEy4Y4?si=sUCnkqbCYX4M_5BL,n_DeYZEy4Y4,Katha|Wealth,1,1493,राम स्तुति मंत्र
https://youtu.be/n_DeYZEy4Y4?si=wdZ7kUQSQ35qIs_5,n_DeYZEy4Y4,Mantra|Ramji,1,388,ॐ श्री रामचन्द्राय नमः
https://youtu.be/nbfyD78Dke0?si=--jK-lqu9SvtXhzK,nbfyD78Dke0,GaneshJi|Katha|Shloka|Wealth,2,496|1452,लक्ष्मी-गणेश मंत्र | ॐ श्रीं गं सौभाग्य गणपतये वर्वर्द सर्वजन्म में वषमान्य स्वाहा
https://youtu.be/ne3Mjg1M-Uo?si=xT7OOKlB5SXv2bDf,ne3Mjg1M-Uo,Katha|Wealth,1,1332,श्री कृष्ण गोविन्द हरे मुरारी
https://youtu.be/nfcB83GU-_A?si=zXSza_hbe-7mKa68,nfcB83GU-_A,DurjaJi|Katha,1,664,मधु-कैटभ वध की कथा
https://youtu.be/ngn4Rfu1ZJU?si=tAl2MMlPP8oVmFi7,ngn4Rfu1ZJU,Shloka|Wealth,1,1172,विष्णु हीलिंग
https://youtu.be/nkH47o7C8ew?si=9laW-JgmfyfmaMTO,nkH47o7C8ew,Peace|Strotam,1,759,निर्वाण षटकम
https://youtu.be/ntpeQR7K0PI?si=4_9jjQ1cbxYs7wRa,ntpeQR7K0PI,Katha|Mantra|Peace|Wealth,2,737|1065,बुद्ध मंत्र
https://youtu.be/nwRoHC83wx0?si=f1Akd4C3BSvXNJaE,nwRoHC83wx0,Katha|Knowledge|Mantra|Peace|Shloka|Wealth,7,730|866|1055|1121|1183|1245|1269,गायत्री मंत्र | बुद्धि श्लोक
https://youtu.be/o5Uk1sxGBZU?si=aIuPQqmzIrromxMt,o5Uk1sxGBZU,HanumanJi|Mantra|Strength,2,79|804,हनुमान बीज मंत्र
https://youtu.be/o70xTR8t0H4?si=HatQvVEQ9HPQgqLD,o70xTR8t0H4,Bhajan|ShaniiDevJi,1,370,सच्चा शनिदेव तेरा दरबार
https://youtu.be/oI7nbhh9oBU?si=Ln_Gw5XMwjb0sGQ3,oI7nbhh9oBU,Mantra|ShaniiDevJi,1,341,ॐ नीलांजनसमाभासं रविपुत्रं यमाग्रजम्। छायामार्तण्डसंभूतं तं नमामि शनैश्चरम्॥
https://youtu.be/oa1tHpermgU?si=VvSwaXWDjjjQ4FfT,oa1tHpermgU,Katha|Shivji,1,73,शिव ने अपने ही पुत्र गणेश का सिर क्यों काटा?
https://youtu.be/oepDHcPHWwc?si=QJr2Vv_RI9lN8rJ1,oepDHcPHWwc,Bhajan|ShaniiDevJi,1,371,शनि जी करदो बेड़ा पार
https://youtu.be/onCk_r8OPe4?si=IuxtvhlHTntByscC,onCk_r8OPe4,Aarti|Ramji,1,416,आरती श्री रघुवर लाला की
https://youtu.be/otWnO-2pwuM?si=yXHgB1p63SthIoiC,otWnO-2pwuM,Chalisa|Wealth,1,951,लक्ष्मी चालीसा
https://youtu.be/p4jvHQz-fYQ?si=9CimlzRjJ45DV_mj,p4jvHQz-fYQ,Chalisa|Strength,1,852,विंध्येश्वरी चालीसा
https://youtu.be/pEM6eMIB6Y0?si=sO9q8icj2HNS2_8r,pEM6eMIB6Y0,Peace|Stuti,1,782,दुर्गा शांति स्तुति
https://youtu.be/pRjGwMSqjZo?si=paIzNVFEfqMABUaj,pRjGwMSqjZo,Bhajan|Ramji,1,426,पायो जी मैंने राम रतन धन पायो
https://youtu.be/pTcdxwTWstI?si=lyJbdwKdQI3eTfXv,pTcdxwTWstI,ShaniiDevJi|Strotam,1,345,शनि वज्र पंजर कवचम्
https://youtu.be/phOoGvDu_h4?si=XKx4FvAb65DYm0Vv,phOoGvDu_h4,LakshmiJi|Strotam|Wealth,2,298|942,लक्ष्मी हृदय स्तोत्र
https://youtu.be/psLJhxiQ85o?si=2-SNh1BWmsciWde8,psLJhxiQ85o,NahaneKeSamay,1,683,स्नान मंत्र
https://youtu.be/pv7ZiedzncE?si=qJEhamSNR06brz_v,pv7ZiedzncE,Ashtakam|Peace,1,764,गुरुवाष्टकम
https://youtu.be/q69QKmywlL8?si=b_pwThhZjb1ce6Vx,q69QKmywlL8,Knowledge|Strotam,1,881,शारदा भुजंग प्रयात स्तोत्र
https://youtu.be/qDt6N68WHy8?si=97ZxYRIXVb01K6_h,qDt6N68WHy8,KrishnaJi|Mantra,1,526,गोकुल नाथाय नमः
https://youtu.be/qGki_RZf2a8?si=T7hPvehLav4MGrsI,qGki_RZf2a8,Katha|Wealth,1,1494,हनुमत-राम मंत्र
https://youtu.be/qR-PxhTOZXY?si=ZBtgkGLQ_x7io_NN,qR-PxhTOZXY,LakshmiJi|Mantra,1,292,ॐ ह्रीं ह्रीं श्री लक्ष्मी वासुदेवाय नम:।
https://youtu.be/qaWHPvFHMTQ?si=AB1sQ2t8QpP0RPjR,qaWHPvFHMTQ,Shloka|Wealth,1,1173,प्राण श्लोक
https://youtu.be/qb5EuozSWA0?si=1DOqyZO7j9BrmhKi,qb5EuozSWA0,LakshmiJi|Strotam|Wealth,2,300|941,अष्टलक्ष्मी स्तोत्र
https://youtu.be/qcaAso2kHqU?si=wYOye8u3iEC2gtQo,qcaAso2kHqU,Katha|Wealth,1,1539,सुंदरकांड
https://youtu.be/r-8-0OwqDjE?si=UMvZ1OKIqCgV3z5I,r-8-0OwqDjE,GaneshJi|Shloka,1,198,विघ्नेश्वराय वरदाय सुरप्रियाय लम्बोदराय सकलाय जगद्धिताय। नागाननाय श्रुतियज्ञविभूषिताय गौरीसुताय गणनाथ नमो नमस्ते॥
https://youtu.be/r66ySZ7iipM?si=FM_yp5XcLh9cQ4q0,r66ySZ7iipM,DurjaJi|Mantra,1,601,ॐ जयन्ती मङ्गला काली भद्रकाली कपालिनी। दुर्गा क्षमा शिवा धात्री स्वाहा स्वधा नमोऽस्तुते॥
https://youtu.be/r66ySZ7iipM?si=NEjamA32NPb6T0qz,r66ySZ7iipM,DurjaJi|Shloka,1,646,जयन्ती मङ्गला काली भद्रकाली कपालिनी। दुर्गा क्षमा शिवा धात्री स्वाहा स्वधा नमोऽस्तु ते॥
https://youtu.be/r7GJ8GoGSD8?si=5vKJpH3tM6QoFwzl,r7GJ8GoGSD8,Aarti|HanumanJi,1,117,आरती कीजै हनुमान लला की
https://youtu.be/r7GJ8GoGSD8?si=_XwHYxWLE9gLr6gI,r7GJ8GoGSD8,Katha|Wealth,1,1361,आरती कीजै हनुमान लला की
https://youtu.be/rNSfDMxWHG8?si=6whX6JaH6V_vfSA4,rNSfDMxWHG8,Katha|Wealth,1,1430,ऐसी सुबह ना आए
https://youtu.be/rPUuIMR7IJg?si=Ih0RY7ld8sJvMgQ6,rPUuIMR7IJg,Katha|Wealth,1,1385,राम जी का नाम लेकर
https://youtu.be/rPUuIMR7IJg?si=plhMh38FMb-YkGTj,rPUuIMR7IJg,Katha|Wealth,1,1553,राम जी का नाम लेकर
https://youtu.be/rSKgqcv-eoc?si=ncBCgt4hMLfctP-G,rSKgqcv-eoc,Bhajan|KrishnaJi,1,576,नंद के आनंद भयो जय कन्हैया लाल की
https://youtu.be/rUmtjKs26dw?si=JRofuERjRhU5rOtv,rUmtjKs26dw,Ramji|Strotam,1,399,राम हृदय स्तोत्र
https://youtu.be/rZVj0e-KP2Y?si=3qFzBksINIHjQhL9,rZVj0e-KP2Y,Ashtakam|Peace,1,767,बिलवाष्टकम
https://youtu.be/raAgqGKgIU8?si=imd0TcZyq9jAJfNN,raAgqGKgIU8,Bhajan|Ramji,1,430,राम कहानी सुनो रे राम कहानी
https://youtu.be/rqgvyF9LBHk?si=Q2TMKsuJzBA3pvYX,rqgvyF9LBHk,Strength,1,835,देवी कवच
https://youtu.be/rtuZZ6pqlW8?si=FtlMEVq6H4tdgQEQ,rtuZZ6pqlW8,Shloka|Wealth,1,1174,भोजन आरोग्य
https://youtu.be/rzAm4kvEDbc?si=esY2jKOVx-Z2hH93,rzAm4kvEDbc,GaneshJi|Shloka,1,199,अभीप्सितार्थ सिद्धयर्थं पूजितो यः सुरासुरैः। सर्वविघ्नहरस्तस्मै गणाधिपतये नमः॥
https://youtu.be/s6eY3KmckxM?si=snJjDcySedBSkWXG,s6eY3KmckxM,Katha|Wealth,1,1338,पूतना वध की कथा
https://youtu.be/s9o8JD8PU6w?si=NdbU-vNmPd5XXH0H,s9o8JD8PU6w,Katha|Wealth,1,1416,बिल्वाष्टकम
https://youtu.be/sAmQN4pox2I?si=J09EISlVTH8pxduh,sAmQN4pox2I,DurjaJi|Strotam,1,612,दुर्गा अष्टोत्तर शतनाम स्तोत्र (108 नाम)
https://youtu.be/sDhrWWWBQLI?si=08qM_PSgcxvPDebN,sDhrWWWBQLI,Katha|Wealth,1,1549,दुनिया चले ना श्री राम के बिना
https://youtu.be/sDhrWWWBQLI?si=q8A3dtzw-Pz1pxK1,sDhrWWWBQLI,Katha|Wealth,1,1384,दुनिया चले ना श्री राम
https://youtu.be/sDhrWWWBQLI?si=x0qKB6U3A5R2FSQr,sDhrWWWBQLI,Bhajan|HanumanJi,1,132,दुनिया चले न श्री राम के बिना
https://youtu.be/sHjD9ChjUsU?si=kj5RxANqbh9URRDf,sHjD9ChjUsU,GaneshJi|Mantra,1,155,संकट नाशक मंत्र
https://youtu.be/sIPwrMosN9k?si=3QzMTb-otB4uncz-,sIPwrMosN9k,LakshmiJi|Stuti,1,313,महालक्ष्मी स्तवनम्
https://youtu.be/sJ3Kg21bNrE?si=hohbJozyLHx2GFo5,sJ3Kg21bNrE,Aarti|ShaniiDevJi,1,363,आरती श्री शनि महाराज की
https://youtu.be/sNBJiXNxuZ0?si=tBfa_WYc8KvWc3wn,sNBJiXNxuZ0,Katha|ShaniiDevJi,1,379,शनिवार व्रत कथा
https://youtu.be/sRjLbmFjjQ0?si=BflcnYp06jrhbI1r,sRjLbmFjjQ0,Katha|Mantra|Ramji|Wealth,2,389|1354,ग्रह दोष निवारण | ॐ नमो भगवते रामचंद्राय
https://youtu.be/sdZpM8paUnM?si=nAeAA34E_6X4S8uO,sdZpM8paUnM,Ashtakam|Katha|Peace|Strotam|Wealth,4,762|997|1311|1324,मधुराष्टकम | मधुराष्टकम (अधरं मधुरं)
https://youtu.be/sgniT3zYZGE?si=BSxImt8-d3zA9-jK,sgniT3zYZGE,GaneshJi|Shloka,1,492,वक्रतुण्ड महाकाय सूर्यकोटि समप्रभ।निर्विघ्नं कुरु मे देव सर्वकार्येषु सर्वदा॥
https://youtu.be/sjWftsKY17c?si=mLCx34MI5E8Wd-Yo,sjWftsKY17c,KrishnaJi|Strotam,1,531,गोपाल सहस्रनाम स्तोत्र
https://youtu.be/snRINfVgunw?si=OBhIF1xWjPyu43K6,snRINfVgunw,Katha|Wealth,2,1351|1491,भय नाशक मंत्र | विपत्ति नाशक मंत्र
https://youtu.be/sqyVe_kOEuQ?si=4JzKtqsmhTRMhR2W,sqyVe_kOEuQ,Aarti|ShaniiDevJi,1,362,जय जय श्री शनिदेव भक्तन हितकारी
https://youtu.be/tH93lLehjCs?si=AAx3xXPsrKqDHpjq,tH93lLehjCs,Katha|Wealth,1,1514,हम कथा सुनाते राम सकल
https://youtu.be/t_ULrM1Ei6k?si=1ZDLM8HZvDtov936,t_ULrM1Ei6k,Aarti|KrishnaJi,1,555,"जय कान्हा काला, प्रभु जय कान्हा काला"
https://youtu.be/tj6yKxSPQZQ?si=_x0KiFTx5Dwnc27J,tj6yKxSPQZQ,Katha|Wealth,1,1294,श्री राम का आगमन
https://youtu.be/tnwdmXa8Kcg?si=H4M-lZvX4nwDP-bn,tnwdmXa8Kcg,KrishnaJi|Mantra,1,520,बीज मंत्र
https://youtu.be/u0TbNGui5tI?si=qV_U-FAw_0SFg-0I,u0TbNGui5tI,Mantra|Strength,1,809,नृसिंह बीज मंत्र
https://youtu.be/uPv-8-Dslos?si=MPWZdugdmWCu9HWS,uPv-8-Dslos,Katha|Wealth,1,1552,हनुमान जब चले
https://youtu.be/uY5YAvygOJs?si=8dBC9W82qOAvOxTd,uY5YAvygOJs,Bhajan|Shivji,1,61,चलो शिव शंकर के मंदिर में भक्तों
https://youtu.be/uZeqfUN1JQ0?si=Lb68rZWdE5QOk92U,uZeqfUN1JQ0,Peace,1,736,सर्वेशम शांति
https://youtu.be/udRgk50LOuA?si=OnWHt9_jUWmMlIHv,udRgk50LOuA,GaneshJi|Strotam,1,173,मयूरेस्वर स्तोत्र:
https://youtu.be/udRgk50LOuA?si=aNXgNWFWUnR1bwfA,udRgk50LOuA,GaneshJi|Strotam,1,466,मयूरेस्वर स्तोत्र
https://youtu.be/ukq70I4YDP8?si=iYTlYHdKfxHOlv8_,ukq70I4YDP8,Katha|Wealth,1,1380,मेरे सरकार आए हैं
https://youtu.be/ut6AHW2stnk?si=Ri_AUS3fsqwYS3Qb,ut6AHW2stnk,Aarti|Ramji,1,417,आरती अवध बिहारी की
https://youtu.be/v5zWGRCJV6c?si=ZLpqnNbRnZ52LKcJ,v5zWGRCJV6c,ShaniiDevJi|Stuti,1,357,शनि स्तुति
https://youtu.be/vLP6gdiDbOU?si=jO6MgHWC3vJEyRrd,vLP6gdiDbOU,Strotam|VishnuJi,1,238,नारायण सुक्तम
https://youtu.be/vLP6gdiDbOU?si=m7rY9Wm1sygwWuaf,vLP6gdiDbOU,Strotam|Wealth,1,946,नारायण सूक्तम
https://youtu.be/vYFOV9nj-_w?si=Fh10acxtqXypmgSV,vYFOV9nj-_w,Katha|Wealth,1,1459,श्री गणेश पञ्चरत्नम्
https://youtu.be/vYFOV9nj-_w?si=_NycUXJsmBt6Da4d,vYFOV9nj-_w,Knowledge|Strotam,1,889,गणेश पंचरत्न स्तोत्र
https://youtu.be/vYFOV9nj-_w?si=r49ExtqDfppGq1cg,vYFOV9nj-_w,Ashtakam|GaneshJi,1,179,श्री गणेशपञ्चरत्नम्
https://youtu.be/vcV_UjRl_OM?si=FuwK91gx91kJVKGN,vcV_UjRl_OM,Katha|Ramji,1,441,श्रीराम वनवास की कथा
https://youtu.be/vfzibQrVPoM?si=y7xPU6cE7-JtCkvc,vfzibQrVPoM,Peace|Shloka|Wealth,2,786|1248,उपनिषद शांति पाठ | शांति-विजय
https://youtu.be/vgu91Z4kXpk?si=iF5pe0X3rmAEvthK,vgu91Z4kXpk,Strotam|Wealth,1,1131,मृत्युंजय स्तोत्र
https://youtu.be/vheWrSxvQf8?si=WSd_Oh9eIu29WaY4,vheWrSxvQf8,KrishnaJi|Strotam,1,535,नारायणीयम्
https://youtu.be/vlc0vWvSrOM?si=fvKhdLJK61GyaAFD,vlc0vWvSrOM,Katha|Wealth,1,1526,सकंट मोचन मंत्र
https://youtu.be/vlc0vWvSrOM?si=kqXnkvDI7kec51Je,vlc0vWvSrOM,Katha|Wealth,2,1353|1404,महाकाल मंत्र | सिद्धि मंत्र
https://youtu.be/vyukL1WLoIs?si=wbOWNri_5mDOH6-D,vyukL1WLoIs,Katha|Wealth,1,1046,सुभद्रा-अर्जुन विवाह
https://youtu.be/w19sRwFqbwY?si=gQYxs5wL-HxhsoAF,w19sRwFqbwY,Chalisa|Strength|Wealth,2,857|954,सरस्वती चालीसा
https://youtu.be/w33Iznz_KsI?si=uYFHFSDCIwF4os7W,w33Iznz_KsI,Strotam|Wealth,1,998,कामदेव स्तोत्र
https://youtu.be/w7HbgKcQS_w?si=9LtJV_tRsaENcyyg,w7HbgKcQS_w,Katha|Wealth,1,1423,शिव शंकर को जिसने पूजा
https://youtu.be/w7HbgKcQS_w?si=KCJVUE_VkpIA8tKc,w7HbgKcQS_w,Bhajan|Shivji|Stuti|Wealth,2,58|1160,शिव शंकर को जिसने पूजा
https://youtu.be/w8piP6I3VS0?si=wbezH3AAc4y4WBwb,w8piP6I3VS0,Stuti|Wealth,1,1089,मीठे रस से भरयो री
https://youtu.be/w9vGn5lQMxU?si=y2-tmAbRLU_U2xLE,w9vGn5lQMxU,Bhajan|LakshmiJi,1,325,मइया लक्ष्मी देती धन धान है
https://youtu.be/wiIJr3qihaQ?si=-f9FdXR6zpC7iHDa,wiIJr3qihaQ,Bhajan|GaneshJi,1,503,गणपति अपने गाँव चले
https://youtu.be/wiIJr3qihaQ?si=5q_29OGfvhaHvRka,wiIJr3qihaQ,Katha|Wealth,1,1473,गणपति अपने गांव चले
https://youtu.be/wm-3ncCBg04?si=5Aihv_vmNlN4pzYT,wm-3ncCBg04,GaneshJi|Katha,1,515,हुआ इतना भयंकर युद्ध के परशुराम जी गणेशजी का दांत तोड़ दिया
https://youtu.be/x0n-mk-_OHg?si=qBZDhZeI421iS3TG,x0n-mk-_OHg,GaneshJi|Shloka,1,195,वक्रतुण्ड महाकाय सूर्यकोटि समप्रभ। निर्विघ्नं कुरु मे देव सर्वकार्येषु सर्वदा॥
https://youtu.be/x3jGb2bWVww?si=lNNVf_rDpkw1WCO6,x3jGb2bWVww,Knowledge|Mantra,1,870,हनुमान बुद्धि मंत्र
https://youtu.be/x4xwzv7zKms?si=N__XDkVXQXgqL8HK,x4xwzv7zKms,Aarti|GaneshJi,1,488,ॐ शेंदुर लाल चढ़ायो अच्छा गजमुख को
https://youtu.be/x59vh8Wga9A?si=yJ0p8EUrHmBJleRO,x59vh8Wga9A,Shloka|Wealth,1,991,अर्धनारीश्वर मंत्र
https://youtu.be/x795jwrP6sY?si=Yx3aq_swuDsuga3X,x795jwrP6sY,Katha|Ramji,1,439,श्री राम ने कैसे किया माँ अहल्या का उद्धार
https://youtu.be/xD_nK8TBYUQ?si=TjCJDoV0_CM_-6Xh,xD_nK8TBYUQ,NahaneKeSamay,1,684,वरुण मंत्र
https://youtu.be/xFvfdjw2eno?si=d8Bz_map05AF4Ekj,xFvfdjw2eno,Katha|Wealth,1,1415,शिव पंचाक्षर स्तोत्र
https://youtu.be/xaKaZvgkKm8?si=S78-0Gmt-ZokKrpm,xaKaZvgkKm8,Katha|Wealth,1,1417,शिव महिम्न स्तोत्र
https://youtu.be/xlaAaxz_tpQ?si=2ky0i3tyEWSaLvi0,xlaAaxz_tpQ,Aarti|KrishnaJi,1,556,आरती श्री बाल कृष्ण जी की
https://youtu.be/xpH5zFWvg1s?si=1eo0ik3s4y8o5a6b,xpH5zFWvg1s,Katha|Wealth,1,1515,सुख के सब साथी दुःख में ना कोई
https://youtu.be/xvaY6-PgNyY?si=1wxv0hpaEyvvF4jN,xvaY6-PgNyY,HanumanJi|Shloka,1,125,मर्कटेश महोत्साह सर्वशोक विनाशन।
https://youtu.be/y-Xv63obhKI?si=M5eZNo40oYpESgJA,y-Xv63obhKI,Katha|Mantra|Ramji|Shloka|Strength|Strotam|Wealth,7,423|811|976|1129|1197|1367|1500,आपदामपहर्तारं दातारं सर्वसंपदाम् | आपदामपहर्तारं दातारं सर्वसंपदाम्। लोकाभिरामं श्रीरामं भूयो भूयो नमाम्यहम्॥ | राम रक्षा कवच मंत्र | राम रक्षा स्तोत्र
https://youtu.be/y9Py0BBVHpQ?si=-NbQ4ysBoYNJS-3Y,y9Py0BBVHpQ,Aarti|Wealth,1,963,माँ वैभव लक्ष्मी आरती
https://youtu.be/yPiSJP34-QM?si=YnJXYPnTNuwpbv0L,yPiSJP34-QM,Chalisa|VishnuJi,1,245,विष्णु चालीसा
https://youtu.be/yWTN6bsDWN4?si=Lzw6_QbV5g85uOt9,yWTN6bsDWN4,Bhajan|KrishnaJi,1,574,यशमति मैया से बोले नंदलाला
https://youtu.be/yWTN6bsDWN4?si=UqPSo0fBRLeKdbXM,yWTN6bsDWN4,Stuti|Wealth,1,1028,यशोमती मैया से बोले
https://youtu.be/yXymIcFJVTY?si=E3QSPPbXbaayLBXy,yXymIcFJVTY,PoojaKeSamay,1,705,आसन मंत्र
https://youtu.be/yaw7T0GnNr0?si=h1dYb9144M_yWkUP,yaw7T0GnNr0,Bhajan|KrishnaJi,1,571,सांवली सूरत पे मोहन दिल दीवाना हो गया
https://youtu.be/yeWPihxDQvA?si=5TDCOox2vWBbCJzB,yeWPihxDQvA,Ramji|Strotam,1,396,श्री राम सहस्रनाम स्तोत्र
https://youtu.be/yfYUZ6juevk?si=txXjqTklefjUdFv9,yfYUZ6juevk,Stuti|Wealth,3,1014|1147|1212,महालक्ष्मी स्तुति | लक्ष्मी आरोग्य स्तुति | लक्ष्मी स्तुति
https://youtu.be/yqzr0_-2XbQ?si=KaaBH4Ke-TxOb1ih,yqzr0_-2XbQ,GaneshJi|Katha,1,211,श्री गणेश जन्म कथा
https://youtu.be/ytV08faCJwg?si=5OYB2QhpM3Jyjw28,ytV08faCJwg,Katha|Wealth,1,1402,शिव गायत्री मंत्र
https://youtu.be/ytV08faCJwg?si=eXY_cZGO-FsueNS1,ytV08faCJwg,Katha|Mantra|Shivji|Wealth,2,8|1401,रुद्र गायत्री मंत्र | शिव गायत्री मंत्र
https://youtu.be/yx_Koe1uOdI?si=AHlai-OftkIyeKnG,yx_Koe1uOdI,Strotam|VishnuJi,1,240,विष्णु भुजंग प्रयात स्तोत्र
https://youtu.be/yzwVyns93nc?si=UqzAJ3pjM1DUhsI7,yzwVyns93nc,Katha|KrishnaJi|Mantra|Wealth,2,525|1305,कृष्ण गायत्री
https://youtu.be/zKC17254flc?si=1RLal5iLIRaiuuMb,zKC17254flc,Strotam|VishnuJi,1,232,विष्णु सहस्रनाम स्तोत्रम्:
https://youtu.be/zKC17254flc?si=yopAvgJ5ioKqpPJq,zKC17254flc,Strength|Strotam,1,840,विष्णु सहस्रनाम
https://youtu.be/zM3ML2Exxlo?si=YJtOX3Gvds7hHr85,zM3ML2Exxlo,SoneSePehle,1,721,क्षमा याचना
https://youtu.be/zOtUr7eqq-Q?si=6Xk-u7lMCxPw1Bef,zOtUr7eqq-Q,Mantra|Wealth,1,933,धन प्रदा मंत्र
https://youtu.be/zUFVftjjHGo?si=ooN4CxSSSJsBs-aP,zUFVftjjHGo,Mantra|Ramji,1,391,आपदामपहर्तारं दातारं सर्वसंपदाम्। लोकाभिरामं श्रीरामं भूयो भूयो नमाम्यहम्॥
https://youtu.be/zUdp2fQJemw?si=jdzUfbtXHLEoG4OC,zUdp2fQJemw,Katha|Shivji,1,68,सम्पूर्ण गाथा नीलकंठ की
https://youtu.be/zdZ67AM47u8?si=Ff03RfC0f0Fll-oI,zdZ67AM47u8,Aarti|Shloka|Wealth,2,960|1273,ओम जय लक्ष्मी माता | लक्ष्मी जी की आरती
https://youtu.be/zfhnJkZbtB0?si=J0cNKvR_xcs-AdL7,zfhnJkZbtB0,Bhajan|Shivji,1,62,भोले भंडारी सबके ही भंडार भरे
https://youtu.be/zkUxRCOUWVo?si=iB21dUCzH49ADVXn,zkUxRCOUWVo,Katha|Wealth,1,1429,भोले ओ भोले
https://youtu.be/ztcH7tkeLhs?si=C0V9hG-DwmGJeZjj,ztcH7tkeLhs,Strotam|Wealth,1,940,ऋण मोचन मंगल स्तोत्र
https://youtu.be/zukqadAe9N8?si=M1D-iNfUXiTaOKDm,zukqadAe9N8,Peace|Strotam,1,761,शिव मानस पूजा
https://youtu.be/zukqadAe9N8?si=c6fU3iNcPs4fnzy_,zukqadAe9N8,Katha|Wealth,1,1413,शिव मानस पूजा
https://youtube.com/shorts/1mCkCzBIvDo?si=gbomNeAXomyRR6Xw,1mCkCzBIvDo,Katha|Shloka|Wealth,5,1099|1244|1263|1450|1479,गणेश श्लोक | निर्विघ्न मंत्र | वक्रतुण्ड महाकाय
https://youtube.com/shorts/1z4ohQ5wjVQ?si=qFSjLi160P6jWR1Q,1z4ohQ5wjVQ,BhojanKeBaad,1,702,चरणामृत मंत्र
https://youtube.com/shorts/5fSrgIFS_EM?si=URx57pYNWGu7fTip,5fSrgIFS_EM,PoojaKeBaad,1,715,प्रदक्षिणा मंत्र
https://youtube.com/shorts/7BEYmt8EeX8?si=kqi58ODFW_qjBs1A,7BEYmt8EeX8,Shloka|Strotam|Wealth,4,967|1196|1267|1280,नमो नमस्तेऽस्तु महामाये श्रीपीठे सुरपूजिते | महालक्ष्मी अष्टकम
https://youtube.com/shorts/8-qBFaUbKfs?si=3v_PngXwBsh9bHST,8-qBFaUbKfs,Shloka|Wealth,1,974,कर्मण्येवाधिकारस्ते मा फलेषु कदाचन
https://youtube.com/shorts/8-qBFaUbKfs?si=KrUhmC4PxuR0yc_a,8-qBFaUbKfs,Knowledge|Shloka,1,916,गीता श्लोक 2
https://youtube.com/shorts/8HTkpFKRqbw?si=gXDWT4gUuB1QS0Sj,8HTkpFKRqbw,Knowledge|Mantra,1,867,विद्या प्राप्ति मंत्र
https://youtube.com/shorts/8HTkpFKRqbw?si=lKsOmUxq3-s1g_eR,8HTkpFKRqbw,Knowledge|Shloka,1,913,सरस्वती श्लोक
https://youtube.com/shorts/8hbV_LQKvv0?si=k4cFAIlX83ys0rDI,8hbV_LQKvv0,Shloka|Strotam|Wealth,2,968|1198,धनं धान्यं पशुं बहुपुत्रलाभं शतसंवत्सरं दीर्घमायुः | श्री सूक्तम
https://youtube.com/shorts/8rXQPg2o2NI?si=qxUb07QrdaPiXCPZ,8rXQPg2o2NI,Peace|Shloka,1,795,संतुलन श्लोक
https://youtube.com/shorts/A01Ms9WILjA?si=KGdLKpQz4FqoFG9l,A01Ms9WILjA,SubahUthteHi,1,678,नवग्रह प्रभात मंत्र
https://youtube.com/shorts/AK-fDVxDV6A?si=hJqXBNcFgGpUmF7A,AK-fDVxDV6A,Katha|NahaneKeBaad|Wealth,3,690|1060|1399,पंचाक्षरी मंत्र | शिव पंचाक्षर
https://youtube.com/shorts/Asb3NCYzDnM?si=2Ip-bhoGeriuglXN,Asb3NCYzDnM,Shloka|Wealth,2,1102|1246,विद्या श्लोक | सरस्वती श्लोक
https://youtube.com/shorts/DnPBZvI1YCg?si=2O3c1NfZk4fj_OzH,DnPBZvI1YCg,NahaneKeBaad,1,689,गायत्री मंत्र
https://youtube.com/shorts/G-LD7NIP8Vs?si=spLFLTo06gHTTYLv,G-LD7NIP8Vs,SoneSePehle,1,722,विष्णु स्मरण
https://youtube.com/shorts/IPmuTHmizWo?si=XZ2PxqPnPCnTi9QR,IPmuTHmizWo,Katha|Shloka|Wealth,2,1100|1403,करपूर गौरं मंत्र | शिव श्लोक
https://youtube.com/shorts/IXIA0ua2WDs?si=4cKvCmZ8Ew4lFZnq,IXIA0ua2WDs,BhojanKeBaad,1,700,अगस्त्य मंत्र
https://youtube.com/shorts/IpnEpKR9Qrs?si=oblu0Y1NfxniQt1B,IpnEpKR9Qrs,Shloka|Wealth,1,1104,मंगल श्लोक
https://youtube.com/shorts/Is7xRqhvlvU?si=qARyNsuIj0WI9zTT,Is7xRqhvlvU,SubahUthteHi,1,677,पृथ्वी क्षमा प्रार्थना
https://youtube.com/shorts/J6nx86MKzeA?si=Ma4-zWFrTo-M-52R,J6nx86MKzeA,Shloka|Wealth,1,1098,समर्पण श्लोक
https://youtube.com/shorts/R-DMV8NHR3g?si=EIPgctHvzEgL2I5Q,R-DMV8NHR3g,NahaneKeBaad,1,688,सूर्य अर्घ्य
https://youtube.com/shorts/RM8VZu4aFFA?si=hcKNCncaQbr3yGl6,RM8VZu4aFFA,BhojanSePehle,1,696,अन्नपूर्णा स्तुति
https://youtube.com/shorts/U5XZNBFMFm4?si=ZQOWvCHdZfFJKL7h,U5XZNBFMFm4,Katha|Wealth,1,1306,संतान गोपाल मंत्र
https://youtube.com/shorts/W8_pcfb0Mgk?si=Nb9rTpxGI6TMzTDo,W8_pcfb0Mgk,SoneSePehle,1,720,शयन मंत्र
https://youtube.com/shorts/Z6qY7bZI3jk?si=dLnC6mUncXWL2P2K,Z6qY7bZI3jk,Shloka|Wealth,1,1105,भक्ति श्लोक
https://youtube.com/shorts/_fGRay5SF5k?si=NRI8iKUB1ASVK3nK,_fGRay5SF5k,NahaneKeBaad,1,692,तुलसी प्रार्थना
https://youtube.com/shorts/aOHRIfSBjwY?si=zMFYh2Zdz7XqFqEC,aOHRIfSBjwY,SubahUthteHi,1,679,मंगल स्मरण मंत्र
https://youtube.com/shorts/b-NuoK3gfuc?si=PHObrCIYkVvrbSJ6,b-NuoK3gfuc,Shloka|Wealth,1,1243,विजय श्लोक
https://youtube.com/shorts/fGShWlmiDyE?si=sHBTIs2BRo6Bf0Pj,fGShWlmiDyE,Shloka|Wealth,2,1101|1249,गुरु कृपा | गुरु श्लोक
https://youtube.com/shorts/gtP55rMID_4?si=cyPJRDPUhifikHN2,gtP55rMID_4,Peace|Shloka,1,796,ध्यान मूलम्
https://youtube.com/shorts/gzd3cfS-SIE?si=LbgxNx5RT8Dak9i3,gzd3cfS-SIE,NahaneKeBaad,1,691,चंदन लगाने का मंत्र
https://youtube.com/shorts/hGMBqByQYjc?si=Q7qr-LXZlCVp8TGA,hGMBqByQYjc,Shloka|Wealth,1,1103,प्रभात श्लोक
https://youtube.com/shorts/hzQqfRM-mtA?si=whkvJBQngpHbomLh,hzQqfRM-mtA,PoojaKeSamay,1,707,गणेश वंदना
https://youtube.com/shorts/jBIA9Ap-VR0?si=3Gxj8KQQsu6h2icW,jBIA9Ap-VR0,PoojaKeSamay,1,706,दीप मंत्र
https://youtube.com/shorts/l-Ky7bRU7Ys?si=O7bu3zjBGyfRjwVm,l-Ky7bRU7Ys,PoojaKeBaad,1,714,पूर्णमदः मंत्र
https://youtube.com/shorts/lacNlWQ87Z8?si=DoslwmmZPKqU9g_1,lacNlWQ87Z8,Peace|Shloka,1,794,मन नियंत्रण (गीता)
https://youtube.com/shorts/r4k-aM0MJ2w?si=Qjs577cDJd79KsFl,r4k-aM0MJ2w,SubahUthteHi,1,680,पंचकन्या स्मरण
https://youtube.com/shorts/tF0E-LA9nP8?si=hJ-oqm05sw8P2cZ2,tF0E-LA9nP8,Knowledge|Shloka,1,909,चाणक्य नीति
https://youtube.com/shorts/uCiRodyfM_8?si=PN-Mn7CrHYKViZK_,uCiRodyfM_8,Shloka|Wealth,2,1097|1169,शांति श्लोक
https://youtube.com/shorts/vYcSZAYfzaM?si=x1ZVFUHW2SanoxGv,vYcSZAYfzaM,PoojaKeSamay,1,711,पुष्पाञ्जलि श्लोक
https://youtube.com/shorts/vp2Wp1mtb7o?si=94qjGBD7qZDFoWA3,vp2Wp1mtb7o,Knowledge|Shloka,1,912,वैदिक विद्या
https://youtube.com/shorts/vp2Wp1mtb7o?si=ZDoZPcitIfChkb7U,vp2Wp1mtb7o,Peace|Shloka,1,797,अध्यात्म श्लोक
https://youtube.com/shorts/ycvqpPFyQSU?si=tJjnZm6QMTDBoMPY,ycvqpPFyQSU,Knowledge|PoojaKeSamay|Stuti,2,708|895,गुरु वंदना | गुरु वंदना (गुरुर्ब्रह्मा..)
https://youtube.com/shorts/zolakx_rOSQ?si=Vp--jZEZzZ9vBkXI,zolakx_rOSQ,Shloka|Wealth,1,971,यत्र योगेश्वरः कृष्णो यत्र पार्थो धनुर्धरः
