GaneshJi,Mantra,ॐ वक्रतुण्डाय हुम्,Om Vakratundaya Hum,https://ddappcdn.techxr.co/ShubhDarshan/Thumbnails/BhajanThumbnails/Default/Default.webp,Default
GaneshJi,Mantra,ॐ हस्ति पिशाचि लिख स्वाहा,Om Hasti Pishachi Likha Swaha,https://ddappcdn.techxr.co/ShubhDarshan/Thumbnails/BhajanThumbnails/Default/Default.webp,Default
GaneshJi,Ashtakam,गणेश अष्टकम,Ganesh Ashtakam,https://ddappcdn.techxr.co/ShubhDarshan/Thumbnails/BhajanThumbnails/Default/Default.webp,Default
GaneshJi,Stuti,गणेश वंदना,Ganesh Vandana,https://ddappcdn.techxr.co/ShubhDarshan/Thumbnails/BhajanThumbnails/Default/Default.webp,Default
GaneshJi,Shloka,सुमुखश्चैकदन्तश्च,Sumukhashchaikadantashcha,https://ddappcdn.techxr.co/ShubhDarshan/Thumbnails/BhajanThumbnails/Default/Default.webp,Default
GaneshJi,Shloka,ॐ श्रीं गं सौभाग्य गणपतये वर्वर्द सर्वजन्म में वषमान्य स्वाहा,Om Shreem Gam Saubhagya Ganapataye Varvarada Sarvajanma Me Vashamanya Swaha,https://ddappcdn.techxr.co/ShubhDarshan/Thumbnails/BhajanThumbnails/Default/Default.webp,Default
GaneshJi,Bhajan,देवा श्री गणेशा,Deva Shri Ganesha,https://ddappcdn.techxr.co/ShubhDarshan/Thumbnails/BhajanThumbnails/Default/Default.webp,Default
GaneshJi,Bhajan,मौर्या रे बाप्पा मौर्या रे,Maurya Re Bappa Maurya Re,https://ddappcdn.techxr.co/ShubhDarshan/Thumbnails/BhajanThumbnails/Default/Default.webp,Default
GaneshJi,Bhajan,गजानना श्री गणराया,Gajanana Shri Ganaraya,https://ddappcdn.techxr.co/ShubhDarshan/Thumbnails/BhajanThumbnails/Default/Default.webp,Default
GaneshJi,Katha,पृथ्वी परिक्रमा कथा,Prithvi Parikrama Katha,https://ddappcdn.techxr.co/ShubhDarshan/Thumbnails/BhajanThumbnails/Default/Default.webp,Default
GaneshJi,Katha,संकष्टी चतुर्थी व्रत कथा,Sankashti Chaturthi Vrat Katha,https://ddappcdn.techxr.co/ShubhDarshan/Thumbnails/BhajanThumbnails/Default/Default.webp,Default
GaneshJi,Katha,गणेश जी ने कुबेर का घमंड कैसे तोडा,Ganesh Ji Ne Kuber Ka Ghamand Kaise Toda,https://ddappcdn.techxr.co/ShubhDarshan/Thumbnails/BhajanThumbnails/Default/Default.webp,Default
GaneshJi,Katha,रिद्धि-सिद्धि विवाह कथा,Riddhi-Siddhi Vivah Katha,https://ddappcdn.techxr.co/ShubhDarshan/Thumbnails/BhajanThumbnails/Default/Default.webp,Default
GaneshJi,Katha,हुआ इतना भयंकर युद्ध के परशुराम जी गणेशजी का दांत तोड़ दिया,Hua Itna Bhayankar Yudh Ke Parshuram Ji Ganesh Ji Ka Daant Tod Diya,https://ddappcdn.techxr.co/ShubhDarshan/Thumbnails/BhajanThumbnails/Default/Default.webp,Default
SubahUthteHi,misc,करादर्शनम्,Karadarshanam,https://ddappcdn.techxr.co/ShubhDarshan/Thumbnails/BhajanThumbnails/Default/Default.webp,Default
SubahUthteHi,misc,पृथ्वी क्षमा प्रार्थना,Prithvi Kshama Prarthana,https://ddappcdn.techxr.co/ShubhDarshan/Thumbnails/BhajanThumbnails/Default/Default.webp,Default
SubahUthteHi,misc,नवग्रह प्रभात मंत्र,Navgrah Prabhat Mantra,https://ddappcdn.techxr.co/ShubhDarshan/Thumbnails/BhajanThumbnails/Default/Default.webp,Default
SubahUthteHi,misc,मंगल स्मरण मंत्र,Mangal Smaran Mantra,https://ddappcdn.techxr.co/ShubhDarshan/Thumbnails/BhajanThumbnails/Default/Default.webp,Default
SubahUthteHi,misc,पंचकन्या स्मरण,Panchkanya Smaran,https://ddappcdn.techxr.co/ShubhDarshan/Thumbnails/BhajanThumbnails/Default/Default.webp,Default
NahaneKeSamay,misc,स्नान मंत्र,Snan Mantra,https://ddappcdn.techxr.co/ShubhDarshan/Thumbnails/BhajanThumbnails/Default/Default.webp,Default
NahaneKeSamay,misc,वरुण मंत्र,Varun Mantra,https://ddappcdn.techxr.co/ShubhDarshan/Thumbnails/BhajanThumbnails/Default/Default.webp,Default
NahaneKeBaad,misc,सूर्य अर्घ्य,Surya Arghya,https://ddappcdn.techxr.co/ShubhDarshan/Thumbnails/BhajanThumbnails/Default/Default.webp,Default
NahaneKeBaad,misc,गायत्री मंत्र,Gayatri Mantra,https://ddappcdn.techxr.co/ShubhDarshan/Thumbnails/BhajanThumbnails/Default/Default.webp,Default
NahaneKeBaad,misc,चंदन लगाने का मंत्र,Chandan Lagane Ka Mantra,https://ddappcdn.techxr.co/ShubhDarshan/Thumbnails/BhajanThumbnails/Default/Default.webp,Default
NahaneKeBaad,misc,तुलसी प्रार्थना,Tulsi Prarthana,https://ddappcdn.techxr.co/ShubhDarshan/Thumbnails/BhajanThumbnails/Default/Default.webp,Default
BhojanSePehle,misc,ब्रह्मार्पण मंत्र,Brahmarpan Mantra,https://ddappcdn.techxr.co/ShubhDarshan/Thumbnails/BhajanThumbnails/Default/Default.webp,Default
BhojanSePehle,misc,अन्नपूर्णा स्तुति,Annapurna Stuti,https://ddappcdn.techxr.co/ShubhDarshan/Thumbnails/BhajanThumbnails/Default/Default.webp,Default
BhojanSePehle,misc,शांति मंत्र,Shanti Mantra,https://ddappcdn.techxr.co/ShubhDarshan/Thumbnails/BhajanThumbnails/Default/Default.webp,Default
BhojanKeBaad,misc,अगस्त्य मंत्र,Agastya Mantra,https://ddappcdn.techxr.co/ShubhDarshan/Thumbnails/BhajanThumbnails/Default/Default.webp,Default
BhojanKeBaad,misc,कृतज्ञता,Kritagyata,https://ddappcdn.techxr.co/ShubhDarshan/Thumbnails/BhajanThumbnails/Default/Default.webp,Default
BhojanKeBaad,misc,चरणामृत मंत्र,Charanamrit Mantra,https://ddappcdn.techxr.co/ShubhDarshan/Thumbnails/BhajanThumbnails/Default/Default.webp,Default
PoojaKeSamay,misc,आसन मंत्र,Aasan Mantra,https://ddappcdn.techxr.co/ShubhDarshan/Thumbnails/BhajanThumbnails/Default/Default.webp,Default
PoojaKeSamay,misc,दीप मंत्र,Deep Mantra,https://ddappcdn.techxr.co/ShubhDarshan/Thumbnails/BhajanThumbnails/Default/Default.webp,Default
PoojaKeSamay,misc,गणेश वंदना,Ganesh Vandana,https://ddappcdn.techxr.co/ShubhDarshan/Thumbnails/BhajanThumbnails/Default/Default.webp,Default
PoojaKeSamay,misc,गुरु वंदना,Guru Vandana,https://ddappcdn.techxr.co/ShubhDarshan/Thumbnails/BhajanThumbnails/Default/Default.webp,Default
PoojaKeSamay,misc,आचमन मंत्र,Aachaman Mantra,https://ddappcdn.techxr.co/ShubhDarshan/Thumbnails/BhajanThumbnails/Default/Default.webp,Default
PoojaKeSamay,misc,पुष्पाञ्जलि श्लोक,Pushpanjali Shloka,https://ddappcdn.techxr.co/ShubhDarshan/Thumbnails/BhajanThumbnails/Default/Default.webp,Default
PoojaKeBaad,misc,पूर्णमदः मंत्र,Purnamadah Mantra,https://ddappcdn.techxr.co/ShubhDarshan/Thumbnails/BhajanThumbnails/Default/Default.webp,Default
PoojaKeBaad,misc,प्रदक्षिणा मंत्र,Pradakshina Mantra,https://ddappcdn.techxr.co/ShubhDarshan/Thumbnails/BhajanThumbnails/Default/Default.webp,Default
SoneSePehle,misc,हनुमान मंत्र,Hanuman Mantra,https://ddappcdn.techxr.co/ShubhDarshan/Thumbnails/BhajanThumbnails/Default/Default.webp,Default
SoneSePehle,misc,रक्षा मंत्र,Raksha Mantra,https://ddappcdn.techxr.co/ShubhDarshan/Thumbnails/BhajanThumbnails/Default/Default.webp,Default
SoneSePehle,misc,शयन मंत्र,Shayan Mantra,https://ddappcdn.techxr.co/ShubhDarshan/Thumbnails/BhajanThumbnails/Default/Default.webp,Default
SoneSePehle,misc,क्षमा याचना,Kshama Yachana,https://ddappcdn.techxr.co/ShubhDarshan/Thumbnails/BhajanThumbnails/Default/Default.webp,Default
SoneSePehle,misc,विष्णु स्मरण,Vishnu Smaran,https://ddappcdn.techxr.co/ShubhDarshan/Thumbnails/BhajanThumbnails/Default/Default.webp,Default
peace_of_mind,Mantra,ओम चैंटिंग,Om Chanting,https://ddappcdn.techxr.co/ShubhDarshan/Thumbnails/BhajanThumbnails/Default/Default.webp,Default
peace_of_mind,Mantra,गायत्री मंत्र,Gayatri Mantra,https://ddappcdn.techxr.co/ShubhDarshan/Thumbnails/BhajanThumbnails/Default/Default.webp,Default
peace_of_mind,Mantra,शांति मंत्र,Shanti Mantra,https://ddappcdn.techxr.co/ShubhDarshan/Thumbnails/BhajanThumbnails/Default/Default.webp,Default
peace_of_mind,Mantra,सर्वेशम शांति,Sarvesham Shanti,https://ddappcdn.techxr.co/ShubhDarshan/Thumbnails/BhajanThumbnails/Default/Default.webp,Default
peace_of_mind,Mantra,बुद्ध मंत्र,Buddha Mantra,https://ddappcdn.techxr.co/ShubhDarshan/Thumbnails/BhajanThumbnails/Default/Default.webp,Default
peace_of_mind,Mantra,लोका समस्ता,Loka Samasta,https://ddappcdn.techxr.co/ShubhDarshan/Thumbnails/BhajanThumbnails/Default/Default.webp,Default
peace_of_mind,Mantra,सरस्वती मंत्र,Saraswati Mantra,https://ddappcdn.techxr.co/ShubhDarshan/Thumbnails/BhajanThumbnails/Default/Default.webp,Default
peace_of_mind,Mantra,हनुमान मंत्र,Hanuman Mantra,https://ddappcdn.techxr.co/ShubhDarshan/Thumbnails/BhajanThumbnails/Default/Default.webp,Default
peace_of_mind,Mantra,असतो मा,Asato Ma,https://ddappcdn.techxr.co/ShubhDarshan/Thumbnails/BhajanThumbnails/Default/Default.webp,Default
peace_of_mind,Mantra,गुरु मंत्र,Guru Mantra,https://ddappcdn.techxr.co/ShubhDarshan/Thumbnails/BhajanThumbnails/Default/Default.webp,Default
peace_of_mind,Mantra,निर्वाण षटकम,Nirvana Shatakam,https://ddappcdn.techxr.co/ShubhDarshan/Thumbnails/BhajanThumbnails/Default/Default.webp,Default
peace_of_mind,Mantra,सो-हम मंत्र,So-Ham Mantra,https://ddappcdn.techxr.co/ShubhDarshan/Thumbnails/BhajanThumbnails/Default/Default.webp,Default
peace_of_mind,Mantra,रा मा दा सा,Ra Ma Da Sa,https://ddappcdn.techxr.co/ShubhDarshan/Thumbnails/BhajanThumbnails/Default/Default.webp,Default
peace_of_mind,Mantra,अहं ब्रह्मास्मि,Aham Brahmasmi,https://ddappcdn.techxr.co/ShubhDarshan/Thumbnails/BhajanThumbnails/Default/Default.webp,Default
peace_of_mind,Strotam,निर्वाण षटकम,Nirvana Shatakam,https://ddappcdn.techxr.co/ShubhDarshan/Thumbnails/BhajanThumbnails/Default/Default.webp,Default
peace_of_mind,Strotam,लिंगाष्टकम,Lingashtakam,https://ddappcdn.techxr.co/ShubhDarshan/Thumbnails/BhajanThumbnails/Default/Default.webp,Default
peace_of_mind,Strotam,शिव मानस पूजा,Shiv Manas Puja,https://ddappcdn.techxr.co/ShubhDarshan/Thumbnails/BhajanThumbnails/Default/Default.webp,Default
peace_of_mind,Strotam,गुरुवाष्टकम,Guruvashtakam,https://ddappcdn.techxr.co/ShubhDarshan/Thumbnails/BhajanThumbnails/Default/Default.webp,Default
peace_of_mind,Strotam,दक्षिणमूर्ति स्तोत्रम,Dakshinamurti Stotram,https://ddappcdn.techxr.co/ShubhDarshan/Thumbnails/BhajanThumbnails/Default/Default.webp,Default
peace_of_mind,Strotam,बिलवाष्टकम,Bilvashtakam,https://ddappcdn.techxr.co/ShubhDarshan/Thumbnails/BhajanThumbnails/Default/Default.webp,Default
peace_of_mind,Stuti,करादर्शनम्,Karadarshanam,https://ddappcdn.techxr.co/ShubhDarshan/Thumbnails/BhajanThumbnails/Default/Default.webp,Default
peace_of_mind,Stuti,श्री रामचंद्र कृपालु,Shri Ramchandra Kripalu,https://ddappcdn.techxr.co/ShubhDarshan/Thumbnails/BhajanThumbnails/Default/Default.webp,Default
peace_of_mind,Stuti,शिव रुद्राष्टकम स्तुति,Shiv Rudrashtakam Stuti,https://ddappcdn.techxr.co/ShubhDarshan/Thumbnails/BhajanThumbnails/Default/Default.webp,Default
peace_of_mind,Stuti,शिव मानस स्तुति,Shiv Manas Stuti,https://ddappcdn.techxr.co/ShubhDarshan/Thumbnails/BhajanThumbnails/Default/Default.webp,Default
peace_of_mind,Stuti,सरस्वती स्तुति,Saraswati Stuti,https://ddappcdn.techxr.co/ShubhDarshan/Thumbnails/BhajanThumbnails/Default/Default.webp,Default
peace_of_mind,Stuti,विष्णु मंगल स्तुति,Vishnu Mangal Stuti,https://ddappcdn.techxr.co/ShubhDarshan/Thumbnails/BhajanThumbnails/Default/Default.webp,Default
peace_of_mind,Stuti,अपराध क्षमापन स्तुति,Apradh Kshamapan Stuti,https://ddappcdn.techxr.co/ShubhDarshan/Thumbnails/BhajanThumbnails/Default/Default.webp,Default
peace_of_mind,Stuti,श्री कृष्ण स्तुति,Shri Krishna Stuti,https://ddappcdn.techxr.co/ShubhDarshan/Thumbnails/BhajanThumbnails/Default/Default.webp,Default
peace_of_mind,Stuti,दुर्गा शांति स्तुति,Durga Shanti Stuti,https://ddappcdn.techxr.co/ShubhDarshan/Thumbnails/BhajanThumbnails/Default/Default.webp,Default
peace_of_mind,Shloka,उपनिषद शांति पाठ,Upanishad Shanti Path,https://ddappcdn.techxr.co/ShubhDarshan/Thumbnails/BhajanThumbnails/Default/Default.webp,Default
peace_of_mind,Shloka,गीता (अध्याय 2),Gita (Adhyay 2),https://ddappcdn.techxr.co/ShubhDarshan/Thumbnails/BhajanThumbnails/Default/Default.webp,Default
peace_of_mind,Shloka,गीता (अध्याय 6),Gita (Adhyay 6),https://ddappcdn.techxr.co/ShubhDarshan/Thumbnails/BhajanThumbnails/Default/Default.webp,Default
peace_of_mind,Shloka,ईशावास्य उपनिषद,Ishavasya Upanishad,https://ddappcdn.techxr.co/ShubhDarshan/Thumbnails/BhajanThumbnails/Default/Default.webp,Default
peace_of_mind,Shloka,गीता (अध्याय 6),Gita (Adhyay 6),https://ddappcdn.techxr.co/ShubhDarshan/Thumbnails/BhajanThumbnails/Default/Default.webp,Default
peace_of_mind,Shloka,शांति मंत्र,Shanti Mantra,https://ddappcdn.techxr.co/ShubhDarshan/Thumbnails/BhajanThumbnails/Default/Default.webp,Default
peace_of_mind,Shloka,शांति पाठ,Shanti Path,https://ddappcdn.techxr.co/ShubhDarshan/Thumbnails/BhajanThumbnails/Default/Default.webp,Default
peace_of_mind,Shloka,मन नियंत्रण (गीता),Man Niyantran (Gita),https://ddappcdn.techxr.co/ShubhDarshan/Thumbnails/BhajanThumbnails/Default/Default.webp,Default
peace_of_mind,Shloka,संतुलन श्लोक,Santulan Shlok,https://ddappcdn.techxr.co/ShubhDarshan/Thumbnails/BhajanThumbnails/Default/Default.webp,Default
peace_of_mind,Shloka,ध्यान मूलम्,Dhyan Moolam,https://ddappcdn.techxr.co/ShubhDarshan/Thumbnails/BhajanThumbnails/Default/Default.webp,Default
peace_of_mind,Shloka,अध्यात्म श्लोक,Adhyatma Shlok,https://ddappcdn.techxr.co/ShubhDarshan/Thumbnails/BhajanThumbnails/Default/Default.webp,Default
Strength,Mantra,काली मंत्र,Kali Mantra,https://ddappcdn.techxr.co/ShubhDarshan/Thumbnails/BhajanThumbnails/Default/Default.webp,Default
Strength,Mantra,नृसिंह गायत्री,Nrisingh Gayatri,https://ddappcdn.techxr.co/ShubhDarshan/Thumbnails/BhajanThumbnails/Default/Default.webp,Default
Strength,Mantra,नृसिंह बीज मंत्र,Nrisingh Beej Mantra,https://ddappcdn.techxr.co/ShubhDarshan/Thumbnails/BhajanThumbnails/Default/Default.webp,Default
Strength,Mantra,सुदर्शन मंत्र,Sudarshan Mantra,https://ddappcdn.techxr.co/ShubhDarshan/Thumbnails/BhajanThumbnails/Default/Default.webp,Default
Strength,Mantra,कार्तिकेय मंत्र,Kartikeya Mantra,https://ddappcdn.techxr.co/ShubhDarshan/Thumbnails/BhajanThumbnails/Default/Default.webp,Default
Strength,Mantra,बगलामुखी बीज मंत्र,Baglamukhi Beej Mantra,https://ddappcdn.techxr.co/ShubhDarshan/Thumbnails/BhajanThumbnails/Default/Default.webp,Default
Strength,Mantra,गरुड़ शक्ति मंत्र,Garuda Shakti Mantra,https://ddappcdn.techxr.co/ShubhDarshan/Thumbnails/BhajanThumbnails/Default/Default.webp,Default
Strength,Strotam,राम रक्षा स्तोत्र,राम रक्षा स्तोत्र,https://ddappcdn.techxr.co/ShubhDarshan/Thumbnails/BhajanThumbnails/Default/Default.webp,Default
Strength,Strotam,पंचमुखी हनुमान कवच,पंचमुखी हनुमान कवच,https://ddappcdn.techxr.co/ShubhDarshan/Thumbnails/BhajanThumbnails/Default/Default.webp,Default
Strength,Strotam,दुर्गा सप्तश्लोकी,दुर्गा सप्तश्लोकी,https://ddappcdn.techxr.co/ShubhDarshan/Thumbnails/BhajanThumbnails/Default/Default.webp,Default
Strength,Strotam,नृसिंह स्तोत्रम,नृसिंह स्तोत्रम,https://ddappcdn.techxr.co/ShubhDarshan/Thumbnails/BhajanThumbnails/Default/Default.webp,Default
Strength,Strotam,कालभैरव अष्टकम,कालभैरव अष्टकम,https://ddappcdn.techxr.co/ShubhDarshan/Thumbnails/BhajanThumbnails/Default/Default.webp,Default
Strength,Strotam,बजरंग बाण,Bajrang Baan,https://ddappcdn.techxr.co/ShubhDarshan/Thumbnails/BhajanThumbnails/Default/Default.webp,Default
Strength,Strotam,नारायण कवच,Narayan Kavach,https://ddappcdn.techxr.co/ShubhDarshan/Thumbnails/BhajanThumbnails/Default/Default.webp,Default
Strength,Strotam,सुदर्शन अष्टकम,सुदर्शन अष्टकम,https://ddappcdn.techxr.co/ShubhDarshan/Thumbnails/BhajanThumbnails/Default/Default.webp,Default
Strength,Strotam,नृसिंह कवच,नृसिंह कवच,https://ddappcdn.techxr.co/ShubhDarshan/Thumbnails/BhajanThumbnails/Default/Default.webp,Default
Strength,Strotam,देवी कवच,देवी कवच,https://ddappcdn.techxr.co/ShubhDarshan/Thumbnails/BhajanThumbnails/Default/Default.webp,Default
Strength,Strotam,महाकाली स्तोत्र,महाकाली स्तोत्र,https://ddappcdn.techxr.co/ShubhDarshan/Thumbnails/BhajanThumbnails/Default/Default.webp,Default
Strength,Strotam,कार्तिकेय कवच,कार्तिकेय कवच,https://ddappcdn.techxr.co/ShubhDarshan/Thumbnails/BhajanThumbnails/Default/Default.webp,Default
Strength,Chalisa,काली चालीसा,Kali Chalisa,https://ddappcdn.techxr.co/ShubhDarshan/Thumbnails/BhajanThumbnails/Default/Default.webp,Default
Strength,Chalisa,भैरव चालीसा,Bhairav Chalisa,https://ddappcdn.techxr.co/ShubhDarshan/Thumbnails/BhajanThumbnails/Default/Default.webp,Default
Strength,Chalisa,नृसिंह चालीसा,Nrisingh Chalisa,https://ddappcdn.techxr.co/ShubhDarshan/Thumbnails/BhajanThumbnails/Default/Default.webp,Default
Strength,Chalisa,विंध्येश्वरी चालीसा,Vindhyeshwari Chalisa,https://ddappcdn.techxr.co/ShubhDarshan/Thumbnails/BhajanThumbnails/Default/Default.webp,Default
Strength,Chalisa,कार्तिकेय चालीसा,Kartikeya Chalisa,https://ddappcdn.techxr.co/ShubhDarshan/Thumbnails/BhajanThumbnails/Default/Default.webp,Default
Strength,Chalisa,बगलामुखी चालीसा,Baglamukhi Chalisa,https://ddappcdn.techxr.co/ShubhDarshan/Thumbnails/BhajanThumbnails/Default/Default.webp,Default
Strength,Chalisa,बगलामुखी चालीसा,Gayatri Chalisa,https://ddappcdn.techxr.co/ShubhDarshan/Thumbnails/BhajanThumbnails/Default/Default.webp,Default
Strength,Chalisa,सरस्वती चालीसा,Saraswati Chalisa,https://ddappcdn.techxr.co/ShubhDarshan/Thumbnails/BhajanThumbnails/Default/Default.webp,Default
Knowledge,Mantra,सरस्वती बीज मंत्र,Saraswati Beej Mantra,https://ddappcdn.techxr.co/ShubhDarshan/Thumbnails/BhajanThumbnails/Default/Default.webp,Default
Knowledge,Mantra,गायत्री मंत्र,Gayatri Mantra,https://ddappcdn.techxr.co/ShubhDarshan/Thumbnails/BhajanThumbnails/Default/Default.webp,Default
Knowledge,Mantra,विद्या प्राप्ति मंत्र,Vidya Prapti Mantra,https://ddappcdn.techxr.co/ShubhDarshan/Thumbnails/BhajanThumbnails/Default/Default.webp,Default
Knowledge,Mantra,गुरु मंत्र,Guru Mantra,https://ddappcdn.techxr.co/ShubhDarshan/Thumbnails/BhajanThumbnails/Default/Default.webp,Default
Knowledge,Mantra,हनुमान बुद्धि मंत्र,Hanuman Buddhi Mantra,https://ddappcdn.techxr.co/ShubhDarshan/Thumbnails/BhajanThumbnails/Default/Default.webp,Default
Knowledge,Mantra,बुध ग्रह मंत्र,Budh Grah Mantra,https://ddappcdn.techxr.co/ShubhDarshan/Thumbnails/BhajanThumbnails/Default/Default.webp,Default
Knowledge,Mantra,सरस्वती मंत्र,Saraswati Mantra,https://ddappcdn.techxr.co/ShubhDarshan/Thumbnails/BhajanThumbnails/Default/Default.webp,Default
Knowledge,Mantra,प्रज्ञा वर्धन मंत्र,Pragya Vardhan Mantra,https://ddappcdn.techxr.co/ShubhDarshan/Thumbnails/BhajanThumbnails/Default/Default.webp,Default
Knowledge,Mantra,सूर्य प्रज्ञा मंत्र,Surya Pragya Mantra,https://ddappcdn.techxr.co/ShubhDarshan/Thumbnails/BhajanThumbnails/Default/Default.webp,Default
Knowledge,Strotam,अगस्त्य रचित सरस्वती स्तोत्र,Agastya Rachit Saraswati Stotra,https://ddappcdn.techxr.co/ShubhDarshan/Thumbnails/BhajanThumbnails/Default/Default.webp,Default
Knowledge,Strotam,हयग्रीव स्तोत्र,Hayagriva Stotra,https://ddappcdn.techxr.co/ShubhDarshan/Thumbnails/BhajanThumbnails/Default/Default.webp,Default
Knowledge,Strotam,शारदा भुजंग प्रयात स्तोत्र,Sharda Bhujang Prayat Stotra,https://ddappcdn.techxr.co/ShubhDarshan/Thumbnails/BhajanThumbnails/Default/Default.webp,Default
Knowledge,Strotam,सरस्वती स्तोत्र,Saraswati Stotra,https://ddappcdn.techxr.co/ShubhDarshan/Thumbnails/BhajanThumbnails/Default/Default.webp,Default
Knowledge,Strotam,विद्या लक्ष्मी स्तोत्र,Vidya Lakshmi Stotra,https://ddappcdn.techxr.co/ShubhDarshan/Thumbnails/BhajanThumbnails/Default/Default.webp,Default
Knowledge,Strotam,दक्षिणमूर्ति स्तोत्रम,Dakshinamurti Stotram,https://ddappcdn.techxr.co/ShubhDarshan/Thumbnails/BhajanThumbnails/Default/Default.webp,Default
Knowledge,Strotam,बृहस्पति स्तोत्र,Brihaspati Stotra,https://ddappcdn.techxr.co/ShubhDarshan/Thumbnails/BhajanThumbnails/Default/Default.webp,Default
Knowledge,Strotam,बुध स्तोत्र,Budh Stotra,https://ddappcdn.techxr.co/ShubhDarshan/Thumbnails/BhajanThumbnails/Default/Default.webp,Default
Knowledge,Strotam,सरस्वती द्वादश नाम स्तोत्र,Saraswati Dwadash Naam Stotra,https://ddappcdn.techxr.co/ShubhDarshan/Thumbnails/BhajanThumbnails/Default/Default.webp,Default
Knowledge,Strotam,मेधा सूक्त स्तोत्र,Medha Sukta Stotra,https://ddappcdn.techxr.co/ShubhDarshan/Thumbnails/BhajanThumbnails/Default/Default.webp,Default
Knowledge,Stuti,सरस्वती वंदना (या कुन्देन्दु..),Saraswati Vandana (Ya Kundendu..),https://ddappcdn.techxr.co/ShubhDarshan/Thumbnails/BhajanThumbnails/Default/Default.webp,Default
Knowledge,Stuti,गुरु वंदना,Guru Vandana,https://ddappcdn.techxr.co/ShubhDarshan/Thumbnails/BhajanThumbnails/Default/Default.webp,Default
Knowledge,Stuti,शिव मानस स्तुति,Shiv Manas Stuti,https://ddappcdn.techxr.co/ShubhDarshan/Thumbnails/BhajanThumbnails/Default/Default.webp,Default
Knowledge,Stuti,हनुमान बुद्धि स्तुति,Hanuman Buddhi Stuti,https://ddappcdn.techxr.co/ShubhDarshan/Thumbnails/BhajanThumbnails/Default/Default.webp,Default
Knowledge,Stuti,ब्रह्मा स्तुति,Brahma Stuti,https://ddappcdn.techxr.co/ShubhDarshan/Thumbnails/BhajanThumbnails/Default/Default.webp,Default
Knowledge,Stuti,श्री रामचंद्र कृपालु,Shri Ramchandra Kripalu,https://ddappcdn.techxr.co/ShubhDarshan/Thumbnails/BhajanThumbnails/Default/Default.webp,Default
Knowledge,Stuti,गायत्री स्तुति,Gayatri Stuti,https://ddappcdn.techxr.co/ShubhDarshan/Thumbnails/BhajanThumbnails/Default/Default.webp,Default
Knowledge,Stuti,श्री कृष्ण स्तुति,Shri Krishna Stuti,https://ddappcdn.techxr.co/ShubhDarshan/Thumbnails/BhajanThumbnails/Default/Default.webp,Default
Knowledge,Stuti,बृहस्पति स्तोत्र,Brihaspati Stotra,https://ddappcdn.techxr.co/ShubhDarshan/Thumbnails/BhajanThumbnails/Default/Default.webp,Default
Knowledge,Shloka,गुरु मंत्र,Guru Mantra,https://ddappcdn.techxr.co/ShubhDarshan/Thumbnails/BhajanThumbnails/Default/Default.webp,Default
Knowledge,Shloka,विद्या श्लोक,Vidya Shlok,https://ddappcdn.techxr.co/ShubhDarshan/Thumbnails/BhajanThumbnails/Default/Default.webp,Default
Knowledge,Shloka,चाणक्य नीति,Chanakya Niti,https://ddappcdn.techxr.co/ShubhDarshan/Thumbnails/BhajanThumbnails/Default/Default.webp,Default
Knowledge,Shloka,भगवद गीता,Bhagwad Gita,https://ddappcdn.techxr.co/ShubhDarshan/Thumbnails/BhajanThumbnails/Default/Default.webp,Default
Knowledge,Shloka,सुभाषित,Subhashit,https://ddappcdn.techxr.co/ShubhDarshan/Thumbnails/BhajanThumbnails/Default/Default.webp,Default
Knowledge,Shloka,अध्यात्म श्लोक,Adhyatma Shlok,https://ddappcdn.techxr.co/ShubhDarshan/Thumbnails/BhajanThumbnails/Default/Default.webp,Default
Knowledge,Shloka,विद्या प्राप्ति मंत्र,Vidya Prapti Mantra,https://ddappcdn.techxr.co/ShubhDarshan/Thumbnails/BhajanThumbnails/Default/Default.webp,Default
Knowledge,Shloka,चाणक्य नीति 2,Chanakya Niti 2,https://ddappcdn.techxr.co/ShubhDarshan/Thumbnails/BhajanThumbnails/Default/Default.webp,Default
Knowledge,Shloka,सुभाषित 2,Subhashit 2,https://ddappcdn.techxr.co/ShubhDarshan/Thumbnails/BhajanThumbnails/Default/Default.webp,Default
Knowledge,Shloka,गीता श्लोक 2,Gita Shlok 2,https://ddappcdn.techxr.co/ShubhDarshan/Thumbnails/BhajanThumbnails/Default/Default.webp,Default
Knowledge,Shloka,वैदिक मंत्र,Vedic Mantra,https://ddappcdn.techxr.co/ShubhDarshan/Thumbnails/BhajanThumbnails/Default/Default.webp,Default
Wealth,Mantra,कुबेर मंत्र,Kuber Mantra,https://ddappcdn.techxr.co/ShubhDarshan/Thumbnails/BhajanThumbnails/Default/Default.webp,Default
Wealth,Mantra,ऋण मोचन मंत्र,Rina Mochan Mantra,https://ddappcdn.techxr.co/ShubhDarshan/Thumbnails/BhajanThumbnails/Default/Default.webp,Default
Wealth,Mantra,कनकधारा बीज मंत्र,Kanakdhara Beej Mantra,https://ddappcdn.techxr.co/ShubhDarshan/Thumbnails/BhajanThumbnails/Default/Default.webp,Default
Wealth,Mantra,विष्णु लक्ष्मी मंत्र,Vishnu Lakshmi Mantra,https://ddappcdn.techxr.co/ShubhDarshan/Thumbnails/BhajanThumbnails/Default/Default.webp,Default
Wealth,Mantra,व्यापार वृद्धि मंत्र,Vyapar Vriddhi Mantra,https://ddappcdn.techxr.co/ShubhDarshan/Thumbnails/BhajanThumbnails/Default/Default.webp,Default
Wealth,Mantra,धन प्रदा मंत्र,Dhan Prada Mantra,https://ddappcdn.techxr.co/ShubhDarshan/Thumbnails/BhajanThumbnails/Default/Default.webp,Default
Wealth,Strotam,ऋण मोचन मंगल स्तोत्र,Rina Mochan Mangal Stotra,https://ddappcdn.techxr.co/ShubhDarshan/Thumbnails/BhajanThumbnails/Default/Default.webp,Default
Wealth,Strotam,अन्नपूर्णा स्तोत्र,Annapurna Stotra,https://ddappcdn.techxr.co/ShubhDarshan/Thumbnails/BhajanThumbnails/Default/Default.webp,Default
Wealth,Strotam,इन्द्राक्षी स्तोत्र,Indrakshi Stotra,https://ddappcdn.techxr.co/ShubhDarshan/Thumbnails/BhajanThumbnails/Default/Default.webp,Default
Wealth,Strotam,शुभ-लाभ स्तोत्र,Shubh-Labh Stotra,https://ddappcdn.techxr.co/ShubhDarshan/Thumbnails/BhajanThumbnails/Default/Default.webp,Default
Wealth,Chalisa,लक्ष्मी चालीसा,Lakshmi Chalisa,https://ddappcdn.techxr.co/ShubhDarshan/Thumbnails/BhajanThumbnails/Default/Default.webp,Default
Wealth,Chalisa,कुबेर चालीसा,Kuber Chalisa,https://ddappcdn.techxr.co/ShubhDarshan/Thumbnails/BhajanThumbnails/Default/Default.webp,Default
Wealth,Chalisa,सरस्वती चालीसा,Saraswati Chalisa,https://ddappcdn.techxr.co/ShubhDarshan/Thumbnails/BhajanThumbnails/Default/Default.webp,Default
Wealth,Chalisa,महालक्ष्मी चालीसा,Mahalakshmi Chalisa,https://ddappcdn.techxr.co/ShubhDarshan/Thumbnails/BhajanThumbnails/Default/Default.webp,Default
Wealth,Aarti,लक्ष्मी जी की आरती,Lakshmi Ji Ki Aarti,https://ddappcdn.techxr.co/ShubhDarshan/Thumbnails/BhajanThumbnails/Default/Default.webp,Default
Wealth,Aarti,कुबेर जी की आरती,Kuber Ji Ki Aarti,https://ddappcdn.techxr.co/ShubhDarshan/Thumbnails/BhajanThumbnails/Default/Default.webp,Default
Wealth,Aarti,माँ अन्नपूर्णा आरती,Maa Annapurna Aarti,https://ddappcdn.techxr.co/ShubhDarshan/Thumbnails/BhajanThumbnails/Default/Default.webp,Default
Wealth,Aarti,माँ वैभव लक्ष्मी आरती,Maa Vaibhav Lakshmi Aarti,https://ddappcdn.techxr.co/ShubhDarshan/Thumbnails/BhajanThumbnails/Default/Default.webp,Default
Wealth,Shloka,महालक्ष्मी अष्टकम,Mahalakshmi Ashtakam,https://ddappcdn.techxr.co/ShubhDarshan/Thumbnails/BhajanThumbnails/Default/Default.webp,Default
Wealth,Shloka,यत्र योगेश्वरः कृष्णो यत्र पार्थो धनुर्धरः,Yatra Yogeshwarah Krishno Yatra Partho Dhanurdharah,https://ddappcdn.techxr.co/ShubhDarshan/Thumbnails/BhajanThumbnails/Default/Default.webp,Default
Wealth,Shloka,उद्यमेन हि सिध्यन्ति कार्याणि न मनोरथैः,Udyamen Hi Sidhyanti Karyani Na Manorathaih,https://ddappcdn.techxr.co/ShubhDarshan/Thumbnails/BhajanThumbnails/Default/Default.webp,Default
Wealth,Shloka,कुबेर मंत्र,Kuber Mantra,https://ddappcdn.techxr.co/ShubhDarshan/Thumbnails/BhajanThumbnails/Default/Default.webp,Default
Wealth,Shloka,गीता श्लोक 2,Gita Shlok 2,https://ddappcdn.techxr.co/ShubhDarshan/Thumbnails/BhajanThumbnails/Default/Default.webp,Default
LoveAndRelationship,Mantra,क्लीं बीज मंत्र,Kleem Beej Mantra,https://ddappcdn.techxr.co/ShubhDarshan/Thumbnails/BhajanThumbnails/Default/Default.webp,Default
LoveAndRelationship,Mantra,कामदेव गायत्री,Kamdev Gayatri,https://ddappcdn.techxr.co/ShubhDarshan/Thumbnails/BhajanThumbnails/Default/Default.webp,Default
LoveAndRelationship,Mantra,कात्यायनी मंत्र,Katyayani Mantra,https://ddappcdn.techxr.co/ShubhDarshan/Thumbnails/BhajanThumbnails/Default/Default.webp,Default
LoveAndRelationship,Mantra,पत्नी प्राप्ति मंत्र,Patni Prapti Mantra,https://ddappcdn.techxr.co/ShubhDarshan/Thumbnails/BhajanThumbnails/Default/Default.webp,Default
LoveAndRelationship,Mantra,गौरी-शंकर मंत्र,Gauri-Shankar Mantra,https://ddappcdn.techxr.co/ShubhDarshan/Thumbnails/BhajanThumbnails/Default/Default.webp,Default
LoveAndRelationship,Mantra,विष्णु लक्ष्मी मंत्र,Vishnu Lakshmi Mantra,https://ddappcdn.techxr.co/ShubhDarshan/Thumbnails/BhajanThumbnails/Default/Default.webp,Default
LoveAndRelationship,Mantra,अर्धनारीश्वर मंत्र,Ardhanarishwar Mantra,https://ddappcdn.techxr.co/ShubhDarshan/Thumbnails/BhajanThumbnails/Default/Default.webp,Default
LoveAndRelationship,Mantra,सरस्वती बीज मंत्र,Saraswati Beej Mantra,https://ddappcdn.techxr.co/ShubhDarshan/Thumbnails/BhajanThumbnails/Default/Default.webp,Default
LoveAndRelationship,Strotam,राधा कृपा कटाक्ष,Radha Kripa Kataksha,https://ddappcdn.techxr.co/ShubhDarshan/Thumbnails/BhajanThumbnails/Default/Default.webp,Default
LoveAndRelationship,Strotam,कामदेव स्तोत्र,Kamdev Stotra,https://ddappcdn.techxr.co/ShubhDarshan/Thumbnails/BhajanThumbnails/Default/Default.webp,Default
LoveAndRelationship,Strotam,अर्धनारीश्वर स्तोत्र,Ardhanarishwar Stotra,https://ddappcdn.techxr.co/ShubhDarshan/Thumbnails/BhajanThumbnails/Default/Default.webp,Default
LoveAndRelationship,Strotam,जानकी स्तोत्र,Janki Stotra,https://ddappcdn.techxr.co/ShubhDarshan/Thumbnails/BhajanThumbnails/Default/Default.webp,Default
LoveAndRelationship,Strotam,पार्वती स्तोत्र,Parvati Stotra,https://ddappcdn.techxr.co/ShubhDarshan/Thumbnails/BhajanThumbnails/Default/Default.webp,Default
LoveAndRelationship,Strotam,उमा महेश्वर स्तोत्र,Uma Maheshwar Stotra,https://ddappcdn.techxr.co/ShubhDarshan/Thumbnails/BhajanThumbnails/Default/Default.webp,Default
LoveAndRelationship,Strotam,अन्नपूर्णा स्तोत्र,Annapurna Stotra,https://ddappcdn.techxr.co/ShubhDarshan/Thumbnails/BhajanThumbnails/Default/Default.webp,Default
LoveAndRelationship,Stuti,पार्वती स्तुति,Parvati Stuti,https://ddappcdn.techxr.co/ShubhDarshan/Thumbnails/BhajanThumbnails/Default/Default.webp,Default
LoveAndRelationship,Stuti,राधा स्तुति,Radha Stuti,https://ddappcdn.techxr.co/ShubhDarshan/Thumbnails/BhajanThumbnails/Default/Default.webp,Default
LoveAndRelationship,Stuti,श्री कृष्ण स्तुति,Shri Krishna Stuti,https://ddappcdn.techxr.co/ShubhDarshan/Thumbnails/BhajanThumbnails/Default/Default.webp,Default
LoveAndRelationship,Stuti,लक्ष्मी स्तुति,Lakshmi Stuti,https://ddappcdn.techxr.co/ShubhDarshan/Thumbnails/BhajanThumbnails/Default/Default.webp,Default
LoveAndRelationship,Stuti,दुर्गा स्तुति,Durga Stuti,https://ddappcdn.techxr.co/ShubhDarshan/Thumbnails/BhajanThumbnails/Default/Default.webp,Default
LoveAndRelationship,Stuti,सरस्वती स्तुति,Saraswati Stuti,https://ddappcdn.techxr.co/ShubhDarshan/Thumbnails/BhajanThumbnails/Default/Default.webp,Default
LoveAndRelationship,Stuti,गणेश स्तुति,Ganesh Stuti,https://ddappcdn.techxr.co/ShubhDarshan/Thumbnails/BhajanThumbnails/Default/Default.webp,Default
LoveAndRelationship,Bhajan,राधे राधे बरसाने वाली,Radhe Radhe Barsane Wali,https://ddappcdn.techxr.co/ShubhDarshan/Thumbnails/BhajanThumbnails/Default/Default.webp,Default
LoveAndRelationship,Bhajan,श्यामा आन बसो,Shyama Aan Baso,https://ddappcdn.techxr.co/ShubhDarshan/Thumbnails/BhajanThumbnails/Default/Default.webp,Default
LoveAndRelationship,Bhajan,मीठे रस से भरयो री,Meethe Ras Se Bharyo Ri,https://ddappcdn.techxr.co/ShubhDarshan/Thumbnails/BhajanThumbnails/Default/Default.webp,Default
LoveAndRelationship,Bhajan,सीताराम चरित पावन,Sitaram Charit Pavan,https://ddappcdn.techxr.co/ShubhDarshan/Thumbnails/BhajanThumbnails/Default/Default.webp,Default
LoveAndRelationship,Bhajan,कन्हैया ले चल पार,Kanhaiya Le Chal Paar,https://ddappcdn.techxr.co/ShubhDarshan/Thumbnails/BhajanThumbnails/Default/Default.webp,Default
LoveAndRelationship,Bhajan,श्याम तेरी बंसी,Shyam Teri Bansi,https://ddappcdn.techxr.co/ShubhDarshan/Thumbnails/BhajanThumbnails/Default/Default.webp,Default
LoveAndRelationship,Bhajan,हमें राधा रानी तेरे नाम का सहारा,Humein Radha Rani Tere Naam Ka Sahara,https://ddappcdn.techxr.co/ShubhDarshan/Thumbnails/BhajanThumbnails/Default/Default.webp,Default
LoveAndRelationship,Bhajan,ऐसी लागी लगन,Aisi Lagi Lagan,https://ddappcdn.techxr.co/ShubhDarshan/Thumbnails/BhajanThumbnails/Default/Default.webp,Default
LoveAndRelationship,Bhajan,हरि बिन कोई न तेरा,Hari Bin Koi Na Tera,https://ddappcdn.techxr.co/ShubhDarshan/Thumbnails/BhajanThumbnails/Default/Default.webp,Default
LoveAndRelationship,Katha,राधा-कृष्ण प्रेम कथा,Radha-Krishna Prem Katha,https://ddappcdn.techxr.co/ShubhDarshan/Thumbnails/BhajanThumbnails/Default/Default.webp,Default
LoveAndRelationship,Katha,शिव-पार्वती विवाह,Shiv-Parvati Vivah,https://ddappcdn.techxr.co/ShubhDarshan/Thumbnails/BhajanThumbnails/Default/Default.webp,Default
LoveAndRelationship,Katha,राम-सीता वनवास कथा,Ram-Sita Vanvas Katha,https://ddappcdn.techxr.co/ShubhDarshan/Thumbnails/BhajanThumbnails/Default/Default.webp,Default
LoveAndRelationship,Katha,रुक्मिणी हरण कथा,Rukmini Haran Katha,https://ddappcdn.techxr.co/ShubhDarshan/Thumbnails/BhajanThumbnails/Default/Default.webp,Default
LoveAndRelationship,Katha,नल-दमयंती कथा,Nal-Damayanti Katha,https://ddappcdn.techxr.co/ShubhDarshan/Thumbnails/BhajanThumbnails/Default/Default.webp,Default
LoveAndRelationship,Katha,कामदेव-रति कथा,Kamdev-Rati Katha,https://ddappcdn.techxr.co/ShubhDarshan/Thumbnails/BhajanThumbnails/Default/Default.webp,Default
LoveAndRelationship,Katha,सत्यभामा-कृष्ण कथा,Satyabhama-Krishna Katha,https://ddappcdn.techxr.co/ShubhDarshan/Thumbnails/BhajanThumbnails/Default/Default.webp,Default
LoveAndRelationship,Katha,उषा-अनिरुद्ध कथा,Usha-Aniruddh Katha,https://ddappcdn.techxr.co/ShubhDarshan/Thumbnails/BhajanThumbnails/Default/Default.webp,Default
LoveAndRelationship,Katha,सुभद्रा-अर्जुन विवाह,Subhadra-Arjun Vivah,https://ddappcdn.techxr.co/ShubhDarshan/Thumbnails/BhajanThumbnails/Default/Default.webp,Default
LoveAndRelationship,Katha,हनुमान-राम भक्ति,Hanuman-Ram Bhakti,https://ddappcdn.techxr.co/ShubhDarshan/Thumbnails/BhajanThumbnails/Default/Default.webp,Default
Happiness,Mantra,गायत्री मंत्र,Gayatri Mantra,https://ddappcdn.techxr.co/ShubhDarshan/Thumbnails/BhajanThumbnails/Default/Default.webp,Default
Happiness,Mantra,शांति मंत्र,Shanti Mantra,https://ddappcdn.techxr.co/ShubhDarshan/Thumbnails/BhajanThumbnails/Default/Default.webp,Default
Happiness,Mantra,हनुमान मंत्र,Hanuman Mantra,https://ddappcdn.techxr.co/ShubhDarshan/Thumbnails/BhajanThumbnails/Default/Default.webp,Default
Happiness,Mantra,नारायण कवच,Narayan Kavach,https://ddappcdn.techxr.co/ShubhDarshan/Thumbnails/BhajanThumbnails/Default/Default.webp,Default
Happiness,Mantra,बुद्ध मंत्र,Buddha Mantra,https://ddappcdn.techxr.co/ShubhDarshan/Thumbnails/BhajanThumbnails/Default/Default.webp,Default
Happiness,Stuti,श्री रामचंद्र कृपालु,Shri Ramchandra Kripalu,https://ddappcdn.techxr.co/ShubhDarshan/Thumbnails/BhajanThumbnails/Default/Default.webp,Default
Happiness,Stuti,गणेश स्तुति,Ganesh Stuti,https://ddappcdn.techxr.co/ShubhDarshan/Thumbnails/BhajanThumbnails/Default/Default.webp,Default
Happiness,Stuti,सरस्वती स्तुति,Saraswati Stuti,https://ddappcdn.techxr.co/ShubhDarshan/Thumbnails/BhajanThumbnails/Default/Default.webp,Default
Happiness,Stuti,दुर्गा स्तुति,Durga Stuti,https://ddappcdn.techxr.co/ShubhDarshan/Thumbnails/BhajanThumbnails/Default/Default.webp,Default
Happiness,Stuti,कात्यायनी मंत्र,Katyayani Mantra,https://ddappcdn.techxr.co/ShubhDarshan/Thumbnails/BhajanThumbnails/Default/Default.webp,Default
Happiness,Stuti,श्री कृष्ण स्तुति,Shri Krishna Stuti,https://ddappcdn.techxr.co/ShubhDarshan/Thumbnails/BhajanThumbnails/Default/Default.webp,Default
Happiness,Bhajan,राधे राधे बरसाने वाली,Radhe Radhe Barsane Wali,https://ddappcdn.techxr.co/ShubhDarshan/Thumbnails/BhajanThumbnails/Default/Default.webp,Default
Happiness,Bhajan,ऐसी लागी लगन,Aisi Lagi Lagan,https://ddappcdn.techxr.co/ShubhDarshan/Thumbnails/BhajanThumbnails/Default/Default.webp,Default
Happiness,Bhajan,श्री रामचंद्र कृपालु,Shri Ramchandra Kripalu,https://ddappcdn.techxr.co/ShubhDarshan/Thumbnails/BhajanThumbnails/Default/Default.webp,Default
Happiness,Bhajan,किशोरी कुछ ऐसा इंतजाम,Kishori Kuch Aisa Intazam,https://ddappcdn.techxr.co/ShubhDarshan/Thumbnails/BhajanThumbnails/Default/Default.webp,Default
Happiness,Bhajan,यशोमती मैया से बोले,Yashomati Maiya Se Bole,https://ddappcdn.techxr.co/ShubhDarshan/Thumbnails/BhajanThumbnails/Default/Default.webp,Default
Happiness,Bhajan,श्यामा आन बसो,Shyama Aan Baso,https://ddappcdn.techxr.co/ShubhDarshan/Thumbnails/BhajanThumbnails/Default/Default.webp,Default
Happiness,Bhajan,मीठे रस से भरयो री,Meethe Ras Se Bharyo Ri,https://ddappcdn.techxr.co/ShubhDarshan/Thumbnails/BhajanThumbnails/Default/Default.webp,Default
Happiness,Bhajan,भर दे रे श्याम झोली,Bhar De Re Shyam Jholi,https://ddappcdn.techxr.co/ShubhDarshan/Thumbnails/BhajanThumbnails/Default/Default.webp,Default
Happiness,Bhajan,ओ पालनहारे,O Palanhare,https://ddappcdn.techxr.co/ShubhDarshan/Thumbnails/BhajanThumbnails/Default/Default.webp,Default
Happiness,Bhajan,मेरा आपकी कृपा से,Mera Aapki Kripa Se,https://ddappcdn.techxr.co/ShubhDarshan/Thumbnails/BhajanThumbnails/Default/Default.webp,Default
Happiness,Shloka,शांति श्लोक,Shanti Shlok,https://ddappcdn.techxr.co/ShubhDarshan/Thumbnails/BhajanThumbnails/Default/Default.webp,Default
Happiness,Shloka,समर्पण श्लोक,Samarpan Shlok,https://ddappcdn.techxr.co/ShubhDarshan/Thumbnails/BhajanThumbnails/Default/Default.webp,Default
Happiness,Shloka,गणेश श्लोक,Ganesha Shlok,https://ddappcdn.techxr.co/ShubhDarshan/Thumbnails/BhajanThumbnails/Default/Default.webp,Default
Happiness,Shloka,गुरु श्लोक,Guru Shlok,https://ddappcdn.techxr.co/ShubhDarshan/Thumbnails/BhajanThumbnails/Default/Default.webp,Default
Happiness,Shloka,सरस्वती श्लोक,Saraswati Shlok,https://ddappcdn.techxr.co/ShubhDarshan/Thumbnails/BhajanThumbnails/Default/Default.webp,Default
Happiness,Shloka,प्रभात श्लोक,Prabhat Shlok,https://ddappcdn.techxr.co/ShubhDarshan/Thumbnails/BhajanThumbnails/Default/Default.webp,Default
Happiness,Shloka,मंगल श्लोक,Mangal Shlok,https://ddappcdn.techxr.co/ShubhDarshan/Thumbnails/BhajanThumbnails/Default/Default.webp,Default
Happiness,Shloka,भक्ति श्लोक,Bhakti Shlok,https://ddappcdn.techxr.co/ShubhDarshan/Thumbnails/BhajanThumbnails/Default/Default.webp,Default
Health,Mantra,सूर्य आरोग्य मंत्र,Surya Arogya Mantra,https://ddappcdn.techxr.co/ShubhDarshan/Thumbnails/BhajanThumbnails/Default/Default.webp,Default
Health,Mantra,प्राण मुद्रा मंत्र,Prana Mudra Mantra,https://ddappcdn.techxr.co/ShubhDarshan/Thumbnails/BhajanThumbnails/Default/Default.webp,Default
Health,Mantra,रोग नाशक मंत्र,Rog Nashak Mantra,https://ddappcdn.techxr.co/ShubhDarshan/Thumbnails/BhajanThumbnails/Default/Default.webp,Default
Health,Mantra,अश्विनी कुमार मंत्र,Ashwini Kumar Mantra,https://ddappcdn.techxr.co/ShubhDarshan/Thumbnails/BhajanThumbnails/Default/Default.webp,Default
Health,Mantra,शिव आरोग्य मंत्र,Shiv Arogya Mantra,https://ddappcdn.techxr.co/ShubhDarshan/Thumbnails/BhajanThumbnails/Default/Default.webp,Default
Health,Mantra,गायत्री मंत्र,Gayatri Mantra,https://ddappcdn.techxr.co/ShubhDarshan/Thumbnails/BhajanThumbnails/Default/Default.webp,Default
Health,Mantra,नारायण कवच अंश,Narayan Kavach Ansh,https://ddappcdn.techxr.co/ShubhDarshan/Thumbnails/BhajanThumbnails/Default/Default.webp,Default
Health,Strotam,वैद्यनाथ स्तोत्र,Vaidyanath Stotra,https://ddappcdn.techxr.co/ShubhDarshan/Thumbnails/BhajanThumbnails/Default/Default.webp,Default
Health,Strotam,धन्वंतरि स्तोत्र,Dhanvantari Stotra,https://ddappcdn.techxr.co/ShubhDarshan/Thumbnails/BhajanThumbnails/Default/Default.webp,Default
Health,Strotam,मृत्युंजय स्तोत्र,Mrityunjaya Stotra,https://ddappcdn.techxr.co/ShubhDarshan/Thumbnails/BhajanThumbnails/Default/Default.webp,Default
Health,Strotam,दुर्गा आपदुद्धारक स्तोत्र,Durga Apaduddharak Stotra,https://ddappcdn.techxr.co/ShubhDarshan/Thumbnails/BhajanThumbnails/Default/Default.webp,Default
Health,Strotam,हनुमान बाहुक,Hanuman Bahuk,https://ddappcdn.techxr.co/ShubhDarshan/Thumbnails/BhajanThumbnails/Default/Default.webp,Default
Health,Strotam,सूर्य मंडल स्तोत्र,Surya Mandal Stotra,https://ddappcdn.techxr.co/ShubhDarshan/Thumbnails/BhajanThumbnails/Default/Default.webp,Default
Health,Strotam,नारायण कवच,Narayan Kavach,https://ddappcdn.techxr.co/ShubhDarshan/Thumbnails/BhajanThumbnails/Default/Default.webp,Default
Health,Stuti,सूर्य स्तुति,Surya Stuti,https://ddappcdn.techxr.co/ShubhDarshan/Thumbnails/BhajanThumbnails/Default/Default.webp,Default
Health,Stuti,श्री रामचंद्र कृपालु,Shri Ramchandra Kripalu,https://ddappcdn.techxr.co/ShubhDarshan/Thumbnails/BhajanThumbnails/Default/Default.webp,Default
Health,Stuti,गणेश स्तुति,Ganesh Stuti,https://ddappcdn.techxr.co/ShubhDarshan/Thumbnails/BhajanThumbnails/Default/Default.webp,Default
Health,Stuti,लक्ष्मी स्तुति,Lakshmi Stuti,https://ddappcdn.techxr.co/ShubhDarshan/Thumbnails/BhajanThumbnails/Default/Default.webp,Default
Health,Stuti,सरस्वती स्तुति,Saraswati Stuti,https://ddappcdn.techxr.co/ShubhDarshan/Thumbnails/BhajanThumbnails/Default/Default.webp,Default
Health,Bhajan,नाम है तेरा तारणहारा,Naam Hai Tera Taranhara,https://ddappcdn.techxr.co/ShubhDarshan/Thumbnails/BhajanThumbnails/Default/Default.webp,Default
Health,Bhajan,कितना प्यारा है श्रृंगार,Kitna Pyara Hai Shringar,https://ddappcdn.techxr.co/ShubhDarshan/Thumbnails/BhajanThumbnails/Default/Default.webp,Default
Health,Bhajan,मेरा आपकी कृपा से,Mera Aapki Kripa Se,https://ddappcdn.techxr.co/ShubhDarshan/Thumbnails/BhajanThumbnails/Default/Default.webp,Default
Health,Bhajan,ओ पालनहारे,O Palanhare,https://ddappcdn.techxr.co/ShubhDarshan/Thumbnails/BhajanThumbnails/Default/Default.webp,Default
Health,Bhajan,इतनी शक्ति हमें देना दाता,Itni Shakti Humein Dena Data,https://ddappcdn.techxr.co/ShubhDarshan/Thumbnails/BhajanThumbnails/Default/Default.webp,Default
Health,Bhajan,श्री रामचंद्र कृपालु,Shri Ramchandra Kripalu,https://ddappcdn.techxr.co/ShubhDarshan/Thumbnails/BhajanThumbnails/Default/Default.webp,Default
Health,Shloka,धन्वंतरि श्लोक,Dhanvantari Shlok,https://ddappcdn.techxr.co/ShubhDarshan/Thumbnails/BhajanThumbnails/Default/Default.webp,Default
Health,Shloka,शांति श्लोक,Shanti Shlok,https://ddappcdn.techxr.co/ShubhDarshan/Thumbnails/BhajanThumbnails/Default/Default.webp,Default
Health,Shloka,अश्विनी कुमार मंत्र,Ashwini Kumar Mantra,https://ddappcdn.techxr.co/ShubhDarshan/Thumbnails/BhajanThumbnails/Default/Default.webp,Default
Health,Shloka,रोग नाशक मंत्र,Rog Nashak Mantra,https://ddappcdn.techxr.co/ShubhDarshan/Thumbnails/BhajanThumbnails/Default/Default.webp,Default
Health,Shloka,विष्णु हीलिंग,Vishnu Healing,https://ddappcdn.techxr.co/ShubhDarshan/Thumbnails/BhajanThumbnails/Default/Default.webp,Default
Health,Shloka,प्राण श्लोक,Prana Shlok,https://ddappcdn.techxr.co/ShubhDarshan/Thumbnails/BhajanThumbnails/Default/Default.webp,Default
Health,Shloka,भोजन आरोग्य,Bhojan Arogya,https://ddappcdn.techxr.co/ShubhDarshan/Thumbnails/BhajanThumbnails/Default/Default.webp,Default
Success,Mantra,गायत्री मंत्र,Gayatri Mantra,https://ddappcdn.techxr.co/ShubhDarshan/Thumbnails/BhajanThumbnails/Default/Default.webp,Default
Success,Mantra,सरस्वती मंत्र,Saraswati Mantra,https://ddappcdn.techxr.co/ShubhDarshan/Thumbnails/BhajanThumbnails/Default/Default.webp,Default
Success,Mantra,हनुमान मंत्र,Hanuman Mantra,https://ddappcdn.techxr.co/ShubhDarshan/Thumbnails/BhajanThumbnails/Default/Default.webp,Default
Success,Mantra,सूर्य प्रज्ञा मंत्र,Surya Pragya Mantra,https://ddappcdn.techxr.co/ShubhDarshan/Thumbnails/BhajanThumbnails/Default/Default.webp,Default
Success,Mantra,कार्तिकेय मंत्र,Kartikeya Mantra,https://ddappcdn.techxr.co/ShubhDarshan/Thumbnails/BhajanThumbnails/Default/Default.webp,Default
Success,Mantra,दुर्गा स्तुति,Durga Stuti,https://ddappcdn.techxr.co/ShubhDarshan/Thumbnails/BhajanThumbnails/Default/Default.webp,Default
Success,Mantra,कुबेर मंत्र,Kuber Mantra,https://ddappcdn.techxr.co/ShubhDarshan/Thumbnails/BhajanThumbnails/Default/Default.webp,Default
Success,Strotam,महालक्ष्मी अष्टकम,Mahalakshmi Ashtakam,https://ddappcdn.techxr.co/ShubhDarshan/Thumbnails/BhajanThumbnails/Default/Default.webp,Default
Success,Strotam,बजरंग बाण,Bajrang Baan,https://ddappcdn.techxr.co/ShubhDarshan/Thumbnails/BhajanThumbnails/Default/Default.webp,Default
Success,Strotam,सरस्वती स्तोत्र,Saraswati Stotra,https://ddappcdn.techxr.co/ShubhDarshan/Thumbnails/BhajanThumbnails/Default/Default.webp,Default
Success,Strotam,नारायण कवच,Narayan Kavach,https://ddappcdn.techxr.co/ShubhDarshan/Thumbnails/BhajanThumbnails/Default/Default.webp,Default
Success,Stuti,गणेश स्तुति,Ganesh Stuti,https://ddappcdn.techxr.co/ShubhDarshan/Thumbnails/BhajanThumbnails/Default/Default.webp,Default
Success,Stuti,श्री रामचंद्र कृपालु,Shri Ramchandra Kripalu,https://ddappcdn.techxr.co/ShubhDarshan/Thumbnails/BhajanThumbnails/Default/Default.webp,Default
Success,Stuti,सरस्वती स्तुति,Saraswati Stuti,https://ddappcdn.techxr.co/ShubhDarshan/Thumbnails/BhajanThumbnails/Default/Default.webp,Default
Success,Stuti,लक्ष्मी स्तुति,Lakshmi Stuti,https://ddappcdn.techxr.co/ShubhDarshan/Thumbnails/BhajanThumbnails/Default/Default.webp,Default
Success,Stuti,सूर्य स्तुति,Surya Stuti,https://ddappcdn.techxr.co/ShubhDarshan/Thumbnails/BhajanThumbnails/Default/Default.webp,Default
Success,Chalisa,श्री सरस्वती चालीसा,Shri Saraswati Chalisa,https://ddappcdn.techxr.co/ShubhDarshan/Thumbnails/BhajanThumbnails/Default/Default.webp,Default
Success,Bhajan,इतनी शक्ति हमें देना दाता,Itni Shakti Humein Dena Data,https://ddappcdn.techxr.co/ShubhDarshan/Thumbnails/BhajanThumbnails/Default/Default.webp,Default
Success,Bhajan,ऐसी लागी लगन,Aisi Lagi Lagan,https://ddappcdn.techxr.co/ShubhDarshan/Thumbnails/BhajanThumbnails/Default/Default.webp,Default
Success,Bhajan,ओ पालनहारे,O Palanhare,https://ddappcdn.techxr.co/ShubhDarshan/Thumbnails/BhajanThumbnails/Default/Default.webp,Default
Success,Bhajan,मेरा आपकी कृपा से,Mera Aapki Kripa Se,https://ddappcdn.techxr.co/ShubhDarshan/Thumbnails/BhajanThumbnails/Default/Default.webp,Default
Success,Bhajan,हमको मन की शक्ति देना,Humko Man Ki Shakti Dena,https://ddappcdn.techxr.co/ShubhDarshan/Thumbnails/BhajanThumbnails/Default/Default.webp,Default
Success,Bhajan,जग में सुंदर हैं दो नाम,Jag Mein Sundar Hain Do Naam,https://ddappcdn.techxr.co/ShubhDarshan/Thumbnails/BhajanThumbnails/Default/Default.webp,Default
Success,Bhajan,प्रभु जी तुम चंदन हम पानी,Prabhu Ji Tum Chandan Hum Paani,https://ddappcdn.techxr.co/ShubhDarshan/Thumbnails/BhajanThumbnails/Default/Default.webp,Default
Success,Bhajan,जय हनुमान ज्ञान गुन सागर,Jai Hanuman Gyan Gun Sagar,https://ddappcdn.techxr.co/ShubhDarshan/Thumbnails/BhajanThumbnails/Default/Default.webp,Default
Success,Shloka,विजय श्लोक,Vijay Shlok,https://ddappcdn.techxr.co/ShubhDarshan/Thumbnails/BhajanThumbnails/Default/Default.webp,Default
Success,Shloka,गणेश श्लोक,Ganesha Shlok,https://ddappcdn.techxr.co/ShubhDarshan/Thumbnails/BhajanThumbnails/Default/Default.webp,Default
Success,Shloka,गायत्री मंत्र,Gayatri Mantra,https://ddappcdn.techxr.co/ShubhDarshan/Thumbnails/BhajanThumbnails/Default/Default.webp,Default
Success,Shloka,सरस्वती श्लोक,Saraswati Shlok,https://ddappcdn.techxr.co/ShubhDarshan/Thumbnails/BhajanThumbnails/Default/Default.webp,Default
Success,Shloka,उद्यमेन हि सिध्यन्ति कार्याणि न मनोरथैः,Udyamen Hi Sidhyanti Karyani Na Manorathaih,https://ddappcdn.techxr.co/ShubhDarshan/Thumbnails/BhajanThumbnails/Default/Default.webp,Default
Success,Shloka,उपनिषद शांति पाठ,Upanishad Shanti Path,https://ddappcdn.techxr.co/ShubhDarshan/Thumbnails/BhajanThumbnails/Default/Default.webp,Default
Success,Shloka,गुरु श्लोक,Guru Shlok,https://ddappcdn.techxr.co/ShubhDarshan/Thumbnails/BhajanThumbnails/Default/Default.webp,Default
Diwali,Mantra,गणेश श्लोक,Ganesha Shlok,https://ddappcdn.techxr.co/ShubhDarshan/Thumbnails/BhajanThumbnails/Default/Default.webp,Default
Diwali,Mantra,सरस्वती मंत्र,Saraswati Mantra,https://ddappcdn.techxr.co/ShubhDarshan/Thumbnails/BhajanThumbnails/Default/Default.webp,Default
Diwali,Mantra,महालक्ष्मी अष्टकम,Mahalakshmi Ashtakam,https://ddappcdn.techxr.co/ShubhDarshan/Thumbnails/BhajanThumbnails/Default/Default.webp,Default
Diwali,Mantra,गायत्री मंत्र,Gayatri Mantra,https://ddappcdn.techxr.co/ShubhDarshan/Thumbnails/BhajanThumbnails/Default/Default.webp,Default
Diwali,Aarti,लक्ष्मी जी की आरती,Lakshmi Ji Ki Aarti,https://ddappcdn.techxr.co/ShubhDarshan/Thumbnails/BhajanThumbnails/Default/Default.webp,Default
Diwali,Aarti,कुबेर जी की आरती,Kuber Ji Ki Aarti,https://ddappcdn.techxr.co/ShubhDarshan/Thumbnails/BhajanThumbnails/Default/Default.webp,Default
Diwali,Bhajan,महालक्ष्मी अष्टकम,Mahalakshmi Ashtakam,https://ddappcdn.techxr.co/ShubhDarshan/Thumbnails/BhajanThumbnails/Default/Default.webp,Default
Diwali,Bhajan,श्री राम चंद्र कृपालु भजु मन,Shri Ram Chandra Kripalu Bhaju Man,https://ddappcdn.techxr.co/ShubhDarshan/Thumbnails/BhajanThumbnails/Default/Default.webp,Default
Diwali,Bhajan,मैया लक्ष्मी जी की अमृतवाणी,Maiya Lakshmi Ji Ki Amritwani,https://ddappcdn.techxr.co/ShubhDarshan/Thumbnails/BhajanThumbnails/Default/Default.webp,Default
Diwali,Bhajan,श्री रामचंद्र कृपालु,Shri Ramchandra Kripalu,https://ddappcdn.techxr.co/ShubhDarshan/Thumbnails/BhajanThumbnails/Default/Default.webp,Default
Diwali,Bhajan,विष्णु सहस्रनाम,Vishnu Sahasranama,https://ddappcdn.techxr.co/ShubhDarshan/Thumbnails/BhajanThumbnails/Default/Default.webp,Default
Diwali,Katha,श्री राम का आगमन,श्री राम का आगमन,https://ddappcdn.techxr.co/ShubhDarshan/Thumbnails/BhajanThumbnails/Default/Default.webp,Default
Diwali,Katha,नरकासुर वध,नरकासुर वध,https://ddappcdn.techxr.co/ShubhDarshan/Thumbnails/BhajanThumbnails/Default/Default.webp,Default
Janmashtami,Mantra,संतान गोपाल मंत्र,Santan Gopal Mantra,https://ddappcdn.techxr.co/ShubhDarshan/Thumbnails/BhajanThumbnails/Default/Default.webp,Default
Janmashtami,Mantra,क्लेश नाशक मंत्र,Klesh Nashak Mantra,https://ddappcdn.techxr.co/ShubhDarshan/Thumbnails/BhajanThumbnails/Default/Default.webp,Default
Janmashtami,Mantra,गोविंद मंत्र,Govind Mantra,https://ddappcdn.techxr.co/ShubhDarshan/Thumbnails/BhajanThumbnails/Default/Default.webp,Default
Janmashtami,Bhajan,यशोमती मैया से बोले,Yashomati Maiya Se Bole,https://ddappcdn.techxr.co/ShubhDarshan/Thumbnails/BhajanThumbnails/Default/Default.webp,Default
Janmashtami,Bhajan,गोविन्द बोलो हरि गोपाल बोलो,Govind Bolo Hari Gopal Bolo,https://ddappcdn.techxr.co/ShubhDarshan/Thumbnails/BhajanThumbnails/Default/Default.webp,Default
Janmashtami,Bhajan,मेरे बांके बिहारी लाल,Mere Banke Bihari Lal,https://ddappcdn.techxr.co/ShubhDarshan/Thumbnails/BhajanThumbnails/Default/Default.webp,Default
Janmashtami,Bhajan,श्री कृष्ण गोविन्द हरे मुरारी,Shri Krishna Govind Hare Murari,https://ddappcdn.techxr.co/ShubhDarshan/Thumbnails/BhajanThumbnails/Default/Default.webp,Default
Janmashtami,Bhajan,ऐसी लागी लगन,Aisi Lagi Lagan,https://ddappcdn.techxr.co/ShubhDarshan/Thumbnails/BhajanThumbnails/Default/Default.webp,Default
Janmashtami,Katha,पूतना वध की कथा,पूतना वध की कथा,https://ddappcdn.techxr.co/ShubhDarshan/Thumbnails/BhajanThumbnails/Default/Default.webp,Default
Dussehra,Mantra,अपराजिता मंत्र,अपराजिता मंत्र,https://ddappcdn.techxr.co/ShubhDarshan/Thumbnails/BhajanThumbnails/Default/Default.webp,Default
Dussehra,Mantra,भय नाशक मंत्र,भय नाशक मंत्र,https://ddappcdn.techxr.co/ShubhDarshan/Thumbnails/BhajanThumbnails/Default/Default.webp,Default
Dussehra,Mantra,सिद्धि मंत्र,सिद्धि मंत्र,https://ddappcdn.techxr.co/ShubhDarshan/Thumbnails/BhajanThumbnails/Default/Default.webp,Default
Dussehra,Mantra,राम गायत्री मंत्र,राम गायत्री मंत्र,https://ddappcdn.techxr.co/ShubhDarshan/Thumbnails/BhajanThumbnails/Default/Default.webp,Default
Dussehra,Aarti,श्री रामचंद्र कृपालु,Shri Ramchandra Kripalu,https://ddappcdn.techxr.co/ShubhDarshan/Thumbnails/BhajanThumbnails/Default/Default.webp,Default
Dussehra,Aarti,आरती कीजै रामलला की,आरती कीजै रामलला की,https://ddappcdn.techxr.co/ShubhDarshan/Thumbnails/BhajanThumbnails/Default/Default.webp,Default
Dussehra,Strotam,श्री रामचंद्र कृपालु,Shri Ramchandra Kripalu,https://ddappcdn.techxr.co/ShubhDarshan/Thumbnails/BhajanThumbnails/Default/Default.webp,Default
Dussehra,Strotam,विष्णु सहस्रनाम,Vishnu Sahasranama,https://ddappcdn.techxr.co/ShubhDarshan/Thumbnails/BhajanThumbnails/Default/Default.webp,Default
Dussehra,Strotam,बजरंग बाण,Bajrang Baan,https://ddappcdn.techxr.co/ShubhDarshan/Thumbnails/BhajanThumbnails/Default/Default.webp,Default
Dussehra,Bhajan,मंगल भवन अमंगल हारी,मंगल भवन अमंगल हारी,https://ddappcdn.techxr.co/ShubhDarshan/Thumbnails/BhajanThumbnails/Default/Default.webp,Default
Dussehra,Bhajan,मेरे सरकार आए हैं,मेरे सरकार आए हैं,https://ddappcdn.techxr.co/ShubhDarshan/Thumbnails/BhajanThumbnails/Default/Default.webp,Default
Dussehra,Bhajan,सुख के सब साथी,सुख के सब साथी,https://ddappcdn.techxr.co/ShubhDarshan/Thumbnails/BhajanThumbnails/Default/Default.webp,Default
Dussehra,Bhajan,राम जी का नाम लेकर,राम जी का नाम लेकर,https://ddappcdn.techxr.co/ShubhDarshan/Thumbnails/BhajanThumbnails/Default/Default.webp,Default
Dussehra,Bhajan,कभी राम बनके कभी श्याम,कभी राम बनके कभी श्याम,https://ddappcdn.techxr.co/ShubhDarshan/Thumbnails/BhajanThumbnails/Default/Default.webp,Default
Dussehra,Katha,महिषासुर मर्दन,महिषासुर मर्दन,https://ddappcdn.techxr.co/ShubhDarshan/Thumbnails/BhajanThumbnails/Default/Default.webp,Default
MahaShivratri,Mantra,सिद्धि मंत्र,सिद्धि मंत्र,https://ddappcdn.techxr.co/ShubhDarshan/Thumbnails/BhajanThumbnails/Default/Default.webp,Default
MahaShivratri,Strotam,शिव रुद्राष्टकम स्तुति,Shiv Rudrashtakam Stuti,https://ddappcdn.techxr.co/ShubhDarshan/Thumbnails/BhajanThumbnails/Default/Default.webp,Default
MahaShivratri,Strotam,लिंगाष्टकम,लिंगाष्टकम,https://ddappcdn.techxr.co/ShubhDarshan/Thumbnails/BhajanThumbnails/Default/Default.webp,Default
MahaShivratri,Strotam,शिव मानस पूजा,Shiv Manas Puja,https://ddappcdn.techxr.co/ShubhDarshan/Thumbnails/BhajanThumbnails/Default/Default.webp,Default
MahaShivratri,Strotam,द्वादश ज्योतिर्लिंग स्तोत्र,द्वादश ज्योतिर्लिंग स्तोत्र,https://ddappcdn.techxr.co/ShubhDarshan/Thumbnails/BhajanThumbnails/Default/Default.webp,Default
MahaShivratri,Strotam,शिव पंचाक्षर स्तोत्र,शिव पंचाक्षर स्तोत्र,https://ddappcdn.techxr.co/ShubhDarshan/Thumbnails/BhajanThumbnails/Default/Default.webp,Default
MahaShivratri,Strotam,बिल्वाष्टकम,बिल्वाष्टकम,https://ddappcdn.techxr.co/ShubhDarshan/Thumbnails/BhajanThumbnails/Default/Default.webp,Default
MahaShivratri,Strotam,वेदसार शिव स्तोत्र,वेदसार शिव स्तोत्र,https://ddappcdn.techxr.co/ShubhDarshan/Thumbnails/BhajanThumbnails/Default/Default.webp,Default
MahaShivratri,Bhajan,मेरा भोला है भंडारी,मेरा भोला है भंडारी,https://ddappcdn.techxr.co/ShubhDarshan/Thumbnails/BhajanThumbnails/Default/Default.webp,Default
MahaShivratri,Bhajan,शिव कैलाशों के वासी,शिव कैलाशों के वासी,https://ddappcdn.techxr.co/ShubhDarshan/Thumbnails/BhajanThumbnails/Default/Default.webp,Default
MahaShivratri,Bhajan,मन मेरा मंदिर शिव मेरी पूजा,मन मेरा मंदिर शिव मेरी पूजा,https://ddappcdn.techxr.co/ShubhDarshan/Thumbnails/BhajanThumbnails/Default/Default.webp,Default
MahaShivratri,Bhajan,सत्यम शिवम सुंदरम,सत्यम शिवम सुंदरम,https://ddappcdn.techxr.co/ShubhDarshan/Thumbnails/BhajanThumbnails/Default/Default.webp,Default
MahaShivratri,Bhajan,नगर में जोगी आया,नगर में जोगी आया,https://ddappcdn.techxr.co/ShubhDarshan/Thumbnails/BhajanThumbnails/Default/Default.webp,Default
MahaShivratri,Bhajan,भोले ओ भोले,भोले ओ भोले,https://ddappcdn.techxr.co/ShubhDarshan/Thumbnails/BhajanThumbnails/Default/Default.webp,Default
MahaShivratri,Bhajan,ऐसी सुबह ना आए,ऐसी सुबह ना आए,https://ddappcdn.techxr.co/ShubhDarshan/Thumbnails/BhajanThumbnails/Default/Default.webp,Default
MahaShivratri,Bhajan,बम लहरी,बम लहरी,https://ddappcdn.techxr.co/ShubhDarshan/Thumbnails/BhajanThumbnails/Default/Default.webp,Default
MahaShivratri,Bhajan,शिव जी सत्य है,शिव जी सत्य है,https://ddappcdn.techxr.co/ShubhDarshan/Thumbnails/BhajanThumbnails/Default/Default.webp,Default
MahaShivratri,Katha,शिव पार्वती विवाह की संपूर्ण कथा,शिव पार्वती विवाह की संपूर्ण कथा,https://ddappcdn.techxr.co/ShubhDarshan/Thumbnails/BhajanThumbnails/Default/Default.webp,Default
GaneshChaturthi,Mantra,ॐ वक्रतुण्डाय हुम्,Om Vakratundaya Hum,https://ddappcdn.techxr.co/ShubhDarshan/Thumbnails/BhajanThumbnails/Default/Default.webp,Default
GaneshChaturthi,Mantra,सिद्धि विनायक मंत्र,सिद्धि विनायक मंत्र,https://ddappcdn.techxr.co/ShubhDarshan/Thumbnails/BhajanThumbnails/Default/Default.webp,Default
GaneshChaturthi,Mantra,गणेश श्लोक,Ganesha Shlok,https://ddappcdn.techxr.co/ShubhDarshan/Thumbnails/BhajanThumbnails/Default/Default.webp,Default
GaneshChaturthi,Mantra,ऋद्धि-सिद्धि मंत्र,ऋद्धि-सिद्धि मंत्र,https://ddappcdn.techxr.co/ShubhDarshan/Thumbnails/BhajanThumbnails/Default/Default.webp,Default
GaneshChaturthi,Mantra,ॐ श्रीं गं सौभाग्य गणपतये वर्वर्द सर्वजन्म में वषमान्य स्वाहा,Om Shreem Gam Saubhagya Ganapataye Varvarada Sarvajanma Me Vashamanya Swaha,https://ddappcdn.techxr.co/ShubhDarshan/Thumbnails/BhajanThumbnails/Default/Default.webp,Default
GaneshChaturthi,Mantra,गणेश स्तुति,Ganesh Stuti,https://ddappcdn.techxr.co/ShubhDarshan/Thumbnails/BhajanThumbnails/Default/Default.webp,Default
GaneshChaturthi,Strotam,गणेश अष्टकम,Ganesh Ashtakam,https://ddappcdn.techxr.co/ShubhDarshan/Thumbnails/BhajanThumbnails/Default/Default.webp,Default
GaneshChaturthi,Strotam,ऋणमोचन गणेश स्तोत्र,ऋणमोचन गणेश स्तोत्र,https://ddappcdn.techxr.co/ShubhDarshan/Thumbnails/BhajanThumbnails/Default/Default.webp,Default
GaneshChaturthi,Strotam,गणपति गकार स्तोत्र,गणपति गकार स्तोत्र,https://ddappcdn.techxr.co/ShubhDarshan/Thumbnails/BhajanThumbnails/Default/Default.webp,Default
GaneshChaturthi,Strotam,लम्बोदर स्तोत्र,लम्बोदर स्तोत्र,https://ddappcdn.techxr.co/ShubhDarshan/Thumbnails/BhajanThumbnails/Default/Default.webp,Default
GaneshChaturthi,Strotam,गणेश द्वादशनाम स्तोत्र,गणेश द्वादशनाम स्तोत्र,https://ddappcdn.techxr.co/ShubhDarshan/Thumbnails/BhajanThumbnails/Default/Default.webp,Default
GaneshChaturthi,Bhajan,देवा श्री गणेशा,देवा श्री गणेशा,https://ddappcdn.techxr.co/ShubhDarshan/Thumbnails/BhajanThumbnails/Default/Default.webp,Default
GaneshChaturthi,Bhajan,गणपति अपने गाँव चले,Ganpati Apne Gaon Chale,https://ddappcdn.techxr.co/ShubhDarshan/Thumbnails/BhajanThumbnails/Default/Default.webp,Default
GaneshChaturthi,Bhajan,गजानना श्री गणराया,Gajanana Shri Ganaraya,https://ddappcdn.techxr.co/ShubhDarshan/Thumbnails/BhajanThumbnails/Default/Default.webp,Default
GaneshChaturthi,Bhajan,ओ माय फ्रेंड गणेशा,ओ माय फ्रेंड गणेशा,https://ddappcdn.techxr.co/ShubhDarshan/Thumbnails/BhajanThumbnails/Default/Default.webp,Default
GaneshChaturthi,Bhajan,मौर्या रे बाप्पा मौर्या रे,Maurya Re Bappa Maurya Re,https://ddappcdn.techxr.co/ShubhDarshan/Thumbnails/BhajanThumbnails/Default/Default.webp,Default
GaneshChaturthi,Bhajan,गणेश श्लोक,Ganesha Shlok,https://ddappcdn.techxr.co/ShubhDarshan/Thumbnails/BhajanThumbnails/Default/Default.webp,Default
GaneshChaturthi,Bhajan,देवा हो देवा गणपति देवा,देवा हो देवा गणपति देवा,https://ddappcdn.techxr.co/ShubhDarshan/Thumbnails/BhajanThumbnails/Default/Default.webp,Default
GaneshChaturthi,Bhajan,"मेरे मन मंदिर में तुम भगवान रहे,",Mere Man Mandir Mein Tum Bhagwan Rahe,https://ddappcdn.techxr.co/ShubhDarshan/Thumbnails/BhajanThumbnails/Default/Default.webp,Default
RamNavami,Mantra,राम गायत्री मंत्र,राम गायत्री मंत्र,https://ddappcdn.techxr.co/ShubhDarshan/Thumbnails/BhajanThumbnails/Default/Default.webp,Default
RamNavami,Mantra,भय नाशक मंत्र,भय नाशक मंत्र,https://ddappcdn.techxr.co/ShubhDarshan/Thumbnails/BhajanThumbnails/Default/Default.webp,Default
RamNavami,Mantra,हनुमत-राम मंत्र,हनुमत-राम मंत्र,https://ddappcdn.techxr.co/ShubhDarshan/Thumbnails/BhajanThumbnails/Default/Default.webp,Default
RamNavami,Strotam,श्री रामचंद्र कृपालु,Shri Ramchandra Kripalu,https://ddappcdn.techxr.co/ShubhDarshan/Thumbnails/BhajanThumbnails/Default/Default.webp,Default
RamNavami,Strotam,श्री रामचंद्र कृपालु,Shri Ramchandra Kripalu,https://ddappcdn.techxr.co/ShubhDarshan/Thumbnails/BhajanThumbnails/Default/Default.webp,Default
RamNavami,Bhajan,मंगल भवन अमंगल हारी,मंगल भवन अमंगल हारी,https://ddappcdn.techxr.co/ShubhDarshan/Thumbnails/BhajanThumbnails/Default/Default.webp,Default
RamNavami,Bhajan,भए प्रगट कृपाला दीनदयाला,भए प्रगट कृपाला दीनदयाला,https://ddappcdn.techxr.co/ShubhDarshan/Thumbnails/BhajanThumbnails/Default/Default.webp,Default
RamNavami,Bhajan,सजा दो घर को गुलशन सा,सजा दो घर को गुलशन सा,https://ddappcdn.techxr.co/ShubhDarshan/Thumbnails/BhajanThumbnails/Default/Default.webp,Default
RamNavami,Bhajan,हम कथा सुनाते राम सकल,हम कथा सुनाते राम सकल,https://ddappcdn.techxr.co/ShubhDarshan/Thumbnails/BhajanThumbnails/Default/Default.webp,Default
RamNavami,Bhajan,सुख के सब साथी दुःख में ना कोई,सुख के सब साथी दुःख में ना कोई,https://ddappcdn.techxr.co/ShubhDarshan/Thumbnails/BhajanThumbnails/Default/Default.webp,Default
RamNavami,Bhajan,ओ माँ मेरी झोपड़ी के भाग,ओ माँ मेरी झोपड़ी के भाग,https://ddappcdn.techxr.co/ShubhDarshan/Thumbnails/BhajanThumbnails/Default/Default.webp,Default
HanumanJayanti,Mantra,हनुमान मंत्र,Hanuman Mantra,https://ddappcdn.techxr.co/ShubhDarshan/Thumbnails/BhajanThumbnails/Default/Default.webp,Default
HanumanJayanti,Mantra,सिद्धि मंत्र,सिद्धि मंत्र,https://ddappcdn.techxr.co/ShubhDarshan/Thumbnails/BhajanThumbnails/Default/Default.webp,Default
HanumanJayanti,Mantra,सुरक्षा मंत्र,सुरक्षा मंत्र,https://ddappcdn.techxr.co/ShubhDarshan/Thumbnails/BhajanThumbnails/Default/Default.webp,Default
HanumanJayanti,Mantra,राम-दूत मंत्र,राम-दूत मंत्र,https://ddappcdn.techxr.co/ShubhDarshan/Thumbnails/BhajanThumbnails/Default/Default.webp,Default
HanumanJayanti,Mantra,हनुमान बुद्धि स्तुति,Hanuman Buddhi Stuti,https://ddappcdn.techxr.co/ShubhDarshan/Thumbnails/BhajanThumbnails/Default/Default.webp,Default
HanumanJayanti,Strotam,बजरंग बाण,Bajrang Baan,https://ddappcdn.techxr.co/ShubhDarshan/Thumbnails/BhajanThumbnails/Default/Default.webp,Default
HanumanJayanti,Strotam,सुंदरकांड,सुंदरकांड,https://ddappcdn.techxr.co/ShubhDarshan/Thumbnails/BhajanThumbnails/Default/Default.webp,Default
HanumanJayanti,Strotam,हनुमान बाहुक,हनुमान बाहुक,https://ddappcdn.techxr.co/ShubhDarshan/Thumbnails/BhajanThumbnails/Default/Default.webp,Default
HanumanJayanti,Strotam,श्री हनुमत् स्तवन,श्री हनुमत् स्तवन,https://ddappcdn.techxr.co/ShubhDarshan/Thumbnails/BhajanThumbnails/Default/Default.webp,Default
HanumanJayanti,Strotam,मारुति स्तोत्र,मारुति स्तोत्र,https://ddappcdn.techxr.co/ShubhDarshan/Thumbnails/BhajanThumbnails/Default/Default.webp,Default
HanumanJayanti,Strotam,एकमुखी हनुमत् कवच,एकमुखी हनुमत् कवच,https://ddappcdn.techxr.co/ShubhDarshan/Thumbnails/BhajanThumbnails/Default/Default.webp,Default
HanumanJayanti,Strotam,पंचमुखी हनुमान कवच,पंचमुखी हनुमान कवच,https://ddappcdn.techxr.co/ShubhDarshan/Thumbnails/BhajanThumbnails/Default/Default.webp,Default
HanumanJayanti,Strotam,हनुमान साठिका,हनुमान साठिका,https://ddappcdn.techxr.co/ShubhDarshan/Thumbnails/BhajanThumbnails/Default/Default.webp,Default
HanumanJayanti,Bhajan,बालाजी अच्छा लागे से,बालाजी अच्छा लागे से,https://ddappcdn.techxr.co/ShubhDarshan/Thumbnails/BhajanThumbnails/Default/Default.webp,Default
HanumanJayanti,Bhajan,हनुमान जब चले,हनुमान जब चले,https://ddappcdn.techxr.co/ShubhDarshan/Thumbnails/BhajanThumbnails/Default/Default.webp,Default
HanumanJayanti,Bhajan,राम जी का नाम लेकर,राम जी का नाम लेकर,https://ddappcdn.techxr.co/ShubhDarshan/Thumbnails/BhajanThumbnails/Default/Default.webp,Default
HanumanJayanti,Katha,हनुमान जयंती कथा,हनुमान जयंती कथा,https://ddappcdn.techxr.co/ShubhDarshan/Thumbnails/BhajanThumbnails/Default/Default.webp,Default
