Deity,Category,Title EN,Assigned Image,Match Logic
GaneshJi,Mantra,Om Vakratundaya Hum,https://ddappcdn.techxr.co/ShubhDarshan/Thumbnails/BhajanThumbnails/GaneshJi/vakrthund_mahakaya_4x.webp,Random GaneshJi mantra
GaneshJi,Mantra,Om Hasti Pishachi Likha Swaha,https://ddappcdn.techxr.co/ShubhDarshan/Thumbnails/BhajanThumbnails/GaneshJi/mool_beej_mantra_4x.webp,Random GaneshJi mantra
GaneshJi,Mantra,Om Lambodaray Namah,https://ddappcdn.techxr.co/ShubhDarshan/Thumbnails/BhajanThumbnails/GaneshJi/om_lambodaraye_namah_4x.webp,Direct Match
GaneshJi,Mantra,Om Vikataya Namah,https://ddappcdn.techxr.co/ShubhDarshan/Thumbnails/BhajanThumbnails/GaneshJi/om_vinayakaya_namah_4x.webp,Fuzzy (om vinayakaya namah)
GaneshJi,Mantra,Om Vighnanashanaya Namah,https://ddappcdn.techxr.co/ShubhDarshan/Thumbnails/BhajanThumbnails/GaneshJi/om_vinayakaya_namah_4x.webp,Fuzzy (om vinayakaya namah)
GaneshJi,Strotam,Ganesh Kavach,https://ddappcdn.techxr.co/ShubhDarshan/Thumbnails/BhajanThumbnails/GaneshJi/shri_ganesh_kavach_4x.webp,Fuzzy (shri ganesh kavach)
GaneshJi,Strotam,Ganesh Hridaya Stotra,https://ddappcdn.techxr.co/ShubhDarshan/Thumbnails/BhajanThumbnails/GaneshJi/snakat_nasak_stotram_4x.webp,Fuzzy (shri sankatnashan ganesh stotra)
GaneshJi,Ashtakam,Ganesh Ashtakam,https://ddappcdn.techxr.co/ShubhDarshan/Thumbnails/BhajanThumbnails/Default/Default.webp,Default
GaneshJi,Stuti,Shri Ganesh Pancharatna,https://ddappcdn.techxr.co/ShubhDarshan/Thumbnails/BhajanThumbnails/GaneshJi/snakat_nasak_stotram_4x.webp,Fuzzy (shri sankatnashan ganesh stotra)
GaneshJi,Stuti,Pratham Tula Vandito,https://ddappcdn.techxr.co/ShubhDarshan/Thumbnails/BhajanThumbnails/GaneshJi/tulsi_das_kart_ganesh_stuti_4x.webp,Random GaneshJi stuti
GaneshJi,Stuti,Gajananm Bhut Ganadi Sevitam,https://ddappcdn.techxr.co/ShubhDarshan/Thumbnails/BhajanThumbnails/GaneshJi/namami_te_gangnam_4x.webp,Fuzzy (namami te gajananm)
GaneshJi,Stuti,Ganesh Vandana,https://ddappcdn.techxr.co/ShubhDarshan/Thumbnails/BhajanThumbnails/GaneshJi/sidhivinayak_stuti_4x.webp,Random GaneshJi stuti
GaneshJi,Aarti,Sukh Karta Dukhaharta,https://ddappcdn.techxr.co/ShubhDarshan/Thumbnails/BhajanThumbnails/GaneshJi/sakh_karta_dukh_harta_4x.webp,Fuzzy (sukhakarta dukhaharta varta vighnachi)
GaneshJi,Aarti,Om Shendur Lal Chadhayo Achchha Gajmukh Ko,https://ddappcdn.techxr.co/ShubhDarshan/Thumbnails/BhajanThumbnails/GaneshJi/sindoor_lal_chadyao_acha_4x.webp,Fuzzy (shendur lal chadhayo achchha gajmukh ko)
GaneshJi,Shloka,Vakratunda Mahakaya,https://ddappcdn.techxr.co/ShubhDarshan/Thumbnails/BhajanThumbnails/GaneshJi/vakrthund_mahakaya_4x.webp,Fuzzy (vakratunda mahakaya mantra)
GaneshJi,Shloka,Gajananm Bhuta Ganadi,https://ddappcdn.techxr.co/ShubhDarshan/Thumbnails/BhajanThumbnails/GaneshJi/namami_te_gangnam_4x.webp,Fuzzy (namami te gajananm)
GaneshJi,Shloka,Agajanan Padmarkam,https://ddappcdn.techxr.co/ShubhDarshan/Thumbnails/BhajanThumbnails/GaneshJi/aghjanan_parthak_4x.webp,Fuzzy (agajanan padmarkam shloka)
GaneshJi,Shloka,Sumukhashchaikadantashcha,https://ddappcdn.techxr.co/ShubhDarshan/Thumbnails/BhajanThumbnails/GaneshJi/aghjanan_parthak_4x.webp,Random GaneshJi shloka
GaneshJi,Shloka,Om Shreem Gam Saubhagya Ganapataye Varvarada Sarvajanma Me Vashamanya Swaha,https://ddappcdn.techxr.co/ShubhDarshan/Thumbnails/BhajanThumbnails/GaneshJi/varkthund_mahakaya_4x.webp,Random GaneshJi shloka
GaneshJi,Bhajan,Deva Shri Ganesha,https://ddappcdn.techxr.co/ShubhDarshan/Thumbnails/BhajanThumbnails/Default/Default.webp,Default
GaneshJi,Bhajan,Maurya Re Bappa Maurya Re,https://ddappcdn.techxr.co/ShubhDarshan/Thumbnails/BhajanThumbnails/Default/Default.webp,Default
GaneshJi,Bhajan,Gajanana Shri Ganaraya,https://ddappcdn.techxr.co/ShubhDarshan/Thumbnails/BhajanThumbnails/Default/Default.webp,Default
GaneshJi,Bhajan,Suno Ganpati Bappa Maurya,https://ddappcdn.techxr.co/ShubhDarshan/Thumbnails/BhajanThumbnails/Default/Default.webp,Default
GaneshJi,Bhajan,Ganpati Apne Gaon Chale,https://ddappcdn.techxr.co/ShubhDarshan/Thumbnails/BhajanThumbnails/Default/Default.webp,Default
GaneshJi,Bhajan,Mere Man Mandir Mein Tum Bhagwan Rahe,https://ddappcdn.techxr.co/ShubhDarshan/Thumbnails/BhajanThumbnails/Default/Default.webp,Default
GaneshJi,Katha,Shri Ganesh Janm Katha,https://ddappcdn.techxr.co/ShubhDarshan/Thumbnails/BhajanThumbnails/GaneshJi/ganesh_janam_katha_4x.webp,Direct Match
GaneshJi,Katha,Prithvi Parikrama Katha,https://ddappcdn.techxr.co/ShubhDarshan/Thumbnails/BhajanThumbnails/GaneshJi/ganesh_janam_katha_4x.webp,Random GaneshJi katha
GaneshJi,Katha,Sankashti Chaturthi Vrat Katha,https://ddappcdn.techxr.co/ShubhDarshan/Thumbnails/BhajanThumbnails/GaneshJi/ganesh_janam_katha_4x.webp,Random GaneshJi katha
GaneshJi,Katha,Ganesh Ji Ne Kuber Ka Ghamand Kaise Toda,https://ddappcdn.techxr.co/ShubhDarshan/Thumbnails/BhajanThumbnails/GaneshJi/mahabharat_kaise_likhi_gyi_4x.webp,Random GaneshJi katha
GaneshJi,Katha,Kaunsa Shrap Mila Chandradev Ko Shri Ganesh Ji Dwara?,https://ddappcdn.techxr.co/ShubhDarshan/Thumbnails/BhajanThumbnails/GaneshJi/snakat_nasak_stotram_4x.webp,Fuzzy (shri sankatnashan ganesh stotra)
GaneshJi,Katha,Mahabharat Ka Lekhan Kisne Kiya Tha,https://ddappcdn.techxr.co/ShubhDarshan/Thumbnails/BhajanThumbnails/GaneshJi/mahabharat_kaise_likhi_gyi_4x.webp,Fuzzy (mahabharat lekhan katha)
GaneshJi,Katha,Riddhi-Siddhi Vivah Katha,https://ddappcdn.techxr.co/ShubhDarshan/Thumbnails/BhajanThumbnails/GaneshJi/mahabharat_kaise_likhi_gyi_4x.webp,Random GaneshJi katha
GaneshJi,Katha,Shri Ganesh Ke Ekdant Avatar Ki Kahani.,https://ddappcdn.techxr.co/ShubhDarshan/Thumbnails/BhajanThumbnails/GaneshJi/snakat_nasak_stotram_4x.webp,Fuzzy (shri sankatnashan ganesh stotra)
GaneshJi,Katha,Hua Itna Bhayankar Yudh Ke Parshuram Ji Ganesh Ji Ka Daant Tod Diya,https://ddappcdn.techxr.co/ShubhDarshan/Thumbnails/BhajanThumbnails/GaneshJi/mahabharat_kaise_likhi_gyi_4x.webp,Random GaneshJi katha
SubahUthteHi,misc,Karadarshanam,https://ddappcdn.techxr.co/ShubhDarshan/Thumbnails/BhajanThumbnails/Default/Default.webp,Default
SubahUthteHi,misc,Prithvi Kshama Prarthana,https://ddappcdn.techxr.co/ShubhDarshan/Thumbnails/BhajanThumbnails/Default/Default.webp,Default
SubahUthteHi,misc,Navgrah Prabhat Mantra,https://ddappcdn.techxr.co/ShubhDarshan/Thumbnails/BhajanThumbnails/Default/Default.webp,Default
SubahUthteHi,misc,Mangal Smaran Mantra,https://ddappcdn.techxr.co/ShubhDarshan/Thumbnails/BhajanThumbnails/Default/Default.webp,Default
SubahUthteHi,misc,Panchkanya Smaran,https://ddappcdn.techxr.co/ShubhDarshan/Thumbnails/BhajanThumbnails/Default/Default.webp,Default
NahaneKeSamay,misc,Snan Mantra,https://ddappcdn.techxr.co/ShubhDarshan/Thumbnails/BhajanThumbnails/Default/Default.webp,Default
NahaneKeSamay,misc,Varun Mantra,https://ddappcdn.techxr.co/ShubhDarshan/Thumbnails/BhajanThumbnails/Default/Default.webp,Default
NahaneKeBaad,misc,Surya Arghya,https://ddappcdn.techxr.co/ShubhDarshan/Thumbnails/BhajanThumbnails/Default/Default.webp,Default
NahaneKeBaad,misc,Gayatri Mantra,https://ddappcdn.techxr.co/ShubhDarshan/Thumbnails/BhajanThumbnails/Default/Default.webp,Default
NahaneKeBaad,misc,Shiv Panchakshar,https://ddappcdn.techxr.co/ShubhDarshan/Thumbnails/BhajanThumbnails/Default/Default.webp,Default
NahaneKeBaad,misc,Chandan Lagane Ka Mantra,https://ddappcdn.techxr.co/ShubhDarshan/Thumbnails/BhajanThumbnails/Default/Default.webp,Default
NahaneKeBaad,misc,Tulsi Prarthana,https://ddappcdn.techxr.co/ShubhDarshan/Thumbnails/BhajanThumbnails/Default/Default.webp,Default
BhojanSePehle,misc,Brahmarpan Mantra,https://ddappcdn.techxr.co/ShubhDarshan/Thumbnails/BhajanThumbnails/Default/Default.webp,Default
BhojanSePehle,misc,Annapurna Stuti,https://ddappcdn.techxr.co/ShubhDarshan/Thumbnails/BhajanThumbnails/Default/Default.webp,Default
BhojanSePehle,misc,Shanti Mantra,https://ddappcdn.techxr.co/ShubhDarshan/Thumbnails/BhajanThumbnails/Default/Default.webp,Default
BhojanKeBaad,misc,Agastya Mantra,https://ddappcdn.techxr.co/ShubhDarshan/Thumbnails/BhajanThumbnails/Default/Default.webp,Default
BhojanKeBaad,misc,Kritagyata,https://ddappcdn.techxr.co/ShubhDarshan/Thumbnails/BhajanThumbnails/Default/Default.webp,Default
BhojanKeBaad,misc,Charanamrit Mantra,https://ddappcdn.techxr.co/ShubhDarshan/Thumbnails/BhajanThumbnails/Default/Default.webp,Default
PoojaKeSamay,misc,Aasan Mantra,https://ddappcdn.techxr.co/ShubhDarshan/Thumbnails/BhajanThumbnails/Default/Default.webp,Default
PoojaKeSamay,misc,Deep Mantra,https://ddappcdn.techxr.co/ShubhDarshan/Thumbnails/BhajanThumbnails/Default/Default.webp,Default
PoojaKeSamay,misc,Ganesh Vandana,https://ddappcdn.techxr.co/ShubhDarshan/Thumbnails/BhajanThumbnails/Default/Default.webp,Default
PoojaKeSamay,misc,Guru Vandana,https://ddappcdn.techxr.co/ShubhDarshan/Thumbnails/BhajanThumbnails/Default/Default.webp,Default
PoojaKeSamay,misc,Aachaman Mantra,https://ddappcdn.techxr.co/ShubhDarshan/Thumbnails/BhajanThumbnails/Default/Default.webp,Default
PoojaKeSamay,misc,Pushpanjali Shloka,https://ddappcdn.techxr.co/ShubhDarshan/Thumbnails/BhajanThumbnails/Default/Default.webp,Default
PoojaKeBaad,misc,Purnamadah Mantra,https://ddappcdn.techxr.co/ShubhDarshan/Thumbnails/BhajanThumbnails/Default/Default.webp,Default
PoojaKeBaad,misc,Pradakshina Mantra,https://ddappcdn.techxr.co/ShubhDarshan/Thumbnails/BhajanThumbnails/Default/Default.webp,Default
SoneSePehle,misc,Hanuman Mantra,https://ddappcdn.techxr.co/ShubhDarshan/Thumbnails/BhajanThumbnails/Default/Default.webp,Default
SoneSePehle,misc,Raksha Mantra,https://ddappcdn.techxr.co/ShubhDarshan/Thumbnails/BhajanThumbnails/Default/Default.webp,Default
SoneSePehle,misc,Shayan Mantra,https://ddappcdn.techxr.co/ShubhDarshan/Thumbnails/BhajanThumbnails/Default/Default.webp,Default
SoneSePehle,misc,Kshama Yachana,https://ddappcdn.techxr.co/ShubhDarshan/Thumbnails/BhajanThumbnails/Default/Default.webp,Default
SoneSePehle,misc,Vishnu Smaran,https://ddappcdn.techxr.co/ShubhDarshan/Thumbnails/BhajanThumbnails/Default/Default.webp,Default
peace_of_mind,Mantra,Om Chanting,https://ddappcdn.techxr.co/ShubhDarshan/Thumbnails/BhajanThumbnails/BhajanHomeThumbnails/Intent/Peace.jpg,Intent Icon
peace_of_mind,Mantra,Gayatri Mantra,https://ddappcdn.techxr.co/ShubhDarshan/Thumbnails/BhajanThumbnails/BhajanHomeThumbnails/Intent/Peace.jpg,Intent Icon
peace_of_mind,Mantra,Shanti Mantra,https://ddappcdn.techxr.co/ShubhDarshan/Thumbnails/BhajanThumbnails/BhajanHomeThumbnails/Intent/Peace.jpg,Intent Icon
peace_of_mind,Mantra,Sarvesham Shanti,https://ddappcdn.techxr.co/ShubhDarshan/Thumbnails/BhajanThumbnails/BhajanHomeThumbnails/Intent/Peace.jpg,Intent Icon
peace_of_mind,Mantra,Buddha Mantra,https://ddappcdn.techxr.co/ShubhDarshan/Thumbnails/BhajanThumbnails/BhajanHomeThumbnails/Intent/Peace.jpg,Intent Icon
peace_of_mind,Mantra,Loka Samasta,https://ddappcdn.techxr.co/ShubhDarshan/Thumbnails/BhajanThumbnails/BhajanHomeThumbnails/Intent/Peace.jpg,Intent Icon
peace_of_mind,Mantra,Saraswati Mantra,https://ddappcdn.techxr.co/ShubhDarshan/Thumbnails/BhajanThumbnails/BhajanHomeThumbnails/Intent/Peace.jpg,Intent Icon
peace_of_mind,Mantra,Hanuman Mantra,https://ddappcdn.techxr.co/ShubhDarshan/Thumbnails/BhajanThumbnails/BhajanHomeThumbnails/Intent/Peace.jpg,Intent Icon
peace_of_mind,Mantra,Asato Ma,https://ddappcdn.techxr.co/ShubhDarshan/Thumbnails/BhajanThumbnails/BhajanHomeThumbnails/Intent/Peace.jpg,Intent Icon
peace_of_mind,Mantra,Guru Mantra,https://ddappcdn.techxr.co/ShubhDarshan/Thumbnails/BhajanThumbnails/BhajanHomeThumbnails/Intent/Peace.jpg,Intent Icon
peace_of_mind,Mantra,Nirvana Shatakam,https://ddappcdn.techxr.co/ShubhDarshan/Thumbnails/BhajanThumbnails/BhajanHomeThumbnails/Intent/Peace.jpg,Intent Icon
peace_of_mind,Mantra,So-Ham Mantra,https://ddappcdn.techxr.co/ShubhDarshan/Thumbnails/BhajanThumbnails/BhajanHomeThumbnails/Intent/Peace.jpg,Intent Icon
peace_of_mind,Mantra,Ra Ma Da Sa,https://ddappcdn.techxr.co/ShubhDarshan/Thumbnails/BhajanThumbnails/BhajanHomeThumbnails/Intent/Peace.jpg,Intent Icon
peace_of_mind,Mantra,Aham Brahmasmi,https://ddappcdn.techxr.co/ShubhDarshan/Thumbnails/BhajanThumbnails/BhajanHomeThumbnails/Intent/Peace.jpg,Intent Icon
peace_of_mind,Strotam,Nirvana Shatakam,https://ddappcdn.techxr.co/ShubhDarshan/Thumbnails/BhajanThumbnails/BhajanHomeThumbnails/Intent/Peace.jpg,Intent Icon
peace_of_mind,Strotam,Lingashtakam,https://ddappcdn.techxr.co/ShubhDarshan/Thumbnails/BhajanThumbnails/BhajanHomeThumbnails/Intent/Peace.jpg,Intent Icon
peace_of_mind,Strotam,Shiv Manas Puja,https://ddappcdn.techxr.co/ShubhDarshan/Thumbnails/BhajanThumbnails/BhajanHomeThumbnails/Intent/Peace.jpg,Intent Icon
peace_of_mind,Strotam,Madhurashtakam,https://ddappcdn.techxr.co/ShubhDarshan/Thumbnails/BhajanThumbnails/BhajanHomeThumbnails/Intent/Peace.jpg,Intent Icon
peace_of_mind,Strotam,Guruvashtakam,https://ddappcdn.techxr.co/ShubhDarshan/Thumbnails/BhajanThumbnails/BhajanHomeThumbnails/Intent/Peace.jpg,Intent Icon
peace_of_mind,Strotam,Dakshinamurti Stotram,https://ddappcdn.techxr.co/ShubhDarshan/Thumbnails/BhajanThumbnails/BhajanHomeThumbnails/Intent/Peace.jpg,Intent Icon
peace_of_mind,Strotam,Bilvashtakam,https://ddappcdn.techxr.co/ShubhDarshan/Thumbnails/BhajanThumbnails/BhajanHomeThumbnails/Intent/Peace.jpg,Intent Icon
peace_of_mind,Stuti,Karadarshanam,https://ddappcdn.techxr.co/ShubhDarshan/Thumbnails/BhajanThumbnails/BhajanHomeThumbnails/Intent/Peace.jpg,Intent Icon
peace_of_mind,Stuti,Shri Ramchandra Kripalu,https://ddappcdn.techxr.co/ShubhDarshan/Thumbnails/BhajanThumbnails/BhajanHomeThumbnails/Intent/Peace.jpg,Intent Icon
peace_of_mind,Stuti,Shiv Rudrashtakam Stuti,https://ddappcdn.techxr.co/ShubhDarshan/Thumbnails/BhajanThumbnails/BhajanHomeThumbnails/Intent/Peace.jpg,Intent Icon
peace_of_mind,Stuti,Shiv Manas Stuti,https://ddappcdn.techxr.co/ShubhDarshan/Thumbnails/BhajanThumbnails/BhajanHomeThumbnails/Intent/Peace.jpg,Intent Icon
peace_of_mind,Stuti,Saraswati Stuti,https://ddappcdn.techxr.co/ShubhDarshan/Thumbnails/BhajanThumbnails/BhajanHomeThumbnails/Intent/Peace.jpg,Intent Icon
peace_of_mind,Stuti,Vishnu Mangal Stuti,https://ddappcdn.techxr.co/ShubhDarshan/Thumbnails/BhajanThumbnails/BhajanHomeThumbnails/Intent/Peace.jpg,Intent Icon
peace_of_mind,Stuti,Apradh Kshamapan Stuti,https://ddappcdn.techxr.co/ShubhDarshan/Thumbnails/BhajanThumbnails/BhajanHomeThumbnails/Intent/Peace.jpg,Intent Icon
peace_of_mind,Stuti,Shri Krishna Stuti,https://ddappcdn.techxr.co/ShubhDarshan/Thumbnails/BhajanThumbnails/BhajanHomeThumbnails/Intent/Peace.jpg,Intent Icon
peace_of_mind,Stuti,Durga Shanti Stuti,https://ddappcdn.techxr.co/ShubhDarshan/Thumbnails/BhajanThumbnails/BhajanHomeThumbnails/Intent/Peace.jpg,Intent Icon
peace_of_mind,Shloka,Upanishad Shanti Path,https://ddappcdn.techxr.co/ShubhDarshan/Thumbnails/BhajanThumbnails/BhajanHomeThumbnails/Intent/Peace.jpg,Intent Icon
peace_of_mind,Shloka,Gita (Adhyay 2),https://ddappcdn.techxr.co/ShubhDarshan/Thumbnails/BhajanThumbnails/BhajanHomeThumbnails/Intent/Peace.jpg,Intent Icon
peace_of_mind,Shloka,Gita (Adhyay 6),https://ddappcdn.techxr.co/ShubhDarshan/Thumbnails/BhajanThumbnails/BhajanHomeThumbnails/Intent/Peace.jpg,Intent Icon
peace_of_mind,Shloka,Ishavasya Upanishad,https://ddappcdn.techxr.co/ShubhDarshan/Thumbnails/BhajanThumbnails/BhajanHomeThumbnails/Intent/Peace.jpg,Intent Icon
peace_of_mind,Shloka,Gita (Adhyay 6),https://ddappcdn.techxr.co/ShubhDarshan/Thumbnails/BhajanThumbnails/BhajanHomeThumbnails/Intent/Peace.jpg,Intent Icon
peace_of_mind,Shloka,Shanti Mantra,https://ddappcdn.techxr.co/ShubhDarshan/Thumbnails/BhajanThumbnails/BhajanHomeThumbnails/Intent/Peace.jpg,Intent Icon
peace_of_mind,Shloka,Shanti Path,https://ddappcdn.techxr.co/ShubhDarshan/Thumbnails/BhajanThumbnails/BhajanHomeThumbnails/Intent/Peace.jpg,Intent Icon
peace_of_mind,Shloka,Man Niyantran (Gita),https://ddappcdn.techxr.co/ShubhDarshan/Thumbnails/BhajanThumbnails/BhajanHomeThumbnails/Intent/Peace.jpg,Intent Icon
peace_of_mind,Shloka,Santulan Shlok,https://ddappcdn.techxr.co/ShubhDarshan/Thumbnails/BhajanThumbnails/BhajanHomeThumbnails/Intent/Peace.jpg,Intent Icon
peace_of_mind,Shloka,Dhyan Moolam,https://ddappcdn.techxr.co/ShubhDarshan/Thumbnails/BhajanThumbnails/BhajanHomeThumbnails/Intent/Peace.jpg,Intent Icon
peace_of_mind,Shloka,Adhyatma Shlok,https://ddappcdn.techxr.co/ShubhDarshan/Thumbnails/BhajanThumbnails/BhajanHomeThumbnails/Intent/Peace.jpg,Intent Icon
Strength,Mantra,Kali Mantra,https://ddappcdn.techxr.co/ShubhDarshan/Thumbnails/BhajanThumbnails/BhajanHomeThumbnails/Intent/Strength.jpg,Intent Icon
Strength,Mantra,Nrisingh Gayatri,https://ddappcdn.techxr.co/ShubhDarshan/Thumbnails/BhajanThumbnails/BhajanHomeThumbnails/Intent/Strength.jpg,Intent Icon
Strength,Mantra,Nrisingh Beej Mantra,https://ddappcdn.techxr.co/ShubhDarshan/Thumbnails/BhajanThumbnails/BhajanHomeThumbnails/Intent/Strength.jpg,Intent Icon
Strength,Mantra,Sudarshan Mantra,https://ddappcdn.techxr.co/ShubhDarshan/Thumbnails/BhajanThumbnails/BhajanHomeThumbnails/Intent/Strength.jpg,Intent Icon
Strength,Mantra,Kartikeya Mantra,https://ddappcdn.techxr.co/ShubhDarshan/Thumbnails/BhajanThumbnails/BhajanHomeThumbnails/Intent/Strength.jpg,Intent Icon
Strength,Mantra,Baglamukhi Beej Mantra,https://ddappcdn.techxr.co/ShubhDarshan/Thumbnails/BhajanThumbnails/BhajanHomeThumbnails/Intent/Strength.jpg,Intent Icon
Strength,Mantra,Garuda Shakti Mantra,https://ddappcdn.techxr.co/ShubhDarshan/Thumbnails/BhajanThumbnails/BhajanHomeThumbnails/Intent/Strength.jpg,Intent Icon
Strength,Strotam,राम रक्षा स्तोत्र,https://ddappcdn.techxr.co/ShubhDarshan/Thumbnails/BhajanThumbnails/BhajanHomeThumbnails/Intent/Strength.jpg,Intent Icon
Strength,Strotam,पंचमुखी हनुमान कवच,https://ddappcdn.techxr.co/ShubhDarshan/Thumbnails/BhajanThumbnails/BhajanHomeThumbnails/Intent/Strength.jpg,Intent Icon
Strength,Strotam,दुर्गा सप्तश्लोकी,https://ddappcdn.techxr.co/ShubhDarshan/Thumbnails/BhajanThumbnails/BhajanHomeThumbnails/Intent/Strength.jpg,Intent Icon
Strength,Strotam,नृसिंह स्तोत्रम,https://ddappcdn.techxr.co/ShubhDarshan/Thumbnails/BhajanThumbnails/BhajanHomeThumbnails/Intent/Strength.jpg,Intent Icon
Strength,Strotam,कालभैरव अष्टकम,https://ddappcdn.techxr.co/ShubhDarshan/Thumbnails/BhajanThumbnails/BhajanHomeThumbnails/Intent/Strength.jpg,Intent Icon
Strength,Strotam,Bajrang Baan,https://ddappcdn.techxr.co/ShubhDarshan/Thumbnails/BhajanThumbnails/BhajanHomeThumbnails/Intent/Strength.jpg,Intent Icon
Strength,Strotam,Narayan Kavach,https://ddappcdn.techxr.co/ShubhDarshan/Thumbnails/BhajanThumbnails/BhajanHomeThumbnails/Intent/Strength.jpg,Intent Icon
Strength,Strotam,सुदर्शन अष्टकम,https://ddappcdn.techxr.co/ShubhDarshan/Thumbnails/BhajanThumbnails/BhajanHomeThumbnails/Intent/Strength.jpg,Intent Icon
Strength,Strotam,नृसिंह कवच,https://ddappcdn.techxr.co/ShubhDarshan/Thumbnails/BhajanThumbnails/BhajanHomeThumbnails/Intent/Strength.jpg,Intent Icon
Strength,Strotam,देवी कवच,https://ddappcdn.techxr.co/ShubhDarshan/Thumbnails/BhajanThumbnails/BhajanHomeThumbnails/Intent/Strength.jpg,Intent Icon
Strength,Strotam,महाकाली स्तोत्र,https://ddappcdn.techxr.co/ShubhDarshan/Thumbnails/BhajanThumbnails/BhajanHomeThumbnails/Intent/Strength.jpg,Intent Icon
Strength,Strotam,कार्तिकेय कवच,https://ddappcdn.techxr.co/ShubhDarshan/Thumbnails/BhajanThumbnails/BhajanHomeThumbnails/Intent/Strength.jpg,Intent Icon
Strength,Chalisa,Kali Chalisa,https://ddappcdn.techxr.co/ShubhDarshan/Thumbnails/BhajanThumbnails/BhajanHomeThumbnails/Intent/Strength.jpg,Intent Icon
Strength,Chalisa,Bhairav Chalisa,https://ddappcdn.techxr.co/ShubhDarshan/Thumbnails/BhajanThumbnails/BhajanHomeThumbnails/Intent/Strength.jpg,Intent Icon
Strength,Chalisa,Nrisingh Chalisa,https://ddappcdn.techxr.co/ShubhDarshan/Thumbnails/BhajanThumbnails/BhajanHomeThumbnails/Intent/Strength.jpg,Intent Icon
Strength,Chalisa,Vindhyeshwari Chalisa,https://ddappcdn.techxr.co/ShubhDarshan/Thumbnails/BhajanThumbnails/BhajanHomeThumbnails/Intent/Strength.jpg,Intent Icon
Strength,Chalisa,Kartikeya Chalisa,https://ddappcdn.techxr.co/ShubhDarshan/Thumbnails/BhajanThumbnails/BhajanHomeThumbnails/Intent/Strength.jpg,Intent Icon
Strength,Chalisa,Baglamukhi Chalisa,https://ddappcdn.techxr.co/ShubhDarshan/Thumbnails/BhajanThumbnails/BhajanHomeThumbnails/Intent/Strength.jpg,Intent Icon
Strength,Chalisa,Gayatri Chalisa,https://ddappcdn.techxr.co/ShubhDarshan/Thumbnails/BhajanThumbnails/BhajanHomeThumbnails/Intent/Strength.jpg,Intent Icon
Strength,Chalisa,Saraswati Chalisa,https://ddappcdn.techxr.co/ShubhDarshan/Thumbnails/BhajanThumbnails/BhajanHomeThumbnails/Intent/Strength.jpg,Intent Icon
Knowledge,Mantra,Saraswati Beej Mantra,https://ddappcdn.techxr.co/ShubhDarshan/Thumbnails/BhajanThumbnails/BhajanHomeThumbnails/Intent/Knowledge.jpg,Intent Icon
Knowledge,Mantra,Gayatri Mantra,https://ddappcdn.techxr.co/ShubhDarshan/Thumbnails/BhajanThumbnails/BhajanHomeThumbnails/Intent/Knowledge.jpg,Intent Icon
Knowledge,Mantra,Vidya Prapti Mantra,https://ddappcdn.techxr.co/ShubhDarshan/Thumbnails/BhajanThumbnails/BhajanHomeThumbnails/Intent/Knowledge.jpg,Intent Icon
Knowledge,Mantra,Guru Mantra,https://ddappcdn.techxr.co/ShubhDarshan/Thumbnails/BhajanThumbnails/BhajanHomeThumbnails/Intent/Knowledge.jpg,Intent Icon
Knowledge,Mantra,Hanuman Buddhi Mantra,https://ddappcdn.techxr.co/ShubhDarshan/Thumbnails/BhajanThumbnails/BhajanHomeThumbnails/Intent/Knowledge.jpg,Intent Icon
Knowledge,Mantra,Budh Grah Mantra,https://ddappcdn.techxr.co/ShubhDarshan/Thumbnails/BhajanThumbnails/BhajanHomeThumbnails/Intent/Knowledge.jpg,Intent Icon
Knowledge,Mantra,Saraswati Mantra,https://ddappcdn.techxr.co/ShubhDarshan/Thumbnails/BhajanThumbnails/BhajanHomeThumbnails/Intent/Knowledge.jpg,Intent Icon
Knowledge,Mantra,Pragya Vardhan Mantra,https://ddappcdn.techxr.co/ShubhDarshan/Thumbnails/BhajanThumbnails/BhajanHomeThumbnails/Intent/Knowledge.jpg,Intent Icon
Knowledge,Mantra,Surya Pragya Mantra,https://ddappcdn.techxr.co/ShubhDarshan/Thumbnails/BhajanThumbnails/BhajanHomeThumbnails/Intent/Knowledge.jpg,Intent Icon
Knowledge,Strotam,Agastya Rachit Saraswati Stotra,https://ddappcdn.techxr.co/ShubhDarshan/Thumbnails/BhajanThumbnails/BhajanHomeThumbnails/Intent/Knowledge.jpg,Intent Icon
Knowledge,Strotam,Hayagriva Stotra,https://ddappcdn.techxr.co/ShubhDarshan/Thumbnails/BhajanThumbnails/BhajanHomeThumbnails/Intent/Knowledge.jpg,Intent Icon
Knowledge,Strotam,Sharda Bhujang Prayat Stotra,https://ddappcdn.techxr.co/ShubhDarshan/Thumbnails/BhajanThumbnails/BhajanHomeThumbnails/Intent/Knowledge.jpg,Intent Icon
Knowledge,Strotam,Saraswati Stotra,https://ddappcdn.techxr.co/ShubhDarshan/Thumbnails/BhajanThumbnails/BhajanHomeThumbnails/Intent/Knowledge.jpg,Intent Icon
Knowledge,Strotam,Vidya Lakshmi Stotra,https://ddappcdn.techxr.co/ShubhDarshan/Thumbnails/BhajanThumbnails/BhajanHomeThumbnails/Intent/Knowledge.jpg,Intent Icon
Knowledge,Strotam,Dakshinamurti Stotram,https://ddappcdn.techxr.co/ShubhDarshan/Thumbnails/BhajanThumbnails/BhajanHomeThumbnails/Intent/Knowledge.jpg,Intent Icon
Knowledge,Strotam,Brihaspati Stotra,https://ddappcdn.techxr.co/ShubhDarshan/Thumbnails/BhajanThumbnails/BhajanHomeThumbnails/Intent/Knowledge.jpg,Intent Icon
Knowledge,Strotam,Budh Stotra,https://ddappcdn.techxr.co/ShubhDarshan/Thumbnails/BhajanThumbnails/BhajanHomeThumbnails/Intent/Knowledge.jpg,Intent Icon
Knowledge,Strotam,Saraswati Dwadash Naam Stotra,https://ddappcdn.techxr.co/ShubhDarshan/Thumbnails/BhajanThumbnails/BhajanHomeThumbnails/Intent/Knowledge.jpg,Intent Icon
Knowledge,Strotam,Medha Sukta Stotra,https://ddappcdn.techxr.co/ShubhDarshan/Thumbnails/BhajanThumbnails/BhajanHomeThumbnails/Intent/Knowledge.jpg,Intent Icon
Knowledge,Stuti,Saraswati Vandana (Ya Kundendu..),https://ddappcdn.techxr.co/ShubhDarshan/Thumbnails/BhajanThumbnails/BhajanHomeThumbnails/Intent/Knowledge.jpg,Intent Icon
Knowledge,Stuti,Guru Vandana,https://ddappcdn.techxr.co/ShubhDarshan/Thumbnails/BhajanThumbnails/BhajanHomeThumbnails/Intent/Knowledge.jpg,Intent Icon
Knowledge,Stuti,Shiv Manas Stuti,https://ddappcdn.techxr.co/ShubhDarshan/Thumbnails/BhajanThumbnails/BhajanHomeThumbnails/Intent/Knowledge.jpg,Intent Icon
Knowledge,Stuti,Hanuman Buddhi Stuti,https://ddappcdn.techxr.co/ShubhDarshan/Thumbnails/BhajanThumbnails/BhajanHomeThumbnails/Intent/Knowledge.jpg,Intent Icon
Knowledge,Stuti,Brahma Stuti,https://ddappcdn.techxr.co/ShubhDarshan/Thumbnails/BhajanThumbnails/BhajanHomeThumbnails/Intent/Knowledge.jpg,Intent Icon
Knowledge,Stuti,Shri Ramchandra Kripalu,https://ddappcdn.techxr.co/ShubhDarshan/Thumbnails/BhajanThumbnails/BhajanHomeThumbnails/Intent/Knowledge.jpg,Intent Icon
Knowledge,Stuti,Gayatri Stuti,https://ddappcdn.techxr.co/ShubhDarshan/Thumbnails/BhajanThumbnails/BhajanHomeThumbnails/Intent/Knowledge.jpg,Intent Icon
Knowledge,Stuti,Shri Krishna Stuti,https://ddappcdn.techxr.co/ShubhDarshan/Thumbnails/BhajanThumbnails/BhajanHomeThumbnails/Intent/Knowledge.jpg,Intent Icon
Knowledge,Stuti,Brihaspati Stotra,https://ddappcdn.techxr.co/ShubhDarshan/Thumbnails/BhajanThumbnails/BhajanHomeThumbnails/Intent/Knowledge.jpg,Intent Icon
Knowledge,Shloka,Guru Mantra,https://ddappcdn.techxr.co/ShubhDarshan/Thumbnails/BhajanThumbnails/BhajanHomeThumbnails/Intent/Knowledge.jpg,Intent Icon
Knowledge,Shloka,Vidya Shlok,https://ddappcdn.techxr.co/ShubhDarshan/Thumbnails/BhajanThumbnails/BhajanHomeThumbnails/Intent/Knowledge.jpg,Intent Icon
Knowledge,Shloka,Chanakya Niti,https://ddappcdn.techxr.co/ShubhDarshan/Thumbnails/BhajanThumbnails/BhajanHomeThumbnails/Intent/Knowledge.jpg,Intent Icon
Knowledge,Shloka,Bhagwad Gita,https://ddappcdn.techxr.co/ShubhDarshan/Thumbnails/BhajanThumbnails/BhajanHomeThumbnails/Intent/Knowledge.jpg,Intent Icon
Knowledge,Shloka,Subhashit,https://ddappcdn.techxr.co/ShubhDarshan/Thumbnails/BhajanThumbnails/BhajanHomeThumbnails/Intent/Knowledge.jpg,Intent Icon
Knowledge,Shloka,Adhyatma Shlok,https://ddappcdn.techxr.co/ShubhDarshan/Thumbnails/BhajanThumbnails/BhajanHomeThumbnails/Intent/Knowledge.jpg,Intent Icon
Knowledge,Shloka,Vidya Prapti Mantra,https://ddappcdn.techxr.co/ShubhDarshan/Thumbnails/BhajanThumbnails/BhajanHomeThumbnails/Intent/Knowledge.jpg,Intent Icon
Knowledge,Shloka,Chanakya Niti 2,https://ddappcdn.techxr.co/ShubhDarshan/Thumbnails/BhajanThumbnails/BhajanHomeThumbnails/Intent/Knowledge.jpg,Intent Icon
Knowledge,Shloka,Subhashit 2,https://ddappcdn.techxr.co/ShubhDarshan/Thumbnails/BhajanThumbnails/BhajanHomeThumbnails/Intent/Knowledge.jpg,Intent Icon
Knowledge,Shloka,Gita Shlok 2,https://ddappcdn.techxr.co/ShubhDarshan/Thumbnails/BhajanThumbnails/BhajanHomeThumbnails/Intent/Knowledge.jpg,Intent Icon
Knowledge,Shloka,Vedic Mantra,https://ddappcdn.techxr.co/ShubhDarshan/Thumbnails/BhajanThumbnails/BhajanHomeThumbnails/Intent/Knowledge.jpg,Intent Icon
Wealth,Mantra,Kuber Mantra,https://ddappcdn.techxr.co/ShubhDarshan/Thumbnails/BhajanThumbnails/BhajanHomeThumbnails/Intent/Wealth.jpg,Intent Icon
Wealth,Mantra,Rina Mochan Mantra,https://ddappcdn.techxr.co/ShubhDarshan/Thumbnails/BhajanThumbnails/BhajanHomeThumbnails/Intent/Wealth.jpg,Intent Icon
Wealth,Mantra,Kanakdhara Beej Mantra,https://ddappcdn.techxr.co/ShubhDarshan/Thumbnails/BhajanThumbnails/BhajanHomeThumbnails/Intent/Wealth.jpg,Intent Icon
Wealth,Mantra,Vishnu Lakshmi Mantra,https://ddappcdn.techxr.co/ShubhDarshan/Thumbnails/BhajanThumbnails/BhajanHomeThumbnails/Intent/Wealth.jpg,Intent Icon
Wealth,Mantra,Vyapar Vriddhi Mantra,https://ddappcdn.techxr.co/ShubhDarshan/Thumbnails/BhajanThumbnails/BhajanHomeThumbnails/Intent/Wealth.jpg,Intent Icon
Wealth,Mantra,Dhan Prada Mantra,https://ddappcdn.techxr.co/ShubhDarshan/Thumbnails/BhajanThumbnails/BhajanHomeThumbnails/Intent/Wealth.jpg,Intent Icon
Wealth,Strotam,Rina Mochan Mangal Stotra,https://ddappcdn.techxr.co/ShubhDarshan/Thumbnails/BhajanThumbnails/BhajanHomeThumbnails/Intent/Wealth.jpg,Intent Icon
Wealth,Strotam,Annapurna Stotra,https://ddappcdn.techxr.co/ShubhDarshan/Thumbnails/BhajanThumbnails/BhajanHomeThumbnails/Intent/Wealth.jpg,Intent Icon
Wealth,Strotam,Indrakshi Stotra,https://ddappcdn.techxr.co/ShubhDarshan/Thumbnails/BhajanThumbnails/BhajanHomeThumbnails/Intent/Wealth.jpg,Intent Icon
Wealth,Strotam,Shubh-Labh Stotra,https://ddappcdn.techxr.co/ShubhDarshan/Thumbnails/BhajanThumbnails/BhajanHomeThumbnails/Intent/Wealth.jpg,Intent Icon
Wealth,Chalisa,Lakshmi Chalisa,https://ddappcdn.techxr.co/ShubhDarshan/Thumbnails/BhajanThumbnails/BhajanHomeThumbnails/Intent/Wealth.jpg,Intent Icon
Wealth,Chalisa,Kuber Chalisa,https://ddappcdn.techxr.co/ShubhDarshan/Thumbnails/BhajanThumbnails/BhajanHomeThumbnails/Intent/Wealth.jpg,Intent Icon
Wealth,Chalisa,Saraswati Chalisa,https://ddappcdn.techxr.co/ShubhDarshan/Thumbnails/BhajanThumbnails/BhajanHomeThumbnails/Intent/Wealth.jpg,Intent Icon
Wealth,Chalisa,Mahalakshmi Chalisa,https://ddappcdn.techxr.co/ShubhDarshan/Thumbnails/BhajanThumbnails/BhajanHomeThumbnails/Intent/Wealth.jpg,Intent Icon
Wealth,Aarti,Lakshmi Ji Ki Aarti,https://ddappcdn.techxr.co/ShubhDarshan/Thumbnails/BhajanThumbnails/BhajanHomeThumbnails/Intent/Wealth.jpg,Intent Icon
Wealth,Aarti,Kuber Ji Ki Aarti,https://ddappcdn.techxr.co/ShubhDarshan/Thumbnails/BhajanThumbnails/BhajanHomeThumbnails/Intent/Wealth.jpg,Intent Icon
Wealth,Aarti,Maa Annapurna Aarti,https://ddappcdn.techxr.co/ShubhDarshan/Thumbnails/BhajanThumbnails/BhajanHomeThumbnails/Intent/Wealth.jpg,Intent Icon
Wealth,Aarti,Maa Vaibhav Lakshmi Aarti,https://ddappcdn.techxr.co/ShubhDarshan/Thumbnails/BhajanThumbnails/BhajanHomeThumbnails/Intent/Wealth.jpg,Intent Icon
Wealth,Shloka,Mahalakshmi Ashtakam,https://ddappcdn.techxr.co/ShubhDarshan/Thumbnails/BhajanThumbnails/BhajanHomeThumbnails/Intent/Wealth.jpg,Intent Icon
Wealth,Shloka,Shri Suktam,https://ddappcdn.techxr.co/ShubhDarshan/Thumbnails/BhajanThumbnails/BhajanHomeThumbnails/Intent/Wealth.jpg,Intent Icon
Wealth,Shloka,Yatra Yogeshwarah Krishno Yatra Partho Dhanurdharah,https://ddappcdn.techxr.co/ShubhDarshan/Thumbnails/BhajanThumbnails/BhajanHomeThumbnails/Intent/Wealth.jpg,Intent Icon
Wealth,Shloka,Udyamen Hi Sidhyanti Karyani Na Manorathaih,https://ddappcdn.techxr.co/ShubhDarshan/Thumbnails/BhajanThumbnails/BhajanHomeThumbnails/Intent/Wealth.jpg,Intent Icon
Wealth,Shloka,Kuber Mantra,https://ddappcdn.techxr.co/ShubhDarshan/Thumbnails/BhajanThumbnails/BhajanHomeThumbnails/Intent/Wealth.jpg,Intent Icon
Wealth,Shloka,Gita Shlok 2,https://ddappcdn.techxr.co/ShubhDarshan/Thumbnails/BhajanThumbnails/BhajanHomeThumbnails/Intent/Wealth.jpg,Intent Icon
LoveAndRelationship,Mantra,Kleem Beej Mantra,https://ddappcdn.techxr.co/ShubhDarshan/Thumbnails/BhajanThumbnails/BhajanHomeThumbnails/Intent/LoveAndRelationship.jpg,Intent Icon
LoveAndRelationship,Mantra,Kamdev Gayatri,https://ddappcdn.techxr.co/ShubhDarshan/Thumbnails/BhajanThumbnails/BhajanHomeThumbnails/Intent/LoveAndRelationship.jpg,Intent Icon
LoveAndRelationship,Mantra,Katyayani Mantra,https://ddappcdn.techxr.co/ShubhDarshan/Thumbnails/BhajanThumbnails/BhajanHomeThumbnails/Intent/LoveAndRelationship.jpg,Intent Icon
LoveAndRelationship,Mantra,Patni Prapti Mantra,https://ddappcdn.techxr.co/ShubhDarshan/Thumbnails/BhajanThumbnails/BhajanHomeThumbnails/Intent/LoveAndRelationship.jpg,Intent Icon
LoveAndRelationship,Mantra,Gauri-Shankar Mantra,https://ddappcdn.techxr.co/ShubhDarshan/Thumbnails/BhajanThumbnails/BhajanHomeThumbnails/Intent/LoveAndRelationship.jpg,Intent Icon
LoveAndRelationship,Mantra,Vishnu Lakshmi Mantra,https://ddappcdn.techxr.co/ShubhDarshan/Thumbnails/BhajanThumbnails/BhajanHomeThumbnails/Intent/LoveAndRelationship.jpg,Intent Icon
LoveAndRelationship,Mantra,Ardhanarishwar Mantra,https://ddappcdn.techxr.co/ShubhDarshan/Thumbnails/BhajanThumbnails/BhajanHomeThumbnails/Intent/LoveAndRelationship.jpg,Intent Icon
LoveAndRelationship,Mantra,Saraswati Beej Mantra,https://ddappcdn.techxr.co/ShubhDarshan/Thumbnails/BhajanThumbnails/BhajanHomeThumbnails/Intent/LoveAndRelationship.jpg,Intent Icon
LoveAndRelationship,Strotam,Radha Kripa Kataksha,https://ddappcdn.techxr.co/ShubhDarshan/Thumbnails/BhajanThumbnails/BhajanHomeThumbnails/Intent/LoveAndRelationship.jpg,Intent Icon
LoveAndRelationship,Strotam,Madhurashtakam,https://ddappcdn.techxr.co/ShubhDarshan/Thumbnails/BhajanThumbnails/BhajanHomeThumbnails/Intent/LoveAndRelationship.jpg,Intent Icon
LoveAndRelationship,Strotam,Kamdev Stotra,https://ddappcdn.techxr.co/ShubhDarshan/Thumbnails/BhajanThumbnails/BhajanHomeThumbnails/Intent/LoveAndRelationship.jpg,Intent Icon
LoveAndRelationship,Strotam,Ardhanarishwar Stotra,https://ddappcdn.techxr.co/ShubhDarshan/Thumbnails/BhajanThumbnails/BhajanHomeThumbnails/Intent/LoveAndRelationship.jpg,Intent Icon
LoveAndRelationship,Strotam,Janki Stotra,https://ddappcdn.techxr.co/ShubhDarshan/Thumbnails/BhajanThumbnails/BhajanHomeThumbnails/Intent/LoveAndRelationship.jpg,Intent Icon
LoveAndRelationship,Strotam,Parvati Stotra,https://ddappcdn.techxr.co/ShubhDarshan/Thumbnails/BhajanThumbnails/BhajanHomeThumbnails/Intent/LoveAndRelationship.jpg,Intent Icon
LoveAndRelationship,Strotam,Uma Maheshwar Stotra,https://ddappcdn.techxr.co/ShubhDarshan/Thumbnails/BhajanThumbnails/BhajanHomeThumbnails/Intent/LoveAndRelationship.jpg,Intent Icon
LoveAndRelationship,Strotam,Annapurna Stotra,https://ddappcdn.techxr.co/ShubhDarshan/Thumbnails/BhajanThumbnails/BhajanHomeThumbnails/Intent/LoveAndRelationship.jpg,Intent Icon
LoveAndRelationship,Stuti,Parvati Stuti,https://ddappcdn.techxr.co/ShubhDarshan/Thumbnails/BhajanThumbnails/BhajanHomeThumbnails/Intent/LoveAndRelationship.jpg,Intent Icon
LoveAndRelationship,Stuti,Radha Stuti,https://ddappcdn.techxr.co/ShubhDarshan/Thumbnails/BhajanThumbnails/BhajanHomeThumbnails/Intent/LoveAndRelationship.jpg,Intent Icon
LoveAndRelationship,Stuti,Shri Krishna Stuti,https://ddappcdn.techxr.co/ShubhDarshan/Thumbnails/BhajanThumbnails/BhajanHomeThumbnails/Intent/LoveAndRelationship.jpg,Intent Icon
LoveAndRelationship,Stuti,Lakshmi Stuti,https://ddappcdn.techxr.co/ShubhDarshan/Thumbnails/BhajanThumbnails/BhajanHomeThumbnails/Intent/LoveAndRelationship.jpg,Intent Icon
LoveAndRelationship,Stuti,Durga Stuti,https://ddappcdn.techxr.co/ShubhDarshan/Thumbnails/BhajanThumbnails/BhajanHomeThumbnails/Intent/LoveAndRelationship.jpg,Intent Icon
LoveAndRelationship,Stuti,Saraswati Stuti,https://ddappcdn.techxr.co/ShubhDarshan/Thumbnails/BhajanThumbnails/BhajanHomeThumbnails/Intent/LoveAndRelationship.jpg,Intent Icon
LoveAndRelationship,Stuti,Ganesh Stuti,https://ddappcdn.techxr.co/ShubhDarshan/Thumbnails/BhajanThumbnails/BhajanHomeThumbnails/Intent/LoveAndRelationship.jpg,Intent Icon
LoveAndRelationship,Bhajan,Radhe Radhe Barsane Wali,https://ddappcdn.techxr.co/ShubhDarshan/Thumbnails/BhajanThumbnails/BhajanHomeThumbnails/Intent/LoveAndRelationship.jpg,Intent Icon
LoveAndRelationship,Bhajan,Shyama Aan Baso,https://ddappcdn.techxr.co/ShubhDarshan/Thumbnails/BhajanThumbnails/BhajanHomeThumbnails/Intent/LoveAndRelationship.jpg,Intent Icon
LoveAndRelationship,Bhajan,Meethe Ras Se Bharyo Ri,https://ddappcdn.techxr.co/ShubhDarshan/Thumbnails/BhajanThumbnails/BhajanHomeThumbnails/Intent/LoveAndRelationship.jpg,Intent Icon
LoveAndRelationship,Bhajan,Sitaram Charit Pavan,https://ddappcdn.techxr.co/ShubhDarshan/Thumbnails/BhajanThumbnails/BhajanHomeThumbnails/Intent/LoveAndRelationship.jpg,Intent Icon
LoveAndRelationship,Bhajan,Kanhaiya Le Chal Paar,https://ddappcdn.techxr.co/ShubhDarshan/Thumbnails/BhajanThumbnails/BhajanHomeThumbnails/Intent/LoveAndRelationship.jpg,Intent Icon
LoveAndRelationship,Bhajan,Shyam Teri Bansi,https://ddappcdn.techxr.co/ShubhDarshan/Thumbnails/BhajanThumbnails/BhajanHomeThumbnails/Intent/LoveAndRelationship.jpg,Intent Icon
LoveAndRelationship,Bhajan,Humein Radha Rani Tere Naam Ka Sahara,https://ddappcdn.techxr.co/ShubhDarshan/Thumbnails/BhajanThumbnails/BhajanHomeThumbnails/Intent/LoveAndRelationship.jpg,Intent Icon
LoveAndRelationship,Bhajan,Aisi Lagi Lagan,https://ddappcdn.techxr.co/ShubhDarshan/Thumbnails/BhajanThumbnails/BhajanHomeThumbnails/Intent/LoveAndRelationship.jpg,Intent Icon
LoveAndRelationship,Bhajan,Hari Bin Koi Na Tera,https://ddappcdn.techxr.co/ShubhDarshan/Thumbnails/BhajanThumbnails/BhajanHomeThumbnails/Intent/LoveAndRelationship.jpg,Intent Icon
LoveAndRelationship,Katha,Radha-Krishna Prem Katha,https://ddappcdn.techxr.co/ShubhDarshan/Thumbnails/BhajanThumbnails/BhajanHomeThumbnails/Intent/LoveAndRelationship.jpg,Intent Icon
LoveAndRelationship,Katha,Shiv-Parvati Vivah,https://ddappcdn.techxr.co/ShubhDarshan/Thumbnails/BhajanThumbnails/BhajanHomeThumbnails/Intent/LoveAndRelationship.jpg,Intent Icon
LoveAndRelationship,Katha,Ram-Sita Vanvas Katha,https://ddappcdn.techxr.co/ShubhDarshan/Thumbnails/BhajanThumbnails/BhajanHomeThumbnails/Intent/LoveAndRelationship.jpg,Intent Icon
LoveAndRelationship,Katha,Rukmini Haran Katha,https://ddappcdn.techxr.co/ShubhDarshan/Thumbnails/BhajanThumbnails/BhajanHomeThumbnails/Intent/LoveAndRelationship.jpg,Intent Icon
LoveAndRelationship,Katha,Nal-Damayanti Katha,https://ddappcdn.techxr.co/ShubhDarshan/Thumbnails/BhajanThumbnails/BhajanHomeThumbnails/Intent/LoveAndRelationship.jpg,Intent Icon
LoveAndRelationship,Katha,Kamdev-Rati Katha,https://ddappcdn.techxr.co/ShubhDarshan/Thumbnails/BhajanThumbnails/BhajanHomeThumbnails/Intent/LoveAndRelationship.jpg,Intent Icon
LoveAndRelationship,Katha,Satyabhama-Krishna Katha,https://ddappcdn.techxr.co/ShubhDarshan/Thumbnails/BhajanThumbnails/BhajanHomeThumbnails/Intent/LoveAndRelationship.jpg,Intent Icon
LoveAndRelationship,Katha,Usha-Aniruddh Katha,https://ddappcdn.techxr.co/ShubhDarshan/Thumbnails/BhajanThumbnails/BhajanHomeThumbnails/Intent/LoveAndRelationship.jpg,Intent Icon
LoveAndRelationship,Katha,Subhadra-Arjun Vivah,https://ddappcdn.techxr.co/ShubhDarshan/Thumbnails/BhajanThumbnails/BhajanHomeThumbnails/Intent/LoveAndRelationship.jpg,Intent Icon
LoveAndRelationship,Katha,Hanuman-Ram Bhakti,https://ddappcdn.techxr.co/ShubhDarshan/Thumbnails/BhajanThumbnails/BhajanHomeThumbnails/Intent/LoveAndRelationship.jpg,Intent Icon
Happiness,Mantra,Gayatri Mantra,https://ddappcdn.techxr.co/ShubhDarshan/Thumbnails/BhajanThumbnails/BhajanHomeThumbnails/Intent/Happiness.jpg,Intent Icon
Happiness,Mantra,Shanti Mantra,https://ddappcdn.techxr.co/ShubhDarshan/Thumbnails/BhajanThumbnails/BhajanHomeThumbnails/Intent/Happiness.jpg,Intent Icon
Happiness,Mantra,Shiv Panchakshar,https://ddappcdn.techxr.co/ShubhDarshan/Thumbnails/BhajanThumbnails/BhajanHomeThumbnails/Intent/Happiness.jpg,Intent Icon
Happiness,Mantra,Hanuman Mantra,https://ddappcdn.techxr.co/ShubhDarshan/Thumbnails/BhajanThumbnails/BhajanHomeThumbnails/Intent/Happiness.jpg,Intent Icon
Happiness,Mantra,Narayan Kavach,https://ddappcdn.techxr.co/ShubhDarshan/Thumbnails/BhajanThumbnails/BhajanHomeThumbnails/Intent/Happiness.jpg,Intent Icon
Happiness,Mantra,Buddha Mantra,https://ddappcdn.techxr.co/ShubhDarshan/Thumbnails/BhajanThumbnails/BhajanHomeThumbnails/Intent/Happiness.jpg,Intent Icon
Happiness,Stuti,Shri Ramchandra Kripalu,https://ddappcdn.techxr.co/ShubhDarshan/Thumbnails/BhajanThumbnails/BhajanHomeThumbnails/Intent/Happiness.jpg,Intent Icon
Happiness,Stuti,Shiv Stuti,https://ddappcdn.techxr.co/ShubhDarshan/Thumbnails/BhajanThumbnails/BhajanHomeThumbnails/Intent/Happiness.jpg,Intent Icon
Happiness,Stuti,Ganesh Stuti,https://ddappcdn.techxr.co/ShubhDarshan/Thumbnails/BhajanThumbnails/BhajanHomeThumbnails/Intent/Happiness.jpg,Intent Icon
Happiness,Stuti,Saraswati Stuti,https://ddappcdn.techxr.co/ShubhDarshan/Thumbnails/BhajanThumbnails/BhajanHomeThumbnails/Intent/Happiness.jpg,Intent Icon
Happiness,Stuti,Durga Stuti,https://ddappcdn.techxr.co/ShubhDarshan/Thumbnails/BhajanThumbnails/BhajanHomeThumbnails/Intent/Happiness.jpg,Intent Icon
Happiness,Stuti,Katyayani Mantra,https://ddappcdn.techxr.co/ShubhDarshan/Thumbnails/BhajanThumbnails/BhajanHomeThumbnails/Intent/Happiness.jpg,Intent Icon
Happiness,Stuti,Shri Krishna Stuti,https://ddappcdn.techxr.co/ShubhDarshan/Thumbnails/BhajanThumbnails/BhajanHomeThumbnails/Intent/Happiness.jpg,Intent Icon
Happiness,Bhajan,Radhe Radhe Barsane Wali,https://ddappcdn.techxr.co/ShubhDarshan/Thumbnails/BhajanThumbnails/BhajanHomeThumbnails/Intent/Happiness.jpg,Intent Icon
Happiness,Bhajan,Aisi Lagi Lagan,https://ddappcdn.techxr.co/ShubhDarshan/Thumbnails/BhajanThumbnails/BhajanHomeThumbnails/Intent/Happiness.jpg,Intent Icon
Happiness,Bhajan,Shri Ramchandra Kripalu,https://ddappcdn.techxr.co/ShubhDarshan/Thumbnails/BhajanThumbnails/BhajanHomeThumbnails/Intent/Happiness.jpg,Intent Icon
Happiness,Bhajan,Kishori Kuch Aisa Intazam,https://ddappcdn.techxr.co/ShubhDarshan/Thumbnails/BhajanThumbnails/BhajanHomeThumbnails/Intent/Happiness.jpg,Intent Icon
Happiness,Bhajan,Yashomati Maiya Se Bole,https://ddappcdn.techxr.co/ShubhDarshan/Thumbnails/BhajanThumbnails/BhajanHomeThumbnails/Intent/Happiness.jpg,Intent Icon
Happiness,Bhajan,Shyama Aan Baso,https://ddappcdn.techxr.co/ShubhDarshan/Thumbnails/BhajanThumbnails/BhajanHomeThumbnails/Intent/Happiness.jpg,Intent Icon
Happiness,Bhajan,Meethe Ras Se Bharyo Ri,https://ddappcdn.techxr.co/ShubhDarshan/Thumbnails/BhajanThumbnails/BhajanHomeThumbnails/Intent/Happiness.jpg,Intent Icon
Happiness,Bhajan,Bhar De Re Shyam Jholi,https://ddappcdn.techxr.co/ShubhDarshan/Thumbnails/BhajanThumbnails/BhajanHomeThumbnails/Intent/Happiness.jpg,Intent Icon
Happiness,Bhajan,O Palanhare,https://ddappcdn.techxr.co/ShubhDarshan/Thumbnails/BhajanThumbnails/BhajanHomeThumbnails/Intent/Happiness.jpg,Intent Icon
Happiness,Bhajan,Mera Aapki Kripa Se,https://ddappcdn.techxr.co/ShubhDarshan/Thumbnails/BhajanThumbnails/BhajanHomeThumbnails/Intent/Happiness.jpg,Intent Icon
Happiness,Shloka,Shanti Shlok,https://ddappcdn.techxr.co/ShubhDarshan/Thumbnails/BhajanThumbnails/BhajanHomeThumbnails/Intent/Happiness.jpg,Intent Icon
Happiness,Shloka,Samarpan Shlok,https://ddappcdn.techxr.co/ShubhDarshan/Thumbnails/BhajanThumbnails/BhajanHomeThumbnails/Intent/Happiness.jpg,Intent Icon
Happiness,Shloka,Ganesha Shlok,https://ddappcdn.techxr.co/ShubhDarshan/Thumbnails/BhajanThumbnails/BhajanHomeThumbnails/Intent/Happiness.jpg,Intent Icon
Happiness,Shloka,Shiv Shlok,https://ddappcdn.techxr.co/ShubhDarshan/Thumbnails/BhajanThumbnails/BhajanHomeThumbnails/Intent/Happiness.jpg,Intent Icon
Happiness,Shloka,Guru Shlok,https://ddappcdn.techxr.co/ShubhDarshan/Thumbnails/BhajanThumbnails/BhajanHomeThumbnails/Intent/Happiness.jpg,Intent Icon
Happiness,Shloka,Saraswati Shlok,https://ddappcdn.techxr.co/ShubhDarshan/Thumbnails/BhajanThumbnails/BhajanHomeThumbnails/Intent/Happiness.jpg,Intent Icon
Happiness,Shloka,Prabhat Shlok,https://ddappcdn.techxr.co/ShubhDarshan/Thumbnails/BhajanThumbnails/BhajanHomeThumbnails/Intent/Happiness.jpg,Intent Icon
Happiness,Shloka,Mangal Shlok,https://ddappcdn.techxr.co/ShubhDarshan/Thumbnails/BhajanThumbnails/BhajanHomeThumbnails/Intent/Happiness.jpg,Intent Icon
Happiness,Shloka,Bhakti Shlok,https://ddappcdn.techxr.co/ShubhDarshan/Thumbnails/BhajanThumbnails/BhajanHomeThumbnails/Intent/Happiness.jpg,Intent Icon
Health,Mantra,Surya Arogya Mantra,https://ddappcdn.techxr.co/ShubhDarshan/Thumbnails/BhajanThumbnails/BhajanHomeThumbnails/Intent/Health.jpg,Intent Icon
Health,Mantra,Prana Mudra Mantra,https://ddappcdn.techxr.co/ShubhDarshan/Thumbnails/BhajanThumbnails/BhajanHomeThumbnails/Intent/Health.jpg,Intent Icon
Health,Mantra,Rog Nashak Mantra,https://ddappcdn.techxr.co/ShubhDarshan/Thumbnails/BhajanThumbnails/BhajanHomeThumbnails/Intent/Health.jpg,Intent Icon
Health,Mantra,Ashwini Kumar Mantra,https://ddappcdn.techxr.co/ShubhDarshan/Thumbnails/BhajanThumbnails/BhajanHomeThumbnails/Intent/Health.jpg,Intent Icon
Health,Mantra,Shiv Arogya Mantra,https://ddappcdn.techxr.co/ShubhDarshan/Thumbnails/BhajanThumbnails/BhajanHomeThumbnails/Intent/Health.jpg,Intent Icon
Health,Mantra,Gayatri Mantra,https://ddappcdn.techxr.co/ShubhDarshan/Thumbnails/BhajanThumbnails/BhajanHomeThumbnails/Intent/Health.jpg,Intent Icon
Health,Mantra,Narayan Kavach Ansh,https://ddappcdn.techxr.co/ShubhDarshan/Thumbnails/BhajanThumbnails/BhajanHomeThumbnails/Intent/Health.jpg,Intent Icon
Health,Strotam,Vaidyanath Stotra,https://ddappcdn.techxr.co/ShubhDarshan/Thumbnails/BhajanThumbnails/BhajanHomeThumbnails/Intent/Health.jpg,Intent Icon
Health,Strotam,Dhanvantari Stotra,https://ddappcdn.techxr.co/ShubhDarshan/Thumbnails/BhajanThumbnails/BhajanHomeThumbnails/Intent/Health.jpg,Intent Icon
Health,Strotam,Mrityunjaya Stotra,https://ddappcdn.techxr.co/ShubhDarshan/Thumbnails/BhajanThumbnails/BhajanHomeThumbnails/Intent/Health.jpg,Intent Icon
Health,Strotam,Durga Apaduddharak Stotra,https://ddappcdn.techxr.co/ShubhDarshan/Thumbnails/BhajanThumbnails/BhajanHomeThumbnails/Intent/Health.jpg,Intent Icon
Health,Strotam,Hanuman Bahuk,https://ddappcdn.techxr.co/ShubhDarshan/Thumbnails/BhajanThumbnails/BhajanHomeThumbnails/Intent/Health.jpg,Intent Icon
Health,Strotam,Surya Mandal Stotra,https://ddappcdn.techxr.co/ShubhDarshan/Thumbnails/BhajanThumbnails/BhajanHomeThumbnails/Intent/Health.jpg,Intent Icon
Health,Strotam,Narayan Kavach,https://ddappcdn.techxr.co/ShubhDarshan/Thumbnails/BhajanThumbnails/BhajanHomeThumbnails/Intent/Health.jpg,Intent Icon
Health,Stuti,Shiv Stuti,https://ddappcdn.techxr.co/ShubhDarshan/Thumbnails/BhajanThumbnails/BhajanHomeThumbnails/Intent/Health.jpg,Intent Icon
Health,Stuti,Surya Stuti,https://ddappcdn.techxr.co/ShubhDarshan/Thumbnails/BhajanThumbnails/BhajanHomeThumbnails/Intent/Health.jpg,Intent Icon
Health,Stuti,Shri Ramchandra Kripalu,https://ddappcdn.techxr.co/ShubhDarshan/Thumbnails/BhajanThumbnails/BhajanHomeThumbnails/Intent/Health.jpg,Intent Icon
Health,Stuti,Ganesh Stuti,https://ddappcdn.techxr.co/ShubhDarshan/Thumbnails/BhajanThumbnails/BhajanHomeThumbnails/Intent/Health.jpg,Intent Icon
Health,Stuti,Lakshmi Stuti,https://ddappcdn.techxr.co/ShubhDarshan/Thumbnails/BhajanThumbnails/BhajanHomeThumbnails/Intent/Health.jpg,Intent Icon
Health,Stuti,Saraswati Stuti,https://ddappcdn.techxr.co/ShubhDarshan/Thumbnails/BhajanThumbnails/BhajanHomeThumbnails/Intent/Health.jpg,Intent Icon
Health,Bhajan,Naam Hai Tera Taranhara,https://ddappcdn.techxr.co/ShubhDarshan/Thumbnails/BhajanThumbnails/BhajanHomeThumbnails/Intent/Health.jpg,Intent Icon
Health,Bhajan,Kitna Pyara Hai Shringar,https://ddappcdn.techxr.co/ShubhDarshan/Thumbnails/BhajanThumbnails/BhajanHomeThumbnails/Intent/Health.jpg,Intent Icon
Health,Bhajan,Mera Aapki Kripa Se,https://ddappcdn.techxr.co/ShubhDarshan/Thumbnails/BhajanThumbnails/BhajanHomeThumbnails/Intent/Health.jpg,Intent Icon
Health,Bhajan,O Palanhare,https://ddappcdn.techxr.co/ShubhDarshan/Thumbnails/BhajanThumbnails/BhajanHomeThumbnails/Intent/Health.jpg,Intent Icon
Health,Bhajan,Itni Shakti Humein Dena Data,https://ddappcdn.techxr.co/ShubhDarshan/Thumbnails/BhajanThumbnails/BhajanHomeThumbnails/Intent/Health.jpg,Intent Icon
Health,Bhajan,Shri Ramchandra Kripalu,https://ddappcdn.techxr.co/ShubhDarshan/Thumbnails/BhajanThumbnails/BhajanHomeThumbnails/Intent/Health.jpg,Intent Icon
Health,Shloka,Dhanvantari Shlok,https://ddappcdn.techxr.co/ShubhDarshan/Thumbnails/BhajanThumbnails/BhajanHomeThumbnails/Intent/Health.jpg,Intent Icon
Health,Shloka,Shanti Shlok,https://ddappcdn.techxr.co/ShubhDarshan/Thumbnails/BhajanThumbnails/BhajanHomeThumbnails/Intent/Health.jpg,Intent Icon
Health,Shloka,Ashwini Kumar Mantra,https://ddappcdn.techxr.co/ShubhDarshan/Thumbnails/BhajanThumbnails/BhajanHomeThumbnails/Intent/Health.jpg,Intent Icon
Health,Shloka,Rog Nashak Mantra,https://ddappcdn.techxr.co/ShubhDarshan/Thumbnails/BhajanThumbnails/BhajanHomeThumbnails/Intent/Health.jpg,Intent Icon
Health,Shloka,Vishnu Healing,https://ddappcdn.techxr.co/ShubhDarshan/Thumbnails/BhajanThumbnails/BhajanHomeThumbnails/Intent/Health.jpg,Intent Icon
Health,Shloka,Prana Shlok,https://ddappcdn.techxr.co/ShubhDarshan/Thumbnails/BhajanThumbnails/BhajanHomeThumbnails/Intent/Health.jpg,Intent Icon
Health,Shloka,Bhojan Arogya,https://ddappcdn.techxr.co/ShubhDarshan/Thumbnails/BhajanThumbnails/BhajanHomeThumbnails/Intent/Health.jpg,Intent Icon
Success,Mantra,Gayatri Mantra,https://ddappcdn.techxr.co/ShubhDarshan/Thumbnails/BhajanThumbnails/BhajanHomeThumbnails/Intent/Success.jpg,Intent Icon
Success,Mantra,Saraswati Mantra,https://ddappcdn.techxr.co/ShubhDarshan/Thumbnails/BhajanThumbnails/BhajanHomeThumbnails/Intent/Success.jpg,Intent Icon
Success,Mantra,Hanuman Mantra,https://ddappcdn.techxr.co/ShubhDarshan/Thumbnails/BhajanThumbnails/BhajanHomeThumbnails/Intent/Success.jpg,Intent Icon
Success,Mantra,Surya Pragya Mantra,https://ddappcdn.techxr.co/ShubhDarshan/Thumbnails/BhajanThumbnails/BhajanHomeThumbnails/Intent/Success.jpg,Intent Icon
Success,Mantra,Kartikeya Mantra,https://ddappcdn.techxr.co/ShubhDarshan/Thumbnails/BhajanThumbnails/BhajanHomeThumbnails/Intent/Success.jpg,Intent Icon
Success,Mantra,Durga Stuti,https://ddappcdn.techxr.co/ShubhDarshan/Thumbnails/BhajanThumbnails/BhajanHomeThumbnails/Intent/Success.jpg,Intent Icon
Success,Mantra,Kuber Mantra,https://ddappcdn.techxr.co/ShubhDarshan/Thumbnails/BhajanThumbnails/BhajanHomeThumbnails/Intent/Success.jpg,Intent Icon
Success,Strotam,Mahalakshmi Ashtakam,https://ddappcdn.techxr.co/ShubhDarshan/Thumbnails/BhajanThumbnails/BhajanHomeThumbnails/Intent/Success.jpg,Intent Icon
Success,Strotam,Shri Suktam,https://ddappcdn.techxr.co/ShubhDarshan/Thumbnails/BhajanThumbnails/BhajanHomeThumbnails/Intent/Success.jpg,Intent Icon
Success,Strotam,Bajrang Baan,https://ddappcdn.techxr.co/ShubhDarshan/Thumbnails/BhajanThumbnails/BhajanHomeThumbnails/Intent/Success.jpg,Intent Icon
Success,Strotam,Saraswati Stotra,https://ddappcdn.techxr.co/ShubhDarshan/Thumbnails/BhajanThumbnails/BhajanHomeThumbnails/Intent/Success.jpg,Intent Icon
Success,Strotam,Narayan Kavach,https://ddappcdn.techxr.co/ShubhDarshan/Thumbnails/BhajanThumbnails/BhajanHomeThumbnails/Intent/Success.jpg,Intent Icon
Success,Stuti,Ganesh Stuti,https://ddappcdn.techxr.co/ShubhDarshan/Thumbnails/BhajanThumbnails/BhajanHomeThumbnails/Intent/Success.jpg,Intent Icon
Success,Stuti,Shri Ramchandra Kripalu,https://ddappcdn.techxr.co/ShubhDarshan/Thumbnails/BhajanThumbnails/BhajanHomeThumbnails/Intent/Success.jpg,Intent Icon
Success,Stuti,Saraswati Stuti,https://ddappcdn.techxr.co/ShubhDarshan/Thumbnails/BhajanThumbnails/BhajanHomeThumbnails/Intent/Success.jpg,Intent Icon
Success,Stuti,Lakshmi Stuti,https://ddappcdn.techxr.co/ShubhDarshan/Thumbnails/BhajanThumbnails/BhajanHomeThumbnails/Intent/Success.jpg,Intent Icon
Success,Stuti,Surya Stuti,https://ddappcdn.techxr.co/ShubhDarshan/Thumbnails/BhajanThumbnails/BhajanHomeThumbnails/Intent/Success.jpg,Intent Icon
Success,Stuti,Shiv Stuti,https://ddappcdn.techxr.co/ShubhDarshan/Thumbnails/BhajanThumbnails/BhajanHomeThumbnails/Intent/Success.jpg,Intent Icon
Success,Chalisa,Shri Saraswati Chalisa,https://ddappcdn.techxr.co/ShubhDarshan/Thumbnails/BhajanThumbnails/BhajanHomeThumbnails/Intent/Success.jpg,Intent Icon
Success,Bhajan,Itni Shakti Humein Dena Data,https://ddappcdn.techxr.co/ShubhDarshan/Thumbnails/BhajanThumbnails/BhajanHomeThumbnails/Intent/Success.jpg,Intent Icon
Success,Bhajan,Aisi Lagi Lagan,https://ddappcdn.techxr.co/ShubhDarshan/Thumbnails/BhajanThumbnails/BhajanHomeThumbnails/Intent/Success.jpg,Intent Icon
Success,Bhajan,O Palanhare,https://ddappcdn.techxr.co/ShubhDarshan/Thumbnails/BhajanThumbnails/BhajanHomeThumbnails/Intent/Success.jpg,Intent Icon
Success,Bhajan,Mera Aapki Kripa Se,https://ddappcdn.techxr.co/ShubhDarshan/Thumbnails/BhajanThumbnails/BhajanHomeThumbnails/Intent/Success.jpg,Intent Icon
Success,Bhajan,Humko Man Ki Shakti Dena,https://ddappcdn.techxr.co/ShubhDarshan/Thumbnails/BhajanThumbnails/BhajanHomeThumbnails/Intent/Success.jpg,Intent Icon
Success,Bhajan,Jag Mein Sundar Hain Do Naam,https://ddappcdn.techxr.co/ShubhDarshan/Thumbnails/BhajanThumbnails/BhajanHomeThumbnails/Intent/Success.jpg,Intent Icon
Success,Bhajan,Prabhu Ji Tum Chandan Hum Paani,https://ddappcdn.techxr.co/ShubhDarshan/Thumbnails/BhajanThumbnails/BhajanHomeThumbnails/Intent/Success.jpg,Intent Icon
Success,Bhajan,Jai Hanuman Gyan Gun Sagar,https://ddappcdn.techxr.co/ShubhDarshan/Thumbnails/BhajanThumbnails/BhajanHomeThumbnails/Intent/Success.jpg,Intent Icon
Success,Shloka,Vijay Shlok,https://ddappcdn.techxr.co/ShubhDarshan/Thumbnails/BhajanThumbnails/BhajanHomeThumbnails/Intent/Success.jpg,Intent Icon
Success,Shloka,Ganesha Shlok,https://ddappcdn.techxr.co/ShubhDarshan/Thumbnails/BhajanThumbnails/BhajanHomeThumbnails/Intent/Success.jpg,Intent Icon
Success,Shloka,Gayatri Mantra,https://ddappcdn.techxr.co/ShubhDarshan/Thumbnails/BhajanThumbnails/BhajanHomeThumbnails/Intent/Success.jpg,Intent Icon
Success,Shloka,Saraswati Shlok,https://ddappcdn.techxr.co/ShubhDarshan/Thumbnails/BhajanThumbnails/BhajanHomeThumbnails/Intent/Success.jpg,Intent Icon
Success,Shloka,Udyamen Hi Sidhyanti Karyani Na Manorathaih,https://ddappcdn.techxr.co/ShubhDarshan/Thumbnails/BhajanThumbnails/BhajanHomeThumbnails/Intent/Success.jpg,Intent Icon
Success,Shloka,Upanishad Shanti Path,https://ddappcdn.techxr.co/ShubhDarshan/Thumbnails/BhajanThumbnails/BhajanHomeThumbnails/Intent/Success.jpg,Intent Icon
Success,Shloka,Guru Shlok,https://ddappcdn.techxr.co/ShubhDarshan/Thumbnails/BhajanThumbnails/BhajanHomeThumbnails/Intent/Success.jpg,Intent Icon
Diwali,Mantra,Ganesha Shlok,https://ddappcdn.techxr.co/ShubhDarshan/Thumbnails/BhajanThumbnails/Default/Default.webp,Default
Diwali,Mantra,Saraswati Mantra,https://ddappcdn.techxr.co/ShubhDarshan/Thumbnails/BhajanThumbnails/Default/Default.webp,Default
Diwali,Mantra,Mahalakshmi Ashtakam,https://ddappcdn.techxr.co/ShubhDarshan/Thumbnails/BhajanThumbnails/Default/Default.webp,Default
Diwali,Mantra,Gayatri Mantra,https://ddappcdn.techxr.co/ShubhDarshan/Thumbnails/BhajanThumbnails/Default/Default.webp,Default
Diwali,Aarti,Lakshmi Ji Ki Aarti,https://ddappcdn.techxr.co/ShubhDarshan/Thumbnails/BhajanThumbnails/Default/Default.webp,Default
Diwali,Aarti,Kuber Ji Ki Aarti,https://ddappcdn.techxr.co/ShubhDarshan/Thumbnails/BhajanThumbnails/Default/Default.webp,Default
Diwali,Bhajan,Mahalakshmi Ashtakam,https://ddappcdn.techxr.co/ShubhDarshan/Thumbnails/BhajanThumbnails/Default/Default.webp,Default
Diwali,Bhajan,Shri Ram Chandra Kripalu Bhaju Man,https://ddappcdn.techxr.co/ShubhDarshan/Thumbnails/BhajanThumbnails/Default/Default.webp,Default
Diwali,Bhajan,Maiya Lakshmi Ji Ki Amritwani,https://ddappcdn.techxr.co/ShubhDarshan/Thumbnails/BhajanThumbnails/Default/Default.webp,Default
Diwali,Bhajan,Shri Ramchandra Kripalu,https://ddappcdn.techxr.co/ShubhDarshan/Thumbnails/BhajanThumbnails/Default/Default.webp,Default
Diwali,Bhajan,Vishnu Sahasranama,https://ddappcdn.techxr.co/ShubhDarshan/Thumbnails/BhajanThumbnails/Default/Default.webp,Default
Diwali,Katha,श्री राम का आगमन,https://ddappcdn.techxr.co/ShubhDarshan/Thumbnails/BhajanThumbnails/Default/Default.webp,Default
Diwali,Katha,नरकासुर वध,https://ddappcdn.techxr.co/ShubhDarshan/Thumbnails/BhajanThumbnails/Default/Default.webp,Default
Janmashtami,Mantra,Santan Gopal Mantra,https://ddappcdn.techxr.co/ShubhDarshan/Thumbnails/BhajanThumbnails/Default/Default.webp,Default
Janmashtami,Mantra,Klesh Nashak Mantra,https://ddappcdn.techxr.co/ShubhDarshan/Thumbnails/BhajanThumbnails/Default/Default.webp,Default
Janmashtami,Mantra,Govind Mantra,https://ddappcdn.techxr.co/ShubhDarshan/Thumbnails/BhajanThumbnails/Default/Default.webp,Default
Janmashtami,Mantra,Madhurashtakam,https://ddappcdn.techxr.co/ShubhDarshan/Thumbnails/BhajanThumbnails/Default/Default.webp,Default
Janmashtami,Bhajan,Madhurashtakam,https://ddappcdn.techxr.co/ShubhDarshan/Thumbnails/BhajanThumbnails/Default/Default.webp,Default
Janmashtami,Bhajan,Yashomati Maiya Se Bole,https://ddappcdn.techxr.co/ShubhDarshan/Thumbnails/BhajanThumbnails/Default/Default.webp,Default
Janmashtami,Bhajan,Govind Bolo Hari Gopal Bolo,https://ddappcdn.techxr.co/ShubhDarshan/Thumbnails/BhajanThumbnails/Default/Default.webp,Default
Janmashtami,Bhajan,Nand Ke Anand Bhayo Jai Kanhaiya Lal Ki,https://ddappcdn.techxr.co/ShubhDarshan/Thumbnails/BhajanThumbnails/Default/Default.webp,Default
Janmashtami,Bhajan,Mere Banke Bihari Lal,https://ddappcdn.techxr.co/ShubhDarshan/Thumbnails/BhajanThumbnails/Default/Default.webp,Default
Janmashtami,Bhajan,Shri Krishna Govind Hare Murari,https://ddappcdn.techxr.co/ShubhDarshan/Thumbnails/BhajanThumbnails/Default/Default.webp,Default
Janmashtami,Bhajan,Aisi Lagi Lagan,https://ddappcdn.techxr.co/ShubhDarshan/Thumbnails/BhajanThumbnails/Default/Default.webp,Default
Janmashtami,Katha,पूतना वध की कथा,https://ddappcdn.techxr.co/ShubhDarshan/Thumbnails/BhajanThumbnails/Default/Default.webp,Default
Janmashtami,Katha,कालिया नाग मर्दन,https://ddappcdn.techxr.co/ShubhDarshan/Thumbnails/BhajanThumbnails/Default/Default.webp,Default
Dussehra,Mantra,अपराजिता मंत्र,https://ddappcdn.techxr.co/ShubhDarshan/Thumbnails/BhajanThumbnails/Default/Default.webp,Default
Dussehra,Mantra,भय नाशक मंत्र,https://ddappcdn.techxr.co/ShubhDarshan/Thumbnails/BhajanThumbnails/Default/Default.webp,Default
Dussehra,Mantra,सिद्धि मंत्र,https://ddappcdn.techxr.co/ShubhDarshan/Thumbnails/BhajanThumbnails/Default/Default.webp,Default
Dussehra,Mantra,राम गायत्री मंत्र,https://ddappcdn.techxr.co/ShubhDarshan/Thumbnails/BhajanThumbnails/Default/Default.webp,Default
Dussehra,Aarti,Shri Ramchandra Kripalu,https://ddappcdn.techxr.co/ShubhDarshan/Thumbnails/BhajanThumbnails/Default/Default.webp,Default
Dussehra,Aarti,आरती कीजै रामलला की,https://ddappcdn.techxr.co/ShubhDarshan/Thumbnails/BhajanThumbnails/Default/Default.webp,Default
Dussehra,Strotam,Shri Ramchandra Kripalu,https://ddappcdn.techxr.co/ShubhDarshan/Thumbnails/BhajanThumbnails/Default/Default.webp,Default
Dussehra,Strotam,Vishnu Sahasranama,https://ddappcdn.techxr.co/ShubhDarshan/Thumbnails/BhajanThumbnails/Default/Default.webp,Default
Dussehra,Strotam,Bajrang Baan,https://ddappcdn.techxr.co/ShubhDarshan/Thumbnails/BhajanThumbnails/Default/Default.webp,Default
Dussehra,Bhajan,मंगल भवन अमंगल हारी,https://ddappcdn.techxr.co/ShubhDarshan/Thumbnails/BhajanThumbnails/Default/Default.webp,Default
Dussehra,Bhajan,मेरे सरकार आए हैं,https://ddappcdn.techxr.co/ShubhDarshan/Thumbnails/BhajanThumbnails/Default/Default.webp,Default
Dussehra,Bhajan,सुख के सब साथी,https://ddappcdn.techxr.co/ShubhDarshan/Thumbnails/BhajanThumbnails/Default/Default.webp,Default
Dussehra,Bhajan,राम जी का नाम लेकर,https://ddappcdn.techxr.co/ShubhDarshan/Thumbnails/BhajanThumbnails/Default/Default.webp,Default
Dussehra,Bhajan,कभी राम बनके कभी श्याम,https://ddappcdn.techxr.co/ShubhDarshan/Thumbnails/BhajanThumbnails/Default/Default.webp,Default
Dussehra,Katha,महिषासुर मर्दन,https://ddappcdn.techxr.co/ShubhDarshan/Thumbnails/BhajanThumbnails/Default/Default.webp,Default
MahaShivratri,Mantra,Shiv Panchakshar,https://ddappcdn.techxr.co/ShubhDarshan/Thumbnails/BhajanThumbnails/Default/Default.webp,Default
MahaShivratri,Mantra,Shiv Shlok,https://ddappcdn.techxr.co/ShubhDarshan/Thumbnails/BhajanThumbnails/Default/Default.webp,Default
MahaShivratri,Mantra,सिद्धि मंत्र,https://ddappcdn.techxr.co/ShubhDarshan/Thumbnails/BhajanThumbnails/Default/Default.webp,Default
MahaShivratri,Strotam,Shiv Rudrashtakam Stuti,https://ddappcdn.techxr.co/ShubhDarshan/Thumbnails/BhajanThumbnails/Default/Default.webp,Default
MahaShivratri,Strotam,लिंगाष्टकम,https://ddappcdn.techxr.co/ShubhDarshan/Thumbnails/BhajanThumbnails/Default/Default.webp,Default
MahaShivratri,Strotam,Shiv Manas Puja,https://ddappcdn.techxr.co/ShubhDarshan/Thumbnails/BhajanThumbnails/Default/Default.webp,Default
MahaShivratri,Strotam,द्वादश ज्योतिर्लिंग स्तोत्र,https://ddappcdn.techxr.co/ShubhDarshan/Thumbnails/BhajanThumbnails/Default/Default.webp,Default
MahaShivratri,Strotam,शिव पंचाक्षर स्तोत्र,https://ddappcdn.techxr.co/ShubhDarshan/Thumbnails/BhajanThumbnails/Default/Default.webp,Default
MahaShivratri,Strotam,बिल्वाष्टकम,https://ddappcdn.techxr.co/ShubhDarshan/Thumbnails/BhajanThumbnails/Default/Default.webp,Default
MahaShivratri,Strotam,शिव महिम्न स्तोत्र,https://ddappcdn.techxr.co/ShubhDarshan/Thumbnails/BhajanThumbnails/Default/Default.webp,Default
MahaShivratri,Strotam,वेदसार शिव स्तोत्र,https://ddappcdn.techxr.co/ShubhDarshan/Thumbnails/BhajanThumbnails/Default/Default.webp,Default
MahaShivratri,Bhajan,मेरा भोला है भंडारी,https://ddappcdn.techxr.co/ShubhDarshan/Thumbnails/BhajanThumbnails/Default/Default.webp,Default
MahaShivratri,Bhajan,शिव कैलाशों के वासी,https://ddappcdn.techxr.co/ShubhDarshan/Thumbnails/BhajanThumbnails/Default/Default.webp,Default
MahaShivratri,Bhajan,मन मेरा मंदिर शिव मेरी पूजा,https://ddappcdn.techxr.co/ShubhDarshan/Thumbnails/BhajanThumbnails/Default/Default.webp,Default
MahaShivratri,Bhajan,सत्यम शिवम सुंदरम,https://ddappcdn.techxr.co/ShubhDarshan/Thumbnails/BhajanThumbnails/Default/Default.webp,Default
MahaShivratri,Bhajan,नगर में जोगी आया,https://ddappcdn.techxr.co/ShubhDarshan/Thumbnails/BhajanThumbnails/Default/Default.webp,Default
MahaShivratri,Bhajan,भोले ओ भोले,https://ddappcdn.techxr.co/ShubhDarshan/Thumbnails/BhajanThumbnails/Default/Default.webp,Default
MahaShivratri,Bhajan,ऐसी सुबह ना आए,https://ddappcdn.techxr.co/ShubhDarshan/Thumbnails/BhajanThumbnails/Default/Default.webp,Default
MahaShivratri,Bhajan,बम लहरी,https://ddappcdn.techxr.co/ShubhDarshan/Thumbnails/BhajanThumbnails/Default/Default.webp,Default
MahaShivratri,Bhajan,शिव जी सत्य है,https://ddappcdn.techxr.co/ShubhDarshan/Thumbnails/BhajanThumbnails/Default/Default.webp,Default
MahaShivratri,Katha,शिव पार्वती विवाह की संपूर्ण कथा,https://ddappcdn.techxr.co/ShubhDarshan/Thumbnails/BhajanThumbnails/Default/Default.webp,Default
GaneshChaturthi,Mantra,Om Vakratundaya Hum,https://ddappcdn.techxr.co/ShubhDarshan/Thumbnails/BhajanThumbnails/Default/Default.webp,Default
GaneshChaturthi,Mantra,सिद्धि विनायक मंत्र,https://ddappcdn.techxr.co/ShubhDarshan/Thumbnails/BhajanThumbnails/Default/Default.webp,Default
GaneshChaturthi,Mantra,Ganesha Shlok,https://ddappcdn.techxr.co/ShubhDarshan/Thumbnails/BhajanThumbnails/Default/Default.webp,Default
GaneshChaturthi,Mantra,ऋद्धि-सिद्धि मंत्र,https://ddappcdn.techxr.co/ShubhDarshan/Thumbnails/BhajanThumbnails/Default/Default.webp,Default
GaneshChaturthi,Mantra,Om Shreem Gam Saubhagya Ganapataye Varvarada Sarvajanma Me Vashamanya Swaha,https://ddappcdn.techxr.co/ShubhDarshan/Thumbnails/BhajanThumbnails/Default/Default.webp,Default
GaneshChaturthi,Mantra,Ganesh Stuti,https://ddappcdn.techxr.co/ShubhDarshan/Thumbnails/BhajanThumbnails/Default/Default.webp,Default
GaneshChaturthi,Strotam,Ganesh Ashtakam,https://ddappcdn.techxr.co/ShubhDarshan/Thumbnails/BhajanThumbnails/Default/Default.webp,Default
GaneshChaturthi,Strotam,ऋणमोचन गणेश स्तोत्र,https://ddappcdn.techxr.co/ShubhDarshan/Thumbnails/BhajanThumbnails/Default/Default.webp,Default
GaneshChaturthi,Strotam,गणपति गकार स्तोत्र,https://ddappcdn.techxr.co/ShubhDarshan/Thumbnails/BhajanThumbnails/Default/Default.webp,Default
GaneshChaturthi,Strotam,लम्बोदर स्तोत्र,https://ddappcdn.techxr.co/ShubhDarshan/Thumbnails/BhajanThumbnails/Default/Default.webp,Default
GaneshChaturthi,Strotam,गणेश द्वादशनाम स्तोत्र,https://ddappcdn.techxr.co/ShubhDarshan/Thumbnails/BhajanThumbnails/Default/Default.webp,Default
GaneshChaturthi,Bhajan,देवा श्री गणेशा,https://ddappcdn.techxr.co/ShubhDarshan/Thumbnails/BhajanThumbnails/Default/Default.webp,Default
GaneshChaturthi,Bhajan,Ganpati Apne Gaon Chale,https://ddappcdn.techxr.co/ShubhDarshan/Thumbnails/BhajanThumbnails/Default/Default.webp,Default
GaneshChaturthi,Bhajan,Gajanana Shri Ganaraya,https://ddappcdn.techxr.co/ShubhDarshan/Thumbnails/BhajanThumbnails/Default/Default.webp,Default
GaneshChaturthi,Bhajan,ओ माय फ्रेंड गणेशा,https://ddappcdn.techxr.co/ShubhDarshan/Thumbnails/BhajanThumbnails/Default/Default.webp,Default
GaneshChaturthi,Bhajan,Maurya Re Bappa Maurya Re,https://ddappcdn.techxr.co/ShubhDarshan/Thumbnails/BhajanThumbnails/Default/Default.webp,Default
GaneshChaturthi,Bhajan,Ganesha Shlok,https://ddappcdn.techxr.co/ShubhDarshan/Thumbnails/BhajanThumbnails/Default/Default.webp,Default
GaneshChaturthi,Bhajan,देवा हो देवा गणपति देवा,https://ddappcdn.techxr.co/ShubhDarshan/Thumbnails/BhajanThumbnails/Default/Default.webp,Default
GaneshChaturthi,Bhajan,Mere Man Mandir Mein Tum Bhagwan Rahe,https://ddappcdn.techxr.co/ShubhDarshan/Thumbnails/BhajanThumbnails/Default/Default.webp,Default
RamNavami,Mantra,राम गायत्री मंत्र,https://ddappcdn.techxr.co/ShubhDarshan/Thumbnails/BhajanThumbnails/Default/Default.webp,Default
RamNavami,Mantra,भय नाशक मंत्र,https://ddappcdn.techxr.co/ShubhDarshan/Thumbnails/BhajanThumbnails/Default/Default.webp,Default
RamNavami,Mantra,हनुमत-राम मंत्र,https://ddappcdn.techxr.co/ShubhDarshan/Thumbnails/BhajanThumbnails/Default/Default.webp,Default
RamNavami,Strotam,Shri Ramchandra Kripalu,https://ddappcdn.techxr.co/ShubhDarshan/Thumbnails/BhajanThumbnails/Default/Default.webp,Default
RamNavami,Strotam,Shri Ramchandra Kripalu,https://ddappcdn.techxr.co/ShubhDarshan/Thumbnails/BhajanThumbnails/Default/Default.webp,Default
RamNavami,Bhajan,मंगल भवन अमंगल हारी,https://ddappcdn.techxr.co/ShubhDarshan/Thumbnails/BhajanThumbnails/Default/Default.webp,Default
RamNavami,Bhajan,भए प्रगट कृपाला दीनदयाला,https://ddappcdn.techxr.co/ShubhDarshan/Thumbnails/BhajanThumbnails/Default/Default.webp,Default
RamNavami,Bhajan,सजा दो घर को गुलशन सा,https://ddappcdn.techxr.co/ShubhDarshan/Thumbnails/BhajanThumbnails/Default/Default.webp,Default
RamNavami,Bhajan,हम कथा सुनाते राम सकल,https://ddappcdn.techxr.co/ShubhDarshan/Thumbnails/BhajanThumbnails/Default/Default.webp,Default
RamNavami,Bhajan,सुख के सब साथी दुःख में ना कोई,https://ddappcdn.techxr.co/ShubhDarshan/Thumbnails/BhajanThumbnails/Default/Default.webp,Default
RamNavami,Bhajan,ओ माँ मेरी झोपड़ी के भाग,https://ddappcdn.techxr.co/ShubhDarshan/Thumbnails/BhajanThumbnails/Default/Default.webp,Default
HanumanJayanti,Mantra,Hanuman Mantra,https://ddappcdn.techxr.co/ShubhDarshan/Thumbnails/BhajanThumbnails/Default/Default.webp,Default
HanumanJayanti,Mantra,सिद्धि मंत्र,https://ddappcdn.techxr.co/ShubhDarshan/Thumbnails/BhajanThumbnails/Default/Default.webp,Default
HanumanJayanti,Mantra,सुरक्षा मंत्र,https://ddappcdn.techxr.co/ShubhDarshan/Thumbnails/BhajanThumbnails/Default/Default.webp,Default
HanumanJayanti,Mantra,राम-दूत मंत्र,https://ddappcdn.techxr.co/ShubhDarshan/Thumbnails/BhajanThumbnails/Default/Default.webp,Default
HanumanJayanti,Mantra,Hanuman Buddhi Stuti,https://ddappcdn.techxr.co/ShubhDarshan/Thumbnails/BhajanThumbnails/Default/Default.webp,Default
HanumanJayanti,Strotam,Bajrang Baan,https://ddappcdn.techxr.co/ShubhDarshan/Thumbnails/BhajanThumbnails/Default/Default.webp,Default
HanumanJayanti,Strotam,सुंदरकांड,https://ddappcdn.techxr.co/ShubhDarshan/Thumbnails/BhajanThumbnails/Default/Default.webp,Default
HanumanJayanti,Strotam,हनुमान बाहुक,https://ddappcdn.techxr.co/ShubhDarshan/Thumbnails/BhajanThumbnails/Default/Default.webp,Default
HanumanJayanti,Strotam,श्री हनुमत् स्तवन,https://ddappcdn.techxr.co/ShubhDarshan/Thumbnails/BhajanThumbnails/Default/Default.webp,Default
HanumanJayanti,Strotam,मारुति स्तोत्र,https://ddappcdn.techxr.co/ShubhDarshan/Thumbnails/BhajanThumbnails/Default/Default.webp,Default
HanumanJayanti,Strotam,एकमुखी हनुमत् कवच,https://ddappcdn.techxr.co/ShubhDarshan/Thumbnails/BhajanThumbnails/Default/Default.webp,Default
HanumanJayanti,Strotam,पंचमुखी हनुमान कवच,https://ddappcdn.techxr.co/ShubhDarshan/Thumbnails/BhajanThumbnails/Default/Default.webp,Default
HanumanJayanti,Strotam,हनुमान साठिका,https://ddappcdn.techxr.co/ShubhDarshan/Thumbnails/BhajanThumbnails/Default/Default.webp,Default
HanumanJayanti,Bhajan,बालाजी अच्छा लागे से,https://ddappcdn.techxr.co/ShubhDarshan/Thumbnails/BhajanThumbnails/Default/Default.webp,Default
HanumanJayanti,Bhajan,हनुमान जब चले,https://ddappcdn.techxr.co/ShubhDarshan/Thumbnails/BhajanThumbnails/Default/Default.webp,Default
HanumanJayanti,Bhajan,राम जी का नाम लेकर,https://ddappcdn.techxr.co/ShubhDarshan/Thumbnails/BhajanThumbnails/Default/Default.webp,Default
HanumanJayanti,Katha,हनुमान जयंती कथा,https://ddappcdn.techxr.co/ShubhDarshan/Thumbnails/BhajanThumbnails/Default/Default.webp,Default
